-- Adminer 5.1.0 PostgreSQL 17.0 dump

\connect "fma";

DROP TABLE IF EXISTS "Permissions";
DROP SEQUENCE IF EXISTS "Permissions_id_seq";
CREATE SEQUENCE "Permissions_id_seq" INCREMENT 1 MINVALUE 1 MAXVALUE 2147483647 CACHE 1;

CREATE TABLE "public"."Permissions" (
    "id" integer DEFAULT nextval('"Permissions_id_seq"') NOT NULL,
    "permission" character varying(45) NOT NULL,
    "description" character varying(200),
    CONSTRAINT "PK_e83fa8a46bd5a3bfaa095d40812" PRIMARY KEY ("id")
) WITH (oids = false);

TRUNCATE "Permissions";
INSERT INTO "Permissions" ("id", "permission", "description") VALUES
(1,	'create:appointments',	NULL),
(2,	'update:appointments',	NULL),
(3,	'read:appointments',	NULL),
(4,	'delete:appointments',	NULL),
(5,	'create:categories',	NULL),
(6,	'read:categories',	NULL),
(7,	'update:categories',	NULL),
(8,	'delete:categories',	NULL),
(9,	'read:packages',	NULL),
(10,	'create:packages',	NULL),
(11,	'update:packages',	NULL),
(12,	'delete:packages',	NULL),
(13,	'read:roles',	NULL),
(14,	'create:roles',	NULL),
(15,	'update:roles',	NULL),
(16,	'delete:roles',	NULL),
(17,	'read:services',	NULL),
(18,	'create:services',	NULL),
(19,	'update:services',	NULL),
(20,	'delete:services',	NULL),
(21,	'read:users',	NULL),
(22,	'create:users',	NULL),
(23,	'update:users',	NULL),
(24,	'delete:users',	NULL),
(25,	'create:mercadopago',	NULL),
(26,	'see:dashboard',	NULL),
(27,	'read:mydate',	NULL),
(28,	'see:catalog',	NULL),
(29,	'read:availableappointments',	NULL),
(30,	'read:mydate-calendar',	NULL),
(31,	'read:mycalendar',	NULL),
(32,	'see:parameters',	NULL),
(33,	'update:completedappointments',	NULL),
(34,	'cancel:payment',	NULL),
(35,	'read:todayappointment',	NULL),
(36,	'read:payment',	NULL),
(37,	'read:preference',	NULL),
(38,	'read:statistics',	NULL),
(39,	'read:roles',	NULL),
(40,	'create:roles',	NULL),
(41,	'update:roles',	NULL),
(42,	'delete:roles',	NULL),
(43,	'read:workstation',	NULL),
(44,	'create:workstation',	NULL),
(45,	'update:workstation',	NULL),
(46,	'delete:workstation',	NULL),
(47,	'read:system-config',	NULL),
(48,	'update:system-config',	NULL),
(49,	'read:permissions',	NULL),
(50,	'save:payment',	NULL),
(51,	'get:payment-url',	NULL),
(52,	'get:all-payments',	NULL),
(53,	'read:audits',	NULL),
(54,	'see:appointments',	NULL);

DROP TABLE IF EXISTS "appointments";
DROP SEQUENCE IF EXISTS appointments_id_seq;
CREATE SEQUENCE appointments_id_seq INCREMENT 1 MINVALUE 1 MAXVALUE 2147483647 CACHE 1;

CREATE TABLE "public"."appointments" (
    "id" integer DEFAULT nextval('appointments_id_seq') NOT NULL,
    "datetimeStart" timestamp,
    "datetimeEnd" timestamp,
    "state" appointments_state_enum DEFAULT 'ACTIVO' NOT NULL,
    "discountType" appointments_discounttype_enum DEFAULT 'NINGUNO' NOT NULL,
    "total" double precision DEFAULT '0',
    "discount" double precision DEFAULT '0',
    "pending" double precision DEFAULT '0',
    "advance" boolean DEFAULT true NOT NULL,
    "created_at" timestamp DEFAULT now(),
    "updated_at" timestamp DEFAULT now(),
    "deleted_at" timestamp,
    "clientId" integer NOT NULL,
    "packageId" integer NOT NULL,
    CONSTRAINT "PK_4a437a9a27e948726b8bb3e36ad" PRIMARY KEY ("id")
) WITH (oids = false);

TRUNCATE "appointments";
INSERT INTO "appointments" ("id", "datetimeStart", "datetimeEnd", "state", "discountType", "total", "discount", "pending", "advance", "created_at", "updated_at", "deleted_at", "clientId", "packageId") VALUES
(414,	'2025-02-20 18:30:00',	'2025-02-20 19:50:00',	'CANCELADO',	'NINGUNO',	120,	0,	0,	'1',	'2025-02-13 17:32:43.374549',	'2025-02-26 16:11:04.514258',	NULL,	18,	2),
(364,	'2025-02-06 14:30:00',	'2025-02-06 15:50:00',	'COMPLETADO',	'NINGUNO',	120,	0,	0,	'1',	'2025-02-05 19:00:11.56151',	'2025-02-05 19:00:11.591658',	NULL,	18,	2),
(415,	'2025-02-20 19:00:00',	'2025-02-20 20:00:00',	'CANCELADO',	'NINGUNO',	80,	0,	0,	'1',	'2025-02-13 17:36:58.04132',	'2025-02-24 16:05:44.26237',	NULL,	18,	3),
(383,	'2025-02-28 19:00:00',	'2025-02-28 20:00:00',	'CANCELADO',	'NINGUNO',	200,	0,	0,	'1',	'2025-02-12 12:34:31.325326',	'2025-02-20 16:58:17.931323',	NULL,	18,	7),
(360,	'2025-02-04 18:00:00',	'2025-02-04 18:50:00',	'CANCELADO',	'NINGUNO',	70,	0,	70,	'1',	'2025-02-04 17:19:47.504861',	'2025-02-26 16:27:00.112313',	NULL,	18,	5),
(290,	'2024-12-10 12:00:00',	'2024-12-10 12:50:00',	'COMPLETADO',	'NINGUNO',	100,	0,	100,	'1',	'2025-02-03 14:02:43.705457',	'2025-02-03 14:02:43.705457',	NULL,	4,	6),
(354,	'2025-02-04 16:00:00',	'2025-02-04 16:50:00',	'CANCELADO',	'NINGUNO',	70,	0,	70,	'1',	'2025-02-03 17:35:47.207718',	'2025-02-26 16:19:17.924519',	NULL,	18,	5),
(370,	'2025-02-25 15:00:00',	'2025-02-25 15:30:00',	'CANCELADO',	'NINGUNO',	80,	0,	0,	'1',	'2025-02-06 10:39:27.367904',	'2025-02-24 16:04:47.407198',	NULL,	18,	18),
(357,	'2025-02-04 17:00:00',	'2025-02-04 17:50:00',	'CANCELADO',	'NINGUNO',	95,	0,	95,	'1',	'2025-02-04 16:52:10.489115',	'2025-02-26 16:25:29.149617',	NULL,	18,	1),
(358,	'2025-02-04 17:00:00',	'2025-02-04 17:50:00',	'CANCELADO',	'NINGUNO',	95,	0,	95,	'1',	'2025-02-04 16:55:17.403807',	'2025-02-26 16:25:46.861935',	NULL,	18,	1),
(355,	'2025-02-04 17:00:00',	'2025-02-04 17:50:00',	'CANCELADO',	'NINGUNO',	70,	0,	0,	'1',	'2025-02-03 18:09:03.918324',	'2025-02-26 16:26:22.212054',	NULL,	18,	5),
(359,	'2025-02-04 18:00:00',	'2025-02-04 18:50:00',	'CANCELADO',	'NINGUNO',	95,	0,	95,	'1',	'2025-02-04 17:18:28.029181',	'2025-02-26 16:36:06.363774',	NULL,	18,	1),
(362,	'2025-02-05 09:00:00',	'2025-02-05 10:20:00',	'CANCELADO',	'NINGUNO',	120,	0,	120,	'1',	'2025-02-04 17:29:14.841632',	'2025-02-26 16:37:08.042095',	NULL,	18,	2),
(363,	'2025-02-05 11:00:00',	'2025-02-05 11:50:00',	'CANCELADO',	'NINGUNO',	70,	0,	0,	'1',	'2025-02-04 19:27:57.191328',	'2025-02-27 19:34:23.210536',	NULL,	18,	5),
(471,	'2025-02-28 14:00:00',	'2025-02-28 14:50:00',	'CANCELADO',	'NINGUNO',	95,	0,	95,	'1',	'2025-02-20 17:33:48.077107',	'2025-02-20 17:34:06.496709',	NULL,	18,	1),
(472,	'2025-02-28 14:00:00',	'2025-02-28 14:50:00',	'CANCELADO',	'NINGUNO',	95,	0,	95,	'1',	'2025-02-20 18:07:25.19863',	'2025-02-20 18:08:00.300374',	NULL,	18,	1),
(473,	'2025-02-28 13:00:00',	'2025-02-28 14:20:00',	'CANCELADO',	'NINGUNO',	120,	0,	120,	'1',	'2025-02-20 18:12:35.24691',	'2025-02-20 18:13:05.334518',	NULL,	18,	2),
(475,	'2025-03-01 00:00:00',	'2025-03-01 01:20:00',	'CANCELADO',	'NINGUNO',	120,	0,	120,	'1',	'2025-02-20 18:24:58.863791',	'2025-02-20 18:26:42.1125',	NULL,	18,	2),
(465,	'2025-02-28 18:00:00',	'2025-02-28 18:50:00',	'CANCELADO',	'NINGUNO',	95,	0,	95,	'1',	'2025-02-20 16:48:09.203369',	'2025-02-20 16:49:13.236528',	NULL,	18,	1),
(466,	'2025-02-28 15:00:00',	'2025-02-28 15:50:00',	'CANCELADO',	'NINGUNO',	95,	0,	95,	'1',	'2025-02-20 17:00:12.330676',	'2025-02-20 17:00:53.68213',	NULL,	18,	1),
(467,	'2025-02-28 16:00:00',	'2025-02-28 16:50:00',	'CANCELADO',	'NINGUNO',	95,	0,	95,	'1',	'2025-02-20 17:02:21.970549',	'2025-02-20 17:02:40.865727',	NULL,	18,	1),
(476,	'2025-02-28 11:00:00',	'2025-02-28 12:00:00',	'CANCELADO',	'NINGUNO',	80,	0,	80,	'1',	'2025-02-20 18:38:19.107661',	'2025-02-20 18:38:52.97475',	NULL,	18,	3),
(468,	'2025-02-28 16:00:00',	'2025-02-28 16:50:00',	'CANCELADO',	'NINGUNO',	95,	0,	95,	'1',	'2025-02-20 17:11:35.052671',	'2025-02-20 17:12:08.399606',	NULL,	18,	1),
(469,	'2025-02-28 16:00:00',	'2025-02-28 16:50:00',	'CANCELADO',	'NINGUNO',	95,	0,	95,	'1',	'2025-02-20 17:26:45.159796',	'2025-02-20 17:27:18.386757',	NULL,	18,	1),
(470,	'2025-02-28 15:00:00',	'2025-02-28 15:50:00',	'CANCELADO',	'NINGUNO',	95,	0,	95,	'1',	'2025-02-20 17:30:05.492788',	'2025-02-20 17:31:05.543391',	NULL,	18,	1),
(477,	'2025-02-28 11:00:00',	'2025-02-28 12:00:00',	'CANCELADO',	'NINGUNO',	80,	0,	80,	'1',	'2025-02-20 18:55:06.57607',	'2025-02-20 18:55:33.198394',	NULL,	18,	3),
(478,	'2025-02-28 11:00:00',	'2025-02-28 11:50:00',	'CANCELADO',	'NINGUNO',	95,	0,	95,	'1',	'2025-02-21 11:17:58.377645',	'2025-02-21 11:18:35.285564',	NULL,	18,	1),
(479,	'2025-02-28 14:00:00',	'2025-02-28 14:50:00',	'CANCELADO',	'NINGUNO',	95,	0,	95,	'1',	'2025-02-21 11:36:45.383613',	'2025-02-21 11:39:20.417134',	NULL,	18,	1),
(480,	'2025-02-28 09:00:00',	'2025-02-28 10:00:00',	'CANCELADO',	'NINGUNO',	80,	0,	80,	'1',	'2025-02-21 11:38:18.368887',	'2025-02-21 11:43:09.646217',	NULL,	18,	3),
(481,	'2025-02-28 09:00:00',	'2025-02-28 10:00:00',	'CANCELADO',	'NINGUNO',	80,	0,	80,	'1',	'2025-02-21 11:42:28.485266',	'2025-02-22 12:23:56.884494',	NULL,	18,	3),
(482,	'2025-02-28 18:00:00',	'2025-02-28 18:50:00',	'CANCELADO',	'NINGUNO',	95,	0,	95,	'1',	'2025-02-22 16:31:52.710058',	'2025-02-22 16:33:27.384395',	NULL,	18,	1),
(397,	'2025-02-28 19:00:00',	'2025-02-28 20:00:00',	'CANCELADO',	'NINGUNO',	80,	0,	0,	'1',	'2025-02-13 12:58:55.991817',	'2025-02-26 16:06:02.917149',	NULL,	18,	3),
(474,	'2025-03-01 00:30:00',	'2025-03-01 01:50:00',	'CANCELADO',	'NINGUNO',	120,	0,	120,	'1',	'2025-02-20 18:23:01.468138',	'2025-02-26 16:07:05.762522',	NULL,	18,	2),
(356,	'2025-02-04 17:00:00',	'2025-02-04 17:50:00',	'CANCELADO',	'NINGUNO',	95,	0,	95,	'1',	'2025-02-04 16:49:50.19159',	'2025-02-26 16:32:59.736922',	NULL,	18,	1),
(448,	'2025-02-17 06:30:00',	'2025-02-17 07:20:00',	'COMPLETADO',	'TOTAL',	70,	7,	0,	'1',	'2025-02-17 18:03:11.697421',	'2025-02-17 18:06:35.417082',	NULL,	18,	5),
(452,	'2025-02-17 06:30:00',	'2025-02-17 07:30:00',	'COMPLETADO',	'TOTAL',	80,	8,	72,	'1',	'2025-02-17 18:10:09.670215',	'2025-02-17 18:10:09.697133',	NULL,	18,	3),
(453,	'2025-02-18 08:00:00',	'2025-02-18 09:00:00',	'COMPLETADO',	'TOTAL',	80,	8,	0,	'1',	'2025-02-17 20:48:13.801396',	'2025-02-17 20:48:30.998323',	NULL,	18,	3),
(522,	'2025-04-01 17:00:00',	'2025-04-01 17:50:00',	'CANCELADO',	'NINGUNO',	100,	0,	0,	'1',	'2025-03-24 16:00:06.374283',	'2025-05-26 18:33:43.963176',	NULL,	18,	6),
(524,	'2025-03-24 19:00:00',	'2025-03-24 19:50:00',	'INACTIVO',	'TOTAL',	95,	9.5,	0,	'1',	'2025-03-24 18:57:24.796477',	'2025-07-27 11:30:11.925191',	NULL,	18,	1),
(523,	'2025-04-01 17:00:00',	'2025-04-01 18:00:00',	'CANCELADO',	'NINGUNO',	200,	0,	0,	'1',	'2025-03-24 16:00:37.883257',	'2025-07-27 11:30:13.924816',	NULL,	18,	7),
(521,	'2025-03-27 13:00:00',	'2025-03-27 13:50:00',	'CANCELADO',	'NINGUNO',	95,	0,	0,	'1',	'2025-03-24 07:50:24.686049',	'2025-07-27 11:30:22.072159',	NULL,	18,	1),
(520,	'2025-03-27 13:00:00',	'2025-03-27 13:50:00',	'CANCELADO',	'NINGUNO',	95,	0,	0,	'1',	'2025-03-24 07:50:03.421162',	'2025-07-27 11:30:24.230677',	NULL,	18,	1),
(510,	'2025-04-03 15:00:00',	'2025-04-03 16:00:00',	'CANCELADO',	'NINGUNO',	80,	0,	0,	'1',	'2025-03-06 11:34:12.760358',	'2025-07-27 11:33:02.997468',	NULL,	18,	3),
(509,	'2025-03-27 13:00:00',	'2025-03-27 13:50:00',	'CANCELADO',	'NINGUNO',	95,	0,	0,	'1',	'2025-03-06 11:33:04.655883',	'2025-07-27 11:33:04.812474',	NULL,	18,	1),
(504,	'2025-03-03 14:00:00',	'2025-03-03 15:00:00',	'CANCELADO',	'PARCIAL',	80,	4,	0,	'1',	'2025-03-03 12:47:38.708515',	'2025-07-27 11:33:13.671409',	NULL,	18,	3),
(501,	'2025-02-26 16:30:00',	'2025-02-26 17:20:00',	'CANCELADO',	'TOTAL',	95,	9.5,	0,	'1',	'2025-02-26 16:28:20.942947',	'2025-07-27 12:42:24.343987',	NULL,	18,	1),
(496,	'2025-02-28 19:00:00',	'2025-02-28 19:50:00',	'CANCELADO',	'NINGUNO',	70,	0,	0,	'1',	'2025-02-24 14:45:56.443848',	'2025-07-27 12:42:26.40905',	NULL,	18,	5),
(495,	'2025-02-28 18:00:00',	'2025-02-28 18:50:00',	'CANCELADO',	'NINGUNO',	95,	0,	0,	'1',	'2025-02-24 14:40:02.409246',	'2025-07-27 12:42:30.104256',	NULL,	18,	1),
(494,	'2025-02-28 18:00:00',	'2025-02-28 19:00:00',	'CANCELADO',	'NINGUNO',	80,	0,	0,	'1',	'2025-02-24 14:38:06.877172',	'2025-07-27 12:42:33.119891',	NULL,	18,	3),
(493,	'2025-02-28 18:00:00',	'2025-02-28 19:00:00',	'CANCELADO',	'NINGUNO',	80,	0,	0,	'1',	'2025-02-24 14:33:29.056862',	'2025-07-27 12:42:35.73547',	NULL,	18,	3),
(492,	'2025-02-28 18:00:00',	'2025-02-28 19:00:00',	'CANCELADO',	'NINGUNO',	80,	0,	0,	'1',	'2025-02-24 14:31:36.259045',	'2025-07-27 12:42:38.227501',	NULL,	18,	3),
(491,	'2025-02-28 18:00:00',	'2025-02-28 19:00:00',	'CANCELADO',	'NINGUNO',	80,	0,	0,	'1',	'2025-02-24 14:27:32.120155',	'2025-07-27 12:42:40.707573',	NULL,	18,	3),
(490,	'2025-02-28 18:00:00',	'2025-02-28 18:50:00',	'CANCELADO',	'NINGUNO',	95,	0,	0,	'1',	'2025-02-24 14:20:51.965269',	'2025-07-27 12:42:42.971026',	NULL,	18,	1),
(489,	'2025-02-28 18:00:00',	'2025-02-28 19:00:00',	'CANCELADO',	'NINGUNO',	80,	0,	0,	'1',	'2025-02-24 14:18:09.28978',	'2025-07-27 12:42:45.0778',	NULL,	18,	3),
(488,	'2025-02-28 18:00:00',	'2025-02-28 18:50:00',	'CANCELADO',	'NINGUNO',	95,	0,	0,	'1',	'2025-02-24 14:14:05.722966',	'2025-07-27 12:42:47.222629',	NULL,	18,	1),
(485,	'2025-02-28 18:00:00',	'2025-02-28 18:50:00',	'CANCELADO',	'NINGUNO',	95,	0,	0,	'1',	'2025-02-22 21:05:35.766008',	'2025-07-27 12:42:53.036318',	NULL,	18,	1),
(484,	'2025-02-28 15:30:00',	'2025-02-28 16:30:00',	'CANCELADO',	'NINGUNO',	80,	0,	0,	'1',	'2025-02-22 16:32:27.852345',	'2025-07-27 12:42:55.132447',	NULL,	18,	3),
(483,	'2025-02-28 16:00:00',	'2025-02-28 17:20:00',	'CANCELADO',	'NINGUNO',	120,	0,	0,	'1',	'2025-02-22 16:32:12.870011',	'2025-07-27 12:42:57.403577',	NULL,	18,	2),
(519,	'2025-04-03 15:00:00',	'2025-04-03 16:20:00',	'COMPLETADO',	'NINGUNO',	120,	0,	0,	'1',	'2025-03-24 07:47:42.141957',	'2025-03-24 07:49:04.691994',	NULL,	18,	2),
(505,	'2025-03-25 15:00:00',	'2025-03-25 15:50:00',	'COMPLETADO',	'NINGUNO',	70,	0,	0,	'1',	'2025-03-03 12:53:53.724847',	'2025-03-09 22:27:23.047401',	NULL,	18,	5),
(454,	'2025-02-18 08:00:00',	'2025-02-18 09:20:00',	'COMPLETADO',	'TOTAL',	120,	12,	0,	'1',	'2025-02-17 20:50:11.568748',	'2025-02-17 20:50:32.028254',	NULL,	18,	2),
(511,	'2025-03-10 08:00:00',	'2025-03-10 09:20:00',	'COMPLETADO',	'TOTAL',	120,	12,	0,	'1',	'2025-03-09 15:50:54.749655',	'2025-03-09 15:51:34.571642',	NULL,	18,	2),
(513,	'2025-03-10 08:00:00',	'2025-03-10 08:50:00',	'COMPLETADO',	'TOTAL',	95,	9.5,	0,	'1',	'2025-03-09 22:25:44.396146',	'2025-03-09 22:26:06.240957',	NULL,	18,	1),
(365,	'2025-02-06 15:00:00',	'2025-02-06 16:00:00',	'COMPLETADO',	'NINGUNO',	80,	0,	0,	'1',	'2025-02-06 10:00:01.017173',	'2025-02-06 10:00:01.065721',	NULL,	18,	3),
(367,	'2025-02-18 19:00:00',	'2025-02-18 19:50:00',	'COMPLETADO',	'NINGUNO',	70,	0,	0,	'1',	'2025-02-06 10:08:59.938458',	'2025-02-06 10:08:59.961063',	NULL,	18,	5),
(369,	'2025-02-17 15:00:00',	'2025-02-17 15:50:00',	'COMPLETADO',	'NINGUNO',	100,	0,	0,	'1',	'2025-02-06 10:37:41.475385',	'2025-02-06 10:37:41.503418',	NULL,	18,	6),
(371,	'2025-02-26 15:00:00',	'2025-02-26 15:50:00',	'COMPLETADO',	'NINGUNO',	70,	0,	0,	'1',	'2025-02-06 10:48:37.587309',	'2025-02-06 10:48:37.614818',	NULL,	18,	5),
(372,	'2025-02-19 17:00:00',	'2025-02-19 18:00:00',	'COMPLETADO',	'NINGUNO',	80,	0,	0,	'1',	'2025-02-07 16:26:10.267473',	'2025-02-07 16:26:10.306159',	NULL,	18,	3),
(443,	'2025-02-20 08:00:00',	'2025-02-20 08:50:00',	'COMPLETADO',	'NINGUNO',	95,	9.5,	85.5,	'1',	'2025-02-17 17:47:23.549232',	'2025-02-17 17:47:23.588113',	NULL,	17,	1),
(375,	'2025-02-18 13:00:00',	'2025-02-18 14:20:00',	'COMPLETADO',	'NINGUNO',	120,	0,	0,	'1',	'2025-02-11 17:09:17.526461',	'2025-02-11 17:09:17.56994',	NULL,	18,	2),
(377,	'2025-02-20 00:30:00',	'2025-02-20 01:20:00',	'COMPLETADO',	'NINGUNO',	70,	0,	0,	'1',	'2025-02-11 17:31:06.322569',	'2025-02-11 17:31:06.363041',	NULL,	18,	4),
(379,	'2025-02-27 18:00:00',	'2025-02-27 18:50:00',	'COMPLETADO',	'NINGUNO',	70,	0,	0,	'1',	'2025-02-12 12:16:16.905875',	'2025-02-12 12:16:16.947829',	NULL,	18,	5),
(381,	'2025-02-18 17:00:00',	'2025-02-18 17:50:00',	'COMPLETADO',	'NINGUNO',	100,	0,	0,	'1',	'2025-02-12 12:28:47.983594',	'2025-02-12 12:28:48.032581',	NULL,	18,	6),
(398,	'2025-02-28 18:00:00',	'2025-02-28 19:00:00',	'COMPLETADO',	'NINGUNO',	80,	0,	0,	'1',	'2025-02-13 13:02:10.537913',	'2025-02-24 14:44:56.646568',	NULL,	18,	3),
(403,	'2025-02-28 16:00:00',	'2025-02-28 16:50:00',	'COMPLETADO',	'NINGUNO',	70,	0,	0,	'1',	'2025-02-13 13:29:30.470797',	'2025-02-22 20:02:11.549557',	NULL,	18,	4),
(389,	'2025-02-28 15:00:00',	'2025-02-28 15:50:00',	'COMPLETADO',	'NINGUNO',	70,	0,	0,	'1',	'2025-02-12 16:33:18.364299',	'2025-02-12 16:33:18.398054',	NULL,	18,	5),
(416,	'2025-02-17 17:00:00',	'2025-02-17 18:00:00',	'COMPLETADO',	'NINGUNO',	80,	0,	0,	'1',	'2025-02-13 17:40:12.975551',	'2025-02-13 17:40:12.992658',	NULL,	18,	3),
(424,	'2025-02-24 13:00:00',	'2025-02-24 13:50:00',	'COMPLETADO',	'NINGUNO',	70,	0,	0,	'1',	'2025-02-13 18:29:40.37224',	'2025-02-13 18:29:40.394672',	NULL,	18,	4),
(396,	'2025-02-28 10:00:00',	'2025-02-28 10:50:00',	'COMPLETADO',	'NINGUNO',	70,	0,	0,	'1',	'2025-02-12 18:10:41.474543',	'2025-02-12 18:11:06.18765',	NULL,	18,	5),
(411,	'2025-02-25 18:30:00',	'2025-02-25 19:50:00',	'COMPLETADO',	'NINGUNO',	120,	0,	0,	'1',	'2025-02-13 17:04:31.387654',	'2025-02-13 17:49:16.722812',	NULL,	18,	2),
(404,	'2025-02-28 17:30:00',	'2025-02-28 18:50:00',	'COMPLETADO',	'NINGUNO',	120,	0,	0,	'1',	'2025-02-13 13:42:04.50606',	'2025-02-13 13:42:04.531',	NULL,	18,	2),
(395,	'2025-02-28 09:00:00',	'2025-02-28 09:50:00',	'COMPLETADO',	'NINGUNO',	70,	0,	0,	'1',	'2025-02-12 17:37:07.631044',	'2025-02-12 17:37:07.650959',	NULL,	18,	5),
(394,	'2025-02-28 11:30:00',	'2025-02-28 12:20:00',	'COMPLETADO',	'NINGUNO',	70,	0,	0,	'1',	'2025-02-12 17:19:55.951375',	'2025-02-12 17:19:55.979675',	NULL,	18,	5),
(402,	'2025-02-28 17:30:00',	'2025-02-28 18:50:00',	'COMPLETADO',	'NINGUNO',	120,	0,	0,	'1',	'2025-02-13 13:24:18.074718',	'2025-02-13 13:24:43.656576',	NULL,	18,	2),
(417,	'2025-02-17 18:30:00',	'2025-02-17 19:50:00',	'COMPLETADO',	'NINGUNO',	120,	0,	0,	'1',	'2025-02-13 17:49:58.120272',	'2025-02-13 17:49:58.140809',	NULL,	18,	2),
(401,	'2025-02-28 08:00:00',	'2025-02-28 08:50:00',	'COMPLETADO',	'NINGUNO',	70,	0,	0,	'1',	'2025-02-13 13:09:46.205268',	'2025-02-13 13:26:13.972203',	NULL,	18,	5),
(391,	'2025-03-01 00:00:00',	'2025-03-01 00:50:00',	'COMPLETADO',	'NINGUNO',	70,	0,	0,	'1',	'2025-02-12 17:15:22.139425',	'2025-02-13 13:58:56.503609',	NULL,	18,	5),
(385,	'2025-02-28 19:30:00',	'2025-02-28 20:00:00',	'COMPLETADO',	'NINGUNO',	80,	0,	0,	'1',	'2025-02-12 12:46:56.374885',	'2025-02-13 13:28:13.565009',	NULL,	18,	17),
(373,	'2025-02-28 00:30:00',	'2025-02-28 01:20:00',	'COMPLETADO',	'NINGUNO',	70,	0,	0,	'1',	'2025-02-07 16:31:21.998396',	'2025-02-13 16:11:24.518896',	NULL,	18,	4),
(418,	'2025-02-21 17:00:00',	'2025-02-21 17:30:00',	'COMPLETADO',	'NINGUNO',	80,	0,	0,	'1',	'2025-02-13 18:13:49.745898',	'2025-02-13 18:13:49.763567',	NULL,	18,	16),
(388,	'2025-02-28 16:00:00',	'2025-02-28 16:50:00',	'COMPLETADO',	'NINGUNO',	100,	0,	0,	'1',	'2025-02-12 16:31:44.856761',	'2025-02-12 16:31:44.895',	NULL,	18,	6),
(405,	'2025-02-20 15:00:00',	'2025-02-20 15:50:00',	'COMPLETADO',	'NINGUNO',	95,	0,	0,	'1',	'2025-02-13 16:19:56.895948',	'2025-02-13 16:19:56.930111',	NULL,	18,	1),
(406,	'2025-02-19 19:00:00',	'2025-02-19 20:00:00',	'COMPLETADO',	'NINGUNO',	80,	0,	0,	'1',	'2025-02-13 16:22:28.66676',	'2025-02-13 16:22:28.689749',	NULL,	18,	3),
(286,	'2024-11-20 08:00:00',	'2024-11-20 08:50:00',	'COMPLETADO',	'NINGUNO',	95,	0,	95,	'1',	'2025-02-03 13:59:55.80827',	'2025-02-03 13:59:55.80827',	NULL,	4,	1),
(287,	'2024-11-20 08:00:00',	'2024-11-20 08:50:00',	'COMPLETADO',	'NINGUNO',	70,	0,	70,	'1',	'2025-02-03 14:00:50.22705',	'2025-02-03 14:00:50.22705',	NULL,	4,	5),
(288,	'2024-12-10 08:00:00',	'2024-12-10 08:50:00',	'COMPLETADO',	'NINGUNO',	70,	0,	70,	'1',	'2025-02-03 14:01:51.775579',	'2025-02-03 14:01:51.775579',	NULL,	4,	5),
(419,	'2025-02-19 17:00:00',	'2025-02-19 18:20:00',	'COMPLETADO',	'NINGUNO',	120,	0,	0,	'1',	'2025-02-13 18:15:50.159005',	'2025-02-13 18:15:50.205096',	NULL,	18,	2),
(408,	'2025-02-27 18:30:00',	'2025-02-27 19:50:00',	'COMPLETADO',	'NINGUNO',	120,	0,	0,	'1',	'2025-02-13 16:30:22.578081',	'2025-02-13 16:34:31.896064',	NULL,	18,	2),
(387,	'2025-02-28 17:00:00',	'2025-02-28 17:50:00',	'COMPLETADO',	'NINGUNO',	70,	0,	0,	'1',	'2025-02-12 15:22:32.871354',	'2025-02-13 16:37:01.083449',	NULL,	18,	5),
(420,	'2025-02-27 15:00:00',	'2025-02-27 16:00:00',	'COMPLETADO',	'NINGUNO',	80,	0,	0,	'1',	'2025-02-13 18:16:34.234454',	'2025-02-13 18:16:34.25149',	NULL,	18,	3),
(409,	'2025-02-19 19:00:00',	'2025-02-19 20:00:00',	'COMPLETADO',	'NINGUNO',	200,	0,	0,	'1',	'2025-02-13 16:37:46.790428',	'2025-02-13 16:40:27.4367',	NULL,	18,	7),
(410,	'2025-02-20 19:00:00',	'2025-02-20 20:00:00',	'COMPLETADO',	'NINGUNO',	200,	0,	0,	'1',	'2025-02-13 16:42:41.374734',	'2025-02-13 16:42:41.397534',	NULL,	18,	7),
(421,	'2025-02-18 17:00:00',	'2025-02-18 18:00:00',	'COMPLETADO',	'NINGUNO',	80,	0,	0,	'1',	'2025-02-13 18:17:30.632211',	'2025-02-13 18:17:30.652403',	NULL,	18,	3),
(374,	'2025-02-26 16:00:00',	'2025-02-26 16:50:00',	'COMPLETADO',	'NINGUNO',	100,	0,	0,	'1',	'2025-02-07 16:32:56.365826',	'2025-02-13 16:45:34.892771',	NULL,	18,	6),
(425,	'2025-02-17 17:00:00',	'2025-02-17 18:20:00',	'COMPLETADO',	'NINGUNO',	120,	0,	0,	'1',	'2025-02-13 18:34:00.30822',	'2025-02-13 18:34:00.328562',	NULL,	18,	2),
(412,	'2025-02-18 16:30:00',	'2025-02-18 17:20:00',	'COMPLETADO',	'NINGUNO',	95,	0,	0,	'1',	'2025-02-13 17:09:26.188352',	'2025-02-13 17:09:26.212027',	NULL,	18,	1),
(413,	'2025-02-26 18:30:00',	'2025-02-26 19:50:00',	'COMPLETADO',	'NINGUNO',	120,	0,	0,	'1',	'2025-02-13 17:20:52.519202',	'2025-02-13 17:20:52.539193',	NULL,	18,	2),
(426,	'2025-02-17 15:00:00',	'2025-02-17 15:30:00',	'COMPLETADO',	'NINGUNO',	80,	0,	0,	'1',	'2025-02-13 18:39:36.470093',	'2025-02-13 18:39:36.491534',	NULL,	18,	19),
(422,	'2025-02-27 13:00:00',	'2025-02-27 14:20:00',	'COMPLETADO',	'NINGUNO',	120,	0,	0,	'1',	'2025-02-13 18:18:19.000053',	'2025-02-13 18:18:43.284756',	NULL,	18,	2),
(390,	'2025-02-28 13:30:00',	'2025-02-28 14:20:00',	'COMPLETADO',	'NINGUNO',	70,	0,	0,	'1',	'2025-02-12 17:12:15.73636',	'2025-02-13 18:19:36.79398',	NULL,	18,	5),
(427,	'2025-02-28 15:00:00',	'2025-02-28 16:20:00',	'COMPLETADO',	'NINGUNO',	120,	0,	0,	'1',	'2025-02-13 18:40:44.772291',	'2025-02-13 18:40:44.792212',	NULL,	18,	2),
(407,	'2025-02-26 15:00:00',	'2025-02-26 16:20:00',	'COMPLETADO',	'NINGUNO',	120,	0,	0,	'1',	'2025-02-13 16:28:19.465363',	'2025-02-13 18:24:30.972005',	NULL,	18,	2),
(423,	'2025-02-17 17:00:00',	'2025-02-17 18:00:00',	'COMPLETADO',	'NINGUNO',	80,	0,	0,	'1',	'2025-02-13 18:26:16.917838',	'2025-02-13 18:26:16.948756',	NULL,	18,	3),
(437,	'2025-02-20 14:00:00',	'2025-02-20 14:50:00',	'COMPLETADO',	'NINGUNO',	0,	0,	0,	'1',	'2025-02-17 17:30:39.930745',	'2025-02-17 17:30:39.930745',	NULL,	17,	1),
(433,	'2025-02-28 19:00:00',	'2025-02-28 20:00:00',	'COMPLETADO',	'NINGUNO',	110,	0,	0,	'1',	'2025-02-17 07:05:53.964409',	'2025-02-17 07:15:11.147814',	NULL,	18,	14),
(428,	'2025-02-17 08:00:00',	'2025-02-17 09:20:00',	'COMPLETADO',	'NINGUNO',	120,	0,	0,	'1',	'2025-02-15 18:10:53.391455',	'2025-02-15 18:11:21.391461',	NULL,	18,	2),
(429,	'2025-02-17 08:00:00',	'2025-02-17 08:50:00',	'COMPLETADO',	'NINGUNO',	70,	0,	0,	'1',	'2025-02-15 18:15:02.17313',	'2025-02-15 18:15:02.206008',	NULL,	18,	5),
(438,	'2025-02-20 14:00:00',	'2025-02-20 14:50:00',	'COMPLETADO',	'NINGUNO',	95,	950,	95,	'1',	'2025-02-17 17:31:36.315017',	'2025-02-17 17:31:36.352761',	NULL,	17,	1),
(434,	'2025-02-26 19:30:00',	'2025-02-26 20:00:00',	'COMPLETADO',	'NINGUNO',	90,	0,	90,	'1',	'2025-02-17 07:11:18.500668',	'2025-02-17 07:11:18.555574',	NULL,	18,	13),
(517,	'2025-03-10 17:00:00',	'2025-03-10 17:50:00',	'CANCELADO',	'PARCIAL',	95,	4.75,	0,	'1',	'2025-03-10 14:10:38.939795',	'2025-07-27 11:32:54.045247',	NULL,	18,	1),
(515,	'2025-03-11 15:00:00',	'2025-03-11 15:30:00',	'CANCELADO',	'NINGUNO',	90,	0,	0,	'1',	'2025-03-10 14:09:42.872439',	'2025-07-27 11:32:56.017823',	NULL,	18,	13),
(514,	'2025-03-26 15:00:00',	'2025-03-26 15:50:00',	'CANCELADO',	'NINGUNO',	70,	0,	0,	'1',	'2025-03-09 22:26:39.200351',	'2025-07-27 11:32:58.584849',	NULL,	18,	5),
(512,	'2025-03-10 19:00:00',	'2025-03-10 19:50:00',	'CANCELADO',	'PARCIAL',	95,	4.75,	0,	'1',	'2025-03-09 15:52:06.259822',	'2025-07-27 11:33:01.122049',	NULL,	18,	1),
(516,	'2025-03-10 17:00:00',	'2025-03-10 18:00:00',	'COMPLETADO',	'NINGUNO',	80,	0,	0,	'1',	'2025-03-10 14:10:22.029863',	'2025-05-05 21:57:10.759544',	NULL,	18,	3),
(439,	'2025-02-20 13:00:00',	'2025-02-20 13:50:00',	'COMPLETADO',	'NINGUNO',	95,	950,	95,	'1',	'2025-02-17 17:32:48.553672',	'2025-02-17 17:32:48.579241',	NULL,	17,	1),
(435,	'2025-02-17 03:00:00',	'2025-02-17 03:30:00',	'COMPLETADO',	'NINGUNO',	90,	0,	0,	'1',	'2025-02-17 09:34:49.00899',	'2025-02-17 09:35:10.563891',	NULL,	18,	13),
(436,	'2025-02-20 14:00:00',	'2025-02-20 14:50:00',	'COMPLETADO',	'NINGUNO',	0,	0,	0,	'1',	'2025-02-17 17:24:48.018992',	'2025-02-17 17:24:48.018992',	NULL,	17,	1),
(440,	'2025-02-20 13:00:00',	'2025-02-20 13:50:00',	'COMPLETADO',	'NINGUNO',	95,	950,	95,	'1',	'2025-02-17 17:42:31.512171',	'2025-02-17 17:42:31.550197',	NULL,	17,	1),
(441,	'2025-02-20 13:00:00',	'2025-02-20 13:50:00',	'COMPLETADO',	'NINGUNO',	95,	950,	95,	'1',	'2025-02-17 17:44:19.628108',	'2025-02-17 17:44:19.672668',	NULL,	17,	1),
(442,	'2025-02-20 08:00:00',	'2025-02-20 08:50:00',	'COMPLETADO',	'NINGUNO',	95,	9.5,	95,	'1',	'2025-02-17 17:45:40.368723',	'2025-02-17 17:45:40.401824',	NULL,	17,	1),
(444,	'2025-02-20 07:00:00',	'2025-02-20 07:50:00',	'COMPLETADO',	'TOTAL',	95,	9.5,	85.5,	'1',	'2025-02-17 17:49:36.966309',	'2025-02-17 17:49:36.997078',	NULL,	17,	1),
(445,	'2025-02-20 07:00:00',	'2025-02-20 07:50:00',	'COMPLETADO',	'PARCIAL',	95,	4.75,	90.25,	'1',	'2025-02-17 17:50:06.974763',	'2025-02-17 17:50:07.003217',	NULL,	17,	1),
(446,	'2025-02-20 07:00:00',	'2025-02-20 07:50:00',	'COMPLETADO',	'NINGUNO',	95,	0,	NAN,	'1',	'2025-02-17 17:50:33.597499',	'2025-02-17 17:50:33.624246',	NULL,	17,	1),
(447,	'2025-02-20 11:00:00',	'2025-02-20 11:50:00',	'COMPLETADO',	'NINGUNO',	95,	0,	95,	'1',	'2025-02-17 17:51:34.961792',	'2025-02-17 17:51:34.990439',	NULL,	17,	1),
(292,	'2024-11-04 12:00:00',	'2024-11-04 12:50:00',	'COMPLETADO',	'NINGUNO',	100,	0,	100,	'1',	'2025-02-03 14:08:50.583643',	'2025-02-03 14:08:50.583643',	NULL,	4,	6),
(294,	'2024-11-06 12:00:00',	'2024-11-06 12:50:00',	'COMPLETADO',	'NINGUNO',	100,	0,	100,	'1',	'2025-02-03 14:19:42.948048',	'2025-02-03 14:19:42.948048',	NULL,	17,	6),
(295,	'2024-11-12 12:00:00',	'2024-11-12 12:50:00',	'COMPLETADO',	'NINGUNO',	100,	0,	100,	'1',	'2025-02-03 14:20:24.507285',	'2025-02-03 14:20:24.507285',	NULL,	17,	6),
(296,	'2024-11-12 12:00:00',	'2024-11-12 12:50:00',	'COMPLETADO',	'NINGUNO',	95,	0,	95,	'1',	'2025-02-03 14:20:33.893508',	'2025-02-03 14:20:33.893508',	NULL,	17,	1),
(297,	'2024-11-12 15:00:00',	'2024-11-12 15:50:00',	'COMPLETADO',	'NINGUNO',	95,	0,	95,	'1',	'2025-02-03 14:20:40.008501',	'2025-02-03 14:20:40.008501',	NULL,	17,	1),
(298,	'2024-11-13 15:00:00',	'2024-11-13 15:50:00',	'COMPLETADO',	'NINGUNO',	95,	0,	95,	'1',	'2025-02-03 14:20:49.087832',	'2025-02-03 14:20:49.087832',	NULL,	17,	1),
(299,	'2024-11-13 08:00:00',	'2024-11-13 08:50:00',	'COMPLETADO',	'NINGUNO',	95,	0,	95,	'1',	'2025-02-03 14:20:56.996121',	'2025-02-03 14:20:56.996121',	NULL,	17,	1),
(300,	'2024-11-20 08:00:00',	'2024-11-20 08:50:00',	'COMPLETADO',	'NINGUNO',	95,	0,	95,	'1',	'2025-02-03 14:21:10.181502',	'2025-02-03 14:21:10.181502',	NULL,	17,	1),
(301,	'2024-11-20 12:00:00',	'2024-11-20 13:20:00',	'COMPLETADO',	'NINGUNO',	120,	0,	120,	'1',	'2025-02-03 14:21:28.057874',	'2025-02-03 14:21:28.057874',	NULL,	17,	2),
(302,	'2024-11-28 12:00:00',	'2024-11-28 13:20:00',	'COMPLETADO',	'NINGUNO',	120,	0,	120,	'1',	'2025-02-03 14:22:02.788226',	'2025-02-03 14:22:02.788226',	NULL,	17,	2),
(303,	'2024-11-28 12:00:00',	'2024-11-28 12:50:00',	'COMPLETADO',	'NINGUNO',	100,	0,	100,	'1',	'2025-02-03 14:22:15.451805',	'2025-02-03 14:22:15.451805',	NULL,	17,	6),
(304,	'2024-12-27 12:00:00',	'2024-12-27 12:50:00',	'COMPLETADO',	'NINGUNO',	100,	0,	100,	'1',	'2025-02-03 14:22:39.125921',	'2025-02-03 14:22:39.125921',	NULL,	17,	6),
(306,	'2024-12-27 15:00:00',	'2024-12-27 15:50:00',	'COMPLETADO',	'NINGUNO',	100,	0,	100,	'1',	'2025-02-03 14:22:49.099767',	'2025-02-03 14:22:49.099767',	NULL,	17,	6),
(307,	'2024-12-27 15:00:00',	'2024-12-27 15:50:00',	'COMPLETADO',	'NINGUNO',	95,	0,	95,	'1',	'2025-02-03 14:22:53.77795',	'2025-02-03 14:22:53.77795',	NULL,	17,	1),
(308,	'2024-12-17 15:00:00',	'2024-12-17 15:50:00',	'COMPLETADO',	'NINGUNO',	95,	0,	95,	'1',	'2025-02-03 14:23:09.366033',	'2025-02-03 14:23:09.366033',	NULL,	17,	1),
(309,	'2024-12-17 08:00:00',	'2024-12-17 08:50:00',	'COMPLETADO',	'NINGUNO',	95,	0,	95,	'1',	'2025-02-03 14:23:23.72947',	'2025-02-03 14:23:23.72947',	NULL,	17,	1),
(310,	'2025-01-17 08:00:00',	'2025-01-17 08:50:00',	'COMPLETADO',	'NINGUNO',	95,	0,	95,	'1',	'2025-02-03 14:23:39.812193',	'2025-02-03 14:23:39.812193',	NULL,	17,	1),
(311,	'2025-01-17 08:00:00',	'2025-01-17 08:50:00',	'COMPLETADO',	'NINGUNO',	100,	0,	100,	'1',	'2025-02-03 14:23:49.181261',	'2025-02-03 14:23:49.181261',	NULL,	17,	6),
(312,	'2025-01-17 12:00:00',	'2025-01-17 12:50:00',	'COMPLETADO',	'NINGUNO',	100,	0,	100,	'1',	'2025-02-03 14:23:54.821697',	'2025-02-03 14:23:54.821697',	NULL,	17,	6),
(313,	'2025-01-17 12:00:00',	'2025-01-17 12:50:00',	'COMPLETADO',	'NINGUNO',	95,	0,	95,	'1',	'2025-02-03 14:24:06.091071',	'2025-02-03 14:24:06.091071',	NULL,	17,	1),
(314,	'2025-01-17 12:00:00',	'2025-01-17 12:50:00',	'COMPLETADO',	'NINGUNO',	95,	0,	95,	'1',	'2025-02-03 14:24:07.786485',	'2025-02-03 14:24:07.786485',	NULL,	17,	1),
(315,	'2025-01-17 12:00:00',	'2025-01-17 12:50:00',	'COMPLETADO',	'NINGUNO',	95,	0,	95,	'1',	'2025-02-03 14:24:09.227208',	'2025-02-03 14:24:09.227208',	NULL,	17,	1),
(316,	'2025-01-17 09:00:00',	'2025-01-17 09:50:00',	'COMPLETADO',	'NINGUNO',	95,	0,	95,	'1',	'2025-02-03 14:24:25.374394',	'2025-02-03 14:24:25.374394',	NULL,	17,	1),
(317,	'2025-01-01 09:00:00',	'2025-01-01 09:50:00',	'COMPLETADO',	'NINGUNO',	95,	0,	95,	'1',	'2025-02-03 14:24:35.236041',	'2025-02-03 14:24:35.236041',	NULL,	17,	1),
(318,	'2025-01-01 09:00:00',	'2025-01-01 09:50:00',	'COMPLETADO',	'NINGUNO',	95,	0,	95,	'1',	'2025-02-03 14:24:37.336202',	'2025-02-03 14:24:37.336202',	NULL,	17,	1),
(319,	'2025-01-02 09:00:00',	'2025-01-02 09:50:00',	'COMPLETADO',	'NINGUNO',	95,	0,	95,	'1',	'2025-02-03 14:24:42.22682',	'2025-02-03 14:24:42.22682',	NULL,	17,	1),
(320,	'2025-01-02 09:00:00',	'2025-01-02 09:50:00',	'COMPLETADO',	'NINGUNO',	95,	0,	95,	'1',	'2025-02-03 14:24:44.961712',	'2025-02-03 14:24:44.961712',	NULL,	17,	1),
(321,	'2025-01-02 09:00:00',	'2025-01-02 10:20:00',	'COMPLETADO',	'NINGUNO',	120,	0,	120,	'1',	'2025-02-03 14:24:49.637358',	'2025-02-03 14:24:49.637358',	NULL,	17,	2),
(322,	'2025-01-10 09:00:00',	'2025-01-10 10:20:00',	'COMPLETADO',	'NINGUNO',	120,	0,	120,	'1',	'2025-02-03 14:25:06.180301',	'2025-02-03 14:25:06.180301',	NULL,	17,	2),
(323,	'2025-01-10 09:00:00',	'2025-01-10 10:20:00',	'COMPLETADO',	'NINGUNO',	120,	0,	120,	'1',	'2025-02-03 14:25:10.028669',	'2025-02-03 14:25:10.028669',	NULL,	17,	2),
(324,	'2025-01-23 09:00:00',	'2025-01-23 10:20:00',	'COMPLETADO',	'NINGUNO',	120,	0,	120,	'1',	'2025-02-03 14:25:18.249793',	'2025-02-03 14:25:18.249793',	NULL,	17,	2),
(325,	'2025-01-23 09:00:00',	'2025-01-23 10:20:00',	'COMPLETADO',	'NINGUNO',	120,	0,	120,	'1',	'2025-02-03 14:25:20.862073',	'2025-02-03 14:25:20.862073',	NULL,	17,	2),
(326,	'2025-01-23 09:00:00',	'2025-01-23 09:50:00',	'COMPLETADO',	'NINGUNO',	100,	0,	100,	'1',	'2025-02-03 14:25:26.848272',	'2025-02-03 14:25:26.848272',	NULL,	17,	6),
(327,	'2025-01-28 09:00:00',	'2025-01-28 09:50:00',	'COMPLETADO',	'NINGUNO',	100,	0,	100,	'1',	'2025-02-03 14:25:42.606408',	'2025-02-03 14:25:42.606408',	NULL,	17,	6),
(328,	'2025-01-28 12:00:00',	'2025-01-28 12:50:00',	'COMPLETADO',	'NINGUNO',	100,	0,	100,	'1',	'2025-02-03 14:25:49.549812',	'2025-02-03 14:25:49.549812',	NULL,	17,	6),
(330,	'2025-01-28 12:00:00',	'2025-01-28 12:50:00',	'COMPLETADO',	'NINGUNO',	95,	0,	95,	'1',	'2025-02-03 14:25:56.801045',	'2025-02-03 14:25:56.801045',	NULL,	17,	1),
(331,	'2025-01-28 12:00:00',	'2025-01-28 12:50:00',	'COMPLETADO',	'NINGUNO',	95,	0,	95,	'1',	'2025-02-03 14:25:59.081649',	'2025-02-03 14:25:59.081649',	NULL,	17,	1),
(332,	'2025-01-29 12:00:00',	'2025-01-29 12:50:00',	'COMPLETADO',	'NINGUNO',	95,	0,	95,	'1',	'2025-02-03 14:26:07.943861',	'2025-02-03 14:26:07.943861',	NULL,	17,	1),
(333,	'2025-01-29 12:00:00',	'2025-01-29 12:50:00',	'COMPLETADO',	'NINGUNO',	95,	0,	95,	'1',	'2025-02-03 14:26:10.338829',	'2025-02-03 14:26:10.338829',	NULL,	17,	1),
(334,	'2025-01-30 12:00:00',	'2025-01-30 12:50:00',	'COMPLETADO',	'NINGUNO',	95,	0,	95,	'1',	'2025-02-03 14:26:19.365523',	'2025-02-03 14:26:19.365523',	NULL,	17,	1),
(335,	'2025-01-30 13:00:00',	'2025-01-30 13:50:00',	'COMPLETADO',	'NINGUNO',	95,	0,	95,	'1',	'2025-02-03 14:26:23.984994',	'2025-02-03 14:26:23.984994',	NULL,	17,	1),
(336,	'2025-01-30 13:00:00',	'2025-01-30 13:50:00',	'COMPLETADO',	'NINGUNO',	95,	0,	95,	'1',	'2025-02-03 14:26:25.671374',	'2025-02-03 14:26:25.671374',	NULL,	17,	1),
(337,	'2025-01-30 13:00:00',	'2025-01-30 13:50:00',	'COMPLETADO',	'NINGUNO',	100,	0,	100,	'1',	'2025-02-03 14:26:29.971032',	'2025-02-03 14:26:29.971032',	NULL,	17,	6),
(339,	'2025-01-30 14:00:00',	'2025-01-30 14:50:00',	'COMPLETADO',	'NINGUNO',	100,	0,	100,	'1',	'2025-02-03 14:26:37.706404',	'2025-02-03 14:26:37.706404',	NULL,	17,	6),
(340,	'2025-01-31 14:00:00',	'2025-01-31 14:50:00',	'COMPLETADO',	'NINGUNO',	100,	0,	100,	'1',	'2025-02-03 14:26:48.472075',	'2025-02-03 14:26:48.472075',	NULL,	17,	6),
(341,	'2025-01-31 14:00:00',	'2025-01-31 14:50:00',	'COMPLETADO',	'NINGUNO',	95,	0,	95,	'1',	'2025-02-03 14:26:52.608076',	'2025-02-03 14:26:52.608076',	NULL,	17,	1),
(342,	'2025-01-31 14:00:00',	'2025-01-31 14:50:00',	'COMPLETADO',	'NINGUNO',	95,	0,	95,	'1',	'2025-02-03 14:26:54.319507',	'2025-02-03 14:26:54.319507',	NULL,	17,	1),
(343,	'2025-01-31 14:00:00',	'2025-01-31 14:50:00',	'COMPLETADO',	'NINGUNO',	95,	0,	95,	'1',	'2025-02-03 14:26:56.18409',	'2025-02-03 14:26:56.18409',	NULL,	17,	1),
(344,	'2025-02-03 17:00:00',	'2025-02-03 17:50:00',	'COMPLETADO',	'NINGUNO',	95,	0,	95,	'1',	'2025-02-03 14:27:40.667576',	'2025-02-03 14:27:40.667576',	NULL,	17,	1),
(345,	'2025-02-03 14:30:00',	'2025-02-03 15:00:00',	'COMPLETADO',	'NINGUNO',	80,	0,	80,	'1',	'2025-02-03 14:27:54.639652',	'2025-02-03 14:27:54.639652',	NULL,	17,	18),
(346,	'2025-02-03 15:00:00',	'2025-02-03 16:00:00',	'COMPLETADO',	'NINGUNO',	110,	0,	110,	'1',	'2025-02-03 14:28:07.457534',	'2025-02-03 14:28:07.457534',	NULL,	17,	14),
(347,	'2025-02-03 19:00:00',	'2025-02-03 19:30:00',	'COMPLETADO',	'NINGUNO',	80,	0,	80,	'1',	'2025-02-03 14:28:21.297542',	'2025-02-03 14:28:21.297542',	NULL,	17,	16),
(348,	'2025-02-04 13:00:00',	'2025-02-04 13:30:00',	'COMPLETADO',	'NINGUNO',	80,	0,	80,	'1',	'2025-02-03 14:28:34.853275',	'2025-02-03 14:28:34.853275',	NULL,	17,	19),
(349,	'2025-02-05 00:00:00',	'2025-02-05 00:30:00',	'COMPLETADO',	'NINGUNO',	80,	0,	80,	'1',	'2025-02-03 14:28:52.24416',	'2025-02-03 14:28:52.24416',	NULL,	17,	16),
(350,	'2025-02-26 00:30:00',	'2025-02-26 01:00:00',	'COMPLETADO',	'NINGUNO',	80,	0,	80,	'1',	'2025-02-03 14:29:05.446172',	'2025-02-03 14:29:05.446172',	NULL,	17,	17),
(351,	'2025-02-21 15:00:00',	'2025-02-21 15:50:00',	'COMPLETADO',	'NINGUNO',	70,	0,	70,	'1',	'2025-02-03 14:29:49.344788',	'2025-02-03 14:29:49.344788',	NULL,	17,	4),
(352,	'2025-02-25 00:30:00',	'2025-02-25 01:00:00',	'COMPLETADO',	'NINGUNO',	80,	0,	80,	'1',	'2025-02-03 14:30:16.35711',	'2025-02-03 14:30:16.35711',	NULL,	17,	17),
(361,	'2025-02-05 15:00:00',	'2025-02-05 16:20:00',	'COMPLETADO',	'NINGUNO',	120,	0,	120,	'1',	'2025-02-04 17:28:15.642814',	'2025-02-04 17:28:15.642814',	NULL,	18,	2),
(353,	'2025-02-05 13:00:00',	'2025-02-05 14:00:00',	'COMPLETADO',	'NINGUNO',	200,	0,	100,	'1',	'2025-02-03 14:51:32.184478',	'2025-02-03 14:51:32.184478',	NULL,	18,	7),
(366,	'2025-02-20 00:30:00',	'2025-02-20 01:00:00',	'COMPLETADO',	'NINGUNO',	80,	0,	0,	'1',	'2025-02-06 10:03:31.91155',	'2025-02-06 10:03:31.939878',	NULL,	18,	19),
(368,	'2025-02-27 16:00:00',	'2025-02-27 17:00:00',	'COMPLETADO',	'NINGUNO',	200,	0,	0,	'1',	'2025-02-06 10:10:02.994759',	'2025-02-06 10:10:03.024095',	NULL,	18,	7),
(376,	'2025-02-20 15:00:00',	'2025-02-20 16:00:00',	'COMPLETADO',	'NINGUNO',	80,	0,	0,	'1',	'2025-02-11 17:19:21.520361',	'2025-02-11 17:19:21.561597',	NULL,	18,	3),
(378,	'2025-02-18 18:00:00',	'2025-02-18 18:50:00',	'COMPLETADO',	'NINGUNO',	70,	0,	0,	'1',	'2025-02-11 17:51:32.408664',	'2025-02-11 17:51:32.433989',	NULL,	18,	5),
(380,	'2025-02-26 13:00:00',	'2025-02-26 13:50:00',	'COMPLETADO',	'NINGUNO',	70,	0,	0,	'1',	'2025-02-12 12:23:32.837886',	'2025-02-12 12:23:32.867999',	NULL,	18,	4),
(382,	'2025-02-26 19:00:00',	'2025-02-26 19:50:00',	'COMPLETADO',	'NINGUNO',	100,	0,	0,	'1',	'2025-02-12 12:31:43.683013',	'2025-02-12 12:31:43.710134',	NULL,	18,	6),
(384,	'2025-02-28 19:00:00',	'2025-02-28 20:00:00',	'COMPLETADO',	'NINGUNO',	80,	0,	0,	'1',	'2025-02-12 12:44:01.644285',	'2025-02-12 12:44:01.674',	NULL,	18,	3),
(386,	'2025-02-28 18:00:00',	'2025-02-28 18:50:00',	'COMPLETADO',	'NINGUNO',	70,	0,	0,	'1',	'2025-02-12 15:20:45.575244',	'2025-02-13 18:18:03.008028',	NULL,	18,	5),
(291,	'2024-11-03 12:00:00',	'2024-11-03 12:50:00',	'COMPLETADO',	'NINGUNO',	100,	0,	100,	'1',	'2025-02-03 14:08:30.228836',	'2025-02-03 14:08:30.228836',	NULL,	4,	6),
(464,	'2025-02-05 11:00:00',	'2025-02-05 11:50:00',	'COMPLETADO',	'PARCIAL',	70,	3.5,	66.5,	'1',	'2025-02-18 23:12:14.619704',	'2025-02-27 20:17:45.778525',	NULL,	18,	5),
(455,	'2025-02-18 05:00:00',	'2025-02-18 05:50:00',	'COMPLETADO',	'PARCIAL',	95,	4.75,	0,	'1',	'2025-02-17 20:55:21.902003',	'2025-02-17 20:57:03.382734',	NULL,	18,	1),
(457,	'2025-02-19 17:00:00',	'2025-02-19 17:30:00',	'COMPLETADO',	'NINGUNO',	90,	0,	90,	'1',	'2025-02-17 21:01:42.991302',	'2025-02-17 21:01:43.020803',	NULL,	18,	13),
(458,	'2025-02-18 08:00:00',	'2025-02-18 08:50:00',	'COMPLETADO',	'TOTAL',	70,	7,	63,	'1',	'2025-02-17 21:14:00.96846',	'2025-02-17 21:14:01.00183',	NULL,	18,	4),
(459,	'2025-02-18 16:00:00',	'2025-02-18 16:50:00',	'COMPLETADO',	'PARCIAL',	70,	3.5,	66.5,	'1',	'2025-02-17 21:15:10.641798',	'2025-02-17 21:15:10.665792',	NULL,	18,	4),
(460,	'2025-02-18 15:00:00',	'2025-02-18 16:10:00',	'COMPLETADO',	'PARCIAL',	150,	7.5,	142.5,	'1',	'2025-02-17 21:17:54.806095',	'2025-02-17 21:17:54.827682',	NULL,	18,	15),
(456,	'2025-02-05 11:00:00',	'2025-02-05 11:50:00',	'COMPLETADO',	'TOTAL',	70,	7,	63,	'1',	'2025-02-17 21:00:09.425695',	'2025-02-27 20:54:17.93665',	NULL,	18,	5),
(463,	'2025-02-19 08:00:00',	'2025-02-19 08:50:00',	'COMPLETADO',	'TOTAL',	70,	7,	63,	'0',	'2025-02-18 23:11:39.216139',	'2025-02-18 23:11:39.251103',	NULL,	18,	5),
(497,	'2025-02-05 11:00:00',	'2025-02-05 11:50:00',	'COMPLETADO',	'TOTAL',	70,	7,	0,	'1',	'2025-02-24 14:52:58.743127',	'2025-02-27 20:18:22.153608',	NULL,	18,	5),
(500,	'2025-02-20 19:00:00',	'2025-02-20 20:00:00',	'COMPLETADO',	'TOTAL',	80,	8,	0,	'1',	'2025-02-24 16:02:34.442544',	'2025-02-24 16:07:57.988189',	NULL,	18,	3),
(451,	'2025-02-28 19:00:00',	'2025-02-28 19:50:00',	'COMPLETADO',	'NINGUNO',	100,	0,	0,	'1',	'2025-02-17 18:08:48.726993',	'2025-02-24 14:47:16.111247',	NULL,	18,	6),
(499,	'2025-02-24 19:00:00',	'2025-02-24 19:50:00',	'COMPLETADO',	'PARCIAL',	95,	4.75,	0,	'1',	'2025-02-24 16:00:56.602053',	'2025-02-24 16:01:14.695121',	NULL,	18,	1),
(498,	'2025-02-05 11:00:00',	'2025-02-05 11:50:00',	'COMPLETADO',	'PARCIAL',	100,	5,	0,	'1',	'2025-02-24 14:54:30.350768',	'2025-02-27 20:19:58.023808',	NULL,	18,	6),
(462,	'2025-02-05 11:00:00',	'2025-02-05 12:00:00',	'COMPLETADO',	'TOTAL',	200,	20,	180,	'1',	'2025-02-17 21:51:23.377816',	'2025-02-27 20:23:16.623422',	NULL,	18,	7),
(461,	'2025-02-05 11:00:00',	'2025-02-05 12:00:00',	'COMPLETADO',	'PARCIAL',	200,	10,	0,	'1',	'2025-02-17 21:41:52.559561',	'2025-02-27 20:40:33.123381',	NULL,	18,	7),
(503,	'2025-03-04 17:00:00',	'2025-03-04 17:50:00',	'COMPLETADO',	'NINGUNO',	95,	0,	0,	'1',	'2025-03-03 12:46:12.634727',	'2025-03-03 12:46:42.598404',	NULL,	18,	1),
(1,	'2025-05-06 16:00:00',	'2025-05-06 17:20:00',	'INACTIVO',	'TOTAL',	120,	12,	108,	'1',	'2025-04-07 15:44:36.250998',	'2025-05-06 20:16:55.826134',	NULL,	18,	2),
(12,	'2025-04-26 00:30:00',	'2025-04-26 01:20:00',	'INACTIVO',	'NINGUNO',	95,	0,	0,	'1',	'2025-04-24 18:42:41.767436',	'2025-07-28 08:18:16.622853',	NULL,	18,	1),
(4,	'2025-04-23 08:30:00',	'2025-04-23 09:20:00',	'INACTIVO',	'NINGUNO',	95,	0,	0,	'1',	'2025-04-07 16:33:38.262944',	'2025-07-28 08:18:16.279071',	NULL,	18,	1),
(6,	'2025-04-10 11:00:00',	'2025-04-10 12:20:00',	'INACTIVO',	'NINGUNO',	120,	0,	0,	'1',	'2025-04-08 10:57:29.664233',	'2025-07-28 08:18:16.385663',	NULL,	18,	2),
(7,	'2025-04-24 10:30:00',	'2025-04-24 11:30:00',	'INACTIVO',	'NINGUNO',	80,	0,	0,	'1',	'2025-04-08 14:09:04.608592',	'2025-07-28 08:18:16.467212',	NULL,	18,	3),
(11,	'2025-05-06 09:00:00',	'2025-05-06 09:50:00',	'CANCELADO',	'NINGUNO',	95,	0,	95,	'1',	'2025-04-24 17:28:40.120164',	'2025-04-24 17:29:14.702917',	NULL,	18,	1),
(9,	'2025-04-26 00:00:00',	'2025-04-26 01:20:00',	'INACTIVO',	'NINGUNO',	120,	0,	0,	'1',	'2025-04-24 17:26:38.394751',	'2025-07-28 08:18:16.546902',	NULL,	18,	2),
(13,	'2025-04-26 00:00:00',	'2025-04-26 00:50:00',	'INACTIVO',	'NINGUNO',	70,	0,	0,	'1',	'2025-04-24 18:52:42.02904',	'2025-07-28 08:18:16.717631',	NULL,	18,	5),
(5,	'2025-04-23 08:30:00',	'2025-04-23 09:20:00',	'CANCELADO',	'NINGUNO',	95,	0,	95,	'1',	'2025-04-07 16:33:39.525722',	'2025-04-20 20:42:03.130395',	NULL,	18,	1),
(14,	'2025-04-25 09:00:00',	'2025-04-25 09:50:00',	'INACTIVO',	'NINGUNO',	70,	0,	0,	'1',	'2025-04-24 18:53:23.37293',	'2025-07-28 08:18:16.796675',	NULL,	18,	5),
(16,	'2025-04-28 12:00:00',	'2025-04-28 12:50:00',	'INACTIVO',	'PARCIAL',	70,	3.5,	0,	'1',	'2025-04-28 11:34:04.299893',	'2025-07-28 08:18:16.875154',	NULL,	18,	5),
(18,	'2025-04-28 19:00:00',	'2025-04-28 19:50:00',	'INACTIVO',	'NINGUNO',	70,	0,	0,	'1',	'2025-04-28 11:35:40.114226',	'2025-07-28 08:18:16.968919',	NULL,	18,	5),
(17,	'2025-04-29 14:30:00',	'2025-04-29 15:20:00',	'COMPLETADO',	'NINGUNO',	70,	0,	0,	'1',	'2025-04-28 11:35:03.241484',	'2025-04-29 18:49:09.752121',	NULL,	18,	5),
(526,	'2025-05-12 16:30:00',	'2025-05-12 17:20:00',	'CANCELADO',	'NINGUNO',	70,	0,	0,	'1',	'2025-04-29 17:18:29.737439',	'2025-07-27 11:30:09.949652',	NULL,	18,	5),
(518,	'2025-03-10 17:00:00',	'2025-03-10 17:50:00',	'CANCELADO',	'NINGUNO',	95,	0,	0,	'1',	'2025-03-10 14:11:41.034598',	'2025-07-27 11:30:29.325683',	NULL,	18,	1),
(527,	'2025-05-12 16:30:00',	'2025-05-12 17:20:00',	'CANCELADO',	'NINGUNO',	70,	0,	0,	'1',	'2025-04-29 17:18:50.274336',	'2025-07-27 11:30:07.776034',	NULL,	18,	5),
(528,	'2025-05-16 17:00:00',	'2025-05-16 17:50:00',	'CANCELADO',	'NINGUNO',	70,	0,	0,	'0',	'2025-04-29 17:19:11.568553',	'2025-07-27 11:30:05.799856',	NULL,	18,	5),
(532,	'2025-04-30 19:00:00',	'2025-04-30 19:50:00',	'COMPLETADO',	'NINGUNO',	70,	0,	0,	'1',	'2025-04-30 17:08:39.959911',	'2025-04-30 17:16:35.360971',	NULL,	18,	5),
(531,	'2025-05-02 19:00:00',	'2025-05-02 19:50:00',	'COMPLETADO',	'NINGUNO',	70,	0,	0,	'1',	'2025-04-30 17:06:21.278877',	'2025-05-05 21:58:19.543843',	NULL,	18,	5),
(508,	'2025-03-06 13:00:00',	'2025-03-06 13:50:00',	'COMPLETADO',	'NINGUNO',	100,	0,	0,	'1',	'2025-03-03 12:57:31.466566',	'2025-07-27 11:33:06.724768',	NULL,	18,	6),
(507,	'2025-03-27 19:00:00',	'2025-03-27 19:50:00',	'COMPLETADO',	'NINGUNO',	100,	0,	0,	'1',	'2025-03-03 12:55:33.621414',	'2025-07-27 11:33:08.769319',	NULL,	18,	6),
(506,	'2025-03-05 19:00:00',	'2025-03-05 19:50:00',	'COMPLETADO',	'NINGUNO',	70,	0,	0,	'1',	'2025-03-03 12:54:50.33046',	'2025-07-27 11:33:11.178546',	NULL,	18,	5),
(502,	'2025-02-28 19:00:00',	'2025-02-28 19:50:00',	'COMPLETADO',	'TOTAL',	70,	7,	0,	'1',	'2025-02-28 17:02:17.422077',	'2025-07-27 12:42:21.042145',	NULL,	18,	5),
(487,	'2025-02-20 11:00:00',	'2025-02-20 11:50:00',	'COMPLETADO',	'NINGUNO',	95,	0,	0,	'1',	'2025-02-24 09:22:06.881256',	'2025-07-27 12:42:48.945209',	NULL,	17,	1),
(486,	'2025-02-20 11:00:00',	'2025-02-20 11:50:00',	'COMPLETADO',	'NINGUNO',	95,	0,	0,	'1',	'2025-02-24 09:03:04.499062',	'2025-07-27 12:42:50.842966',	NULL,	17,	1),
(3,	'2025-04-22 08:30:00',	'2025-04-22 09:50:00',	'COMPLETADO',	'NINGUNO',	120,	0,	0,	'1',	'2025-04-07 15:54:38.673151',	'2025-04-07 15:55:00.874205',	NULL,	18,	2),
(2,	'2025-03-10 17:00:00',	'2025-03-10 17:50:00',	'COMPLETADO',	'TOTAL',	95,	9.5,	0,	'1',	'2025-04-07 15:51:38.934072',	'2025-04-07 16:00:22.454487',	NULL,	18,	1),
(534,	'2025-05-05 17:00:00',	'2025-05-05 17:50:00',	'COMPLETADO',	'NINGUNO',	70,	0,	0,	'1',	'2025-05-05 09:52:24.152824',	'2025-05-05 10:25:21.892751',	NULL,	18,	5),
(535,	'2025-05-05 12:30:00',	'2025-05-05 13:20:00',	'COMPLETADO',	'PARCIAL',	100,	5,	0,	'1',	'2025-05-05 10:09:21.273762',	'2025-05-05 15:57:35.444452',	NULL,	18,	6),
(542,	'2025-05-13 14:30:00',	'2025-05-13 15:20:00',	'CANCELADO',	'NINGUNO',	70,	0,	0,	'1',	'2025-05-07 15:52:11.275295',	'2025-07-27 11:30:01.26564',	NULL,	18,	5),
(538,	'2025-05-05 16:00:00',	'2025-05-05 17:00:00',	'INACTIVO',	'PARCIAL',	200,	10,	0,	'1',	'2025-05-05 10:48:00.190744',	'2025-05-05 21:45:18.222688',	NULL,	18,	7),
(545,	'2025-05-07 18:30:00',	'2025-05-07 19:20:00',	'INACTIVO',	'PARCIAL',	95,	4.75,	0,	'1',	'2025-05-07 17:02:37.010896',	'2025-07-27 11:28:10.974677',	NULL,	18,	1),
(592,	'2025-05-30 15:00:00',	'2025-05-30 15:50:00',	'COMPLETADO',	'NINGUNO',	70,	0,	0,	'1',	'2025-05-15 17:11:52.099578',	'2025-07-27 11:23:04.320023',	NULL,	18,	5),
(584,	'2025-05-27 16:00:00',	'2025-05-27 16:50:00',	'COMPLETADO',	'NINGUNO',	70,	0,	0,	'1',	'2025-05-14 23:47:07.497955',	'2025-05-15 17:21:38.679117',	NULL,	18,	5),
(552,	'2025-05-08 18:30:00',	'2025-05-08 19:20:00',	'COMPLETADO',	'PARCIAL',	70,	3.5,	0,	'1',	'2025-05-08 11:13:02.371768',	'2025-05-08 19:58:16.588014',	NULL,	18,	5),
(561,	'2025-05-09 14:30:00',	'2025-05-09 15:50:00',	'COMPLETADO',	'TOTAL',	120,	12,	0,	'1',	'2025-05-09 14:14:46.377019',	'2025-05-09 16:52:11.124195',	NULL,	18,	2),
(554,	'2025-05-08 15:30:00',	'2025-05-08 16:30:00',	'INACTIVO',	'PARCIAL',	200,	10,	0,	'1',	'2025-05-08 11:15:55.886961',	'2025-07-27 11:28:03.660602',	NULL,	18,	7),
(559,	'2025-05-09 14:00:00',	'2025-05-09 14:50:00',	'INACTIVO',	'TOTAL',	95,	9.5,	0,	'1',	'2025-05-09 13:53:27.042799',	'2025-05-09 13:54:06.302191',	NULL,	18,	1),
(558,	'2025-05-09 16:00:00',	'2025-05-09 16:50:00',	'INACTIVO',	'PARCIAL',	95,	4.75,	0,	'1',	'2025-05-09 13:15:35.894709',	'2025-07-27 11:28:01.355498',	NULL,	18,	1),
(550,	'2025-05-08 13:00:00',	'2025-05-08 13:50:00',	'COMPLETADO',	'PARCIAL',	100,	5,	0,	'1',	'2025-05-08 11:03:22.783737',	'2025-05-08 11:04:10.961723',	NULL,	18,	6),
(563,	'2025-05-09 18:30:00',	'2025-05-09 19:20:00',	'CANCELADO',	'PARCIAL',	70,	3.5,	0,	'1',	'2025-05-09 14:16:14.983085',	'2025-07-27 11:27:58.582674',	NULL,	18,	5),
(590,	'2025-05-15 19:00:00',	'2025-05-15 19:50:00',	'INACTIVO',	'PARCIAL',	95,	4.75,	0,	'1',	'2025-05-15 16:48:59.953281',	'2025-05-15 16:50:13.706807',	NULL,	18,	1),
(586,	'2025-05-15 17:00:00',	'2025-05-15 18:00:00',	'INACTIVO',	'NINGUNO',	80,	0,	0,	'1',	'2025-05-14 23:55:43.407163',	'2025-05-15 16:50:13.81236',	NULL,	18,	3),
(589,	'2025-05-20 18:00:00',	'2025-05-20 18:50:00',	'CANCELADO',	'TOTAL',	95,	9.5,	0,	'1',	'2025-05-15 16:46:00.400002',	'2025-05-20 16:24:18.76744',	NULL,	18,	1),
(556,	'2025-05-21 14:30:00',	'2025-05-21 15:30:00',	'CANCELADO',	'NINGUNO',	200,	0,	0,	'1',	'2025-05-08 19:54:43.344896',	'2025-05-15 11:38:15.989773',	NULL,	18,	7),
(547,	'2025-05-22 19:00:00',	'2025-05-22 19:50:00',	'COMPLETADO',	'NINGUNO',	95,	0,	0,	'1',	'2025-05-07 17:21:02.569035',	'2025-05-08 11:09:11.169534',	NULL,	28,	1),
(536,	'2025-05-07 13:00:00',	'2025-05-07 13:50:00',	'COMPLETADO',	'NINGUNO',	95,	0,	0,	'1',	'2025-05-05 10:22:09.264401',	'2025-05-05 10:22:26.980919',	NULL,	18,	1),
(650,	'2025-06-17 08:00:00',	'2025-06-17 09:00:00',	'COMPLETADO',	'TOTAL',	200,	60,	0,	'1',	'2025-06-15 20:31:15.258502',	'2025-06-17 13:28:35.787353',	NULL,	18,	7),
(663,	'2025-06-18 13:00:00',	'2025-06-18 13:50:00',	'INACTIVO',	'NINGUNO',	70,	0,	0,	'1',	'2025-06-17 14:02:44.657967',	'2025-06-18 05:22:21.126458',	NULL,	18,	5),
(645,	'2025-06-16 08:00:00',	'2025-06-16 09:00:00',	'COMPLETADO',	'TOTAL',	200,	60,	0,	'1',	'2025-06-15 19:53:11.794374',	'2025-07-27 11:09:53.06446',	NULL,	18,	7),
(637,	'2025-06-17 16:00:00',	'2025-06-17 16:50:00',	'COMPLETADO',	'NINGUNO',	70,	0,	0,	'1',	'2025-06-15 17:31:55.491394',	'2025-06-17 15:02:47.022975',	NULL,	18,	5),
(641,	'2025-06-17 15:00:00',	'2025-06-17 15:50:00',	'COMPLETADO',	'NINGUNO',	70,	0,	0,	'1',	'2025-06-15 18:59:40.260037',	'2025-06-18 22:44:35.226126',	NULL,	18,	5),
(606,	'2025-05-19 19:00:00',	'2025-05-19 19:50:00',	'COMPLETADO',	'PARCIAL',	70,	14,	0,	'1',	'2025-05-19 15:24:20.626618',	'2025-05-19 15:24:53.086279',	NULL,	18,	5),
(622,	'2025-06-09 19:00:00',	'2025-06-09 19:50:00',	'CANCELADO',	'PARCIAL',	95,	19,	0,	'1',	'2025-06-09 11:38:19.671253',	'2025-06-09 14:11:04.120114',	NULL,	18,	1),
(608,	'2025-06-17 19:00:00',	'2025-06-17 19:50:00',	'CANCELADO',	'NINGUNO',	0,	0,	0,	'1',	'2025-05-19 18:44:27.884148',	'2025-05-28 19:45:09.779899',	NULL,	18,	5),
(620,	'2025-06-09 18:00:00',	'2025-06-09 18:50:00',	'COMPLETADO',	'PARCIAL',	70,	14,	0,	'1',	'2025-06-09 11:17:45.538991',	'2025-07-27 11:10:22.434977',	NULL,	18,	5),
(647,	'2025-06-16 15:00:00',	'2025-06-16 16:00:00',	'COMPLETADO',	'TOTAL',	200,	60,	0,	'1',	'2025-06-15 20:07:43.897176',	'2025-07-27 11:09:47.900608',	NULL,	18,	7),
(653,	'2025-06-18 19:00:00',	'2025-06-18 19:50:00',	'INACTIVO',	'TOTAL',	95,	28.5,	0,	'1',	'2025-06-15 20:53:27.613279',	'2025-06-18 16:50:14.944079',	NULL,	18,	1),
(661,	'2025-06-17 08:00:00',	'2025-06-17 08:50:00',	'INACTIVO',	'TOTAL',	95,	28.5,	0,	'1',	'2025-06-16 20:17:05.255683',	'2025-06-17 13:45:00.436199',	NULL,	18,	1),
(649,	'2025-06-16 17:00:00',	'2025-06-16 18:00:00',	'COMPLETADO',	'TOTAL',	200,	60,	0,	'1',	'2025-06-15 20:26:35.657314',	'2025-06-18 22:46:25.417542',	NULL,	18,	7),
(646,	'2025-06-16 14:00:00',	'2025-06-16 15:00:00',	'COMPLETADO',	'TOTAL',	200,	60,	0,	'1',	'2025-06-15 20:04:55.328917',	'2025-07-27 11:09:50.509221',	NULL,	18,	7),
(643,	'2025-06-16 19:00:00',	'2025-06-16 19:50:00',	'COMPLETADO',	'PARCIAL',	70,	14,	0,	'1',	'2025-06-15 19:13:52.293836',	'2025-07-27 11:10:00.238101',	NULL,	18,	5),
(657,	'2025-06-17 08:00:00',	'2025-06-17 08:50:00',	'INACTIVO',	'TOTAL',	95,	28.5,	0,	'1',	'2025-06-16 09:46:03.393081',	'2025-06-17 13:45:00.317285',	NULL,	18,	1),
(660,	'2025-06-17 13:00:00',	'2025-06-17 14:40:00',	'COMPLETADO',	'TOTAL',	195,	58.5,	0,	'1',	'2025-06-16 09:53:57.209566',	'2025-06-16 20:39:16.421712',	NULL,	18,	23),
(612,	'2025-06-18 17:00:00',	'2025-06-18 17:50:00',	'COMPLETADO',	'TOTAL',	200,	60,	0,	'1',	'2025-05-25 19:07:22.985366',	'2025-06-18 22:44:20.279816',	NULL,	18,	6),
(651,	'2025-06-17 09:00:00',	'2025-06-17 10:00:00',	'COMPLETADO',	'TOTAL',	200,	60,	0,	'1',	'2025-06-15 20:35:12.843402',	'2025-06-18 22:45:10.965045',	NULL,	18,	7),
(659,	'2025-06-17 13:00:00',	'2025-06-17 13:50:00',	'COMPLETADO',	'TOTAL',	100,	30,	0,	'1',	'2025-06-16 09:50:11.289517',	'2025-06-18 22:44:46.401648',	NULL,	18,	6),
(658,	'2025-06-17 12:00:00',	'2025-06-17 12:50:00',	'COMPLETADO',	'TOTAL',	70,	21,	0,	'1',	'2025-06-16 09:47:57.996317',	'2025-06-18 22:44:56.917373',	NULL,	18,	5),
(656,	'2025-06-17 11:00:00',	'2025-06-17 12:00:00',	'INACTIVO',	'TOTAL',	200,	60,	0,	'1',	'2025-06-15 21:08:37.537871',	'2025-06-17 13:45:00.127873',	NULL,	18,	7),
(655,	'2025-06-17 10:00:00',	'2025-06-17 11:00:00',	'COMPLETADO',	'TOTAL',	200,	60,	0,	'1',	'2025-06-15 21:06:15.059657',	'2025-07-27 11:09:32.057194',	NULL,	18,	7),
(625,	'2025-07-03 19:00:00',	'2025-07-03 19:50:00',	'CANCELADO',	'NINGUNO',	95,	0,	0,	'1',	'2025-06-09 12:27:44.518478',	'2025-06-17 14:57:56.910331',	NULL,	18,	1),
(668,	'2025-06-19 08:00:00',	'2025-06-19 08:50:00',	'CANCELADO',	'PARCIAL',	95,	19,	0,	'1',	'2025-06-19 01:29:50.43025',	'2025-06-19 01:30:38.722153',	NULL,	18,	1),
(662,	'2025-07-01 17:00:00',	'2025-07-01 17:50:00',	'COMPLETADO',	'TOTAL',	95,	28.5,	0,	'1',	'2025-06-16 20:17:12.336597',	'2025-06-16 20:21:26.291922',	NULL,	18,	1),
(670,	'2025-06-19 09:00:00',	'2025-06-19 10:40:00',	'COMPLETADO',	'TOTAL',	195,	58.5,	0,	'1',	'2025-06-19 01:38:01.895586',	'2025-06-19 01:40:42.804798',	NULL,	18,	23),
(672,	'2025-06-19 11:30:00',	'2025-06-19 12:20:00',	'COMPLETADO',	'TOTAL',	95,	28.5,	0,	'1',	'2025-06-19 11:16:54.967186',	'2025-06-19 11:17:27.444659',	NULL,	28,	1),
(675,	'2025-07-02 08:00:00',	'2025-07-02 08:50:00',	'COMPLETADO',	'NINGUNO',	95,	0,	0,	'1',	'2025-06-19 11:21:02.956195',	'2025-06-19 12:49:04.823016',	NULL,	36,	1),
(676,	'2025-06-19 12:30:00',	'2025-06-19 14:10:00',	'COMPLETADO',	'TOTAL',	195,	58.5,	0,	'1',	'2025-06-19 12:23:39.514373',	'2025-06-19 12:52:32.081111',	NULL,	36,	23),
(673,	'2025-06-24 19:00:00',	'2025-06-24 19:50:00',	'COMPLETADO',	'NINGUNO',	70,	0,	0,	'1',	'2025-06-19 11:20:41.018566',	'2025-06-19 13:13:47.461366',	NULL,	36,	5),
(680,	'2025-06-19 18:00:00',	'2025-06-19 18:50:00',	'COMPLETADO',	'PARCIAL',	95,	19,	0,	'1',	'2025-06-19 13:16:25.653837',	'2025-06-19 13:18:16.019031',	NULL,	36,	1),
(678,	'2025-06-19 13:30:00',	'2025-06-19 15:10:00',	'CANCELADO',	'TOTAL',	195,	58.5,	0,	'1',	'2025-06-19 12:42:04.81109',	'2025-06-19 12:46:27.377793',	NULL,	36,	23),
(679,	'2025-06-19 18:00:00',	'2025-06-19 18:50:00',	'COMPLETADO',	'NINGUNO',	70,	0,	0,	'1',	'2025-06-19 12:43:53.195033',	'2025-06-19 12:52:54.132664',	NULL,	36,	5),
(671,	'2025-06-19 14:00:00',	'2025-06-19 14:50:00',	'INACTIVO',	'TOTAL',	95,	28.5,	0,	'1',	'2025-06-19 11:15:29.341509',	'2025-06-19 13:21:16.416269',	NULL,	28,	1),
(677,	'2025-06-27 19:00:00',	'2025-06-27 19:50:00',	'COMPLETADO',	'NINGUNO',	70,	0,	0,	'1',	'2025-06-19 12:25:45.401961',	'2025-07-27 12:44:31.521562',	NULL,	36,	5),
(8,	'2025-04-21 08:00:00',	'2025-04-21 08:50:00',	'COMPLETADO',	'TOTAL',	95,	9.5,	0,	'1',	'2025-04-20 21:55:06.218939',	'2025-04-20 21:56:25.330551',	NULL,	18,	1),
(10,	'2025-06-27 19:00:00',	'2025-06-27 19:50:00',	'COMPLETADO',	'NINGUNO',	95,	0,	0,	'1',	'2025-04-24 17:28:39.324617',	'2025-05-28 19:46:20.444849',	NULL,	18,	1),
(529,	'2025-04-29 18:00:00',	'2025-04-29 18:50:00',	'COMPLETADO',	'NINGUNO',	95,	0,	0,	'1',	'2025-04-29 17:40:23.893326',	'2025-04-29 17:41:47.316003',	NULL,	18,	1),
(530,	'2025-05-01 16:00:00',	'2025-05-01 18:40:00',	'COMPLETADO',	'NINGUNO',	305,	0,	0,	'1',	'2025-04-29 19:26:05.219761',	'2025-04-29 19:27:30.121226',	NULL,	18,	24),
(525,	'2025-04-28 12:30:00',	'2025-04-28 13:50:00',	'COMPLETADO',	'TOTAL',	120,	12,	0,	'1',	'2025-04-28 12:15:52.752657',	'2025-05-05 22:09:38.183305',	NULL,	18,	2),
(533,	'2025-05-13 09:00:00',	'2025-05-13 11:40:00',	'COMPLETADO',	'NINGUNO',	305,	0,	0,	'1',	'2025-04-30 17:47:33.101997',	'2025-04-30 17:47:54.863463',	NULL,	18,	24),
(591,	'2025-05-26 18:00:00',	'2025-05-26 18:50:00',	'COMPLETADO',	'PARCIAL',	70,	3.5,	0,	'1',	'2025-05-15 16:53:36.853201',	'2025-05-26 13:12:50.995138',	NULL,	18,	5),
(579,	'2025-05-29 15:00:00',	'2025-05-29 16:00:00',	'COMPLETADO',	'NINGUNO',	200,	0,	0,	'1',	'2025-05-14 22:49:52.808396',	'2025-05-14 23:04:31.963175',	NULL,	18,	7),
(540,	'2025-05-05 18:00:00',	'2025-05-05 19:00:00',	'COMPLETADO',	'TOTAL',	200,	20,	0,	'1',	'2025-05-05 17:38:16.975232',	'2025-05-05 17:38:45.364355',	NULL,	18,	7),
(541,	'2025-05-21 19:00:00',	'2025-05-21 19:50:00',	'COMPLETADO',	'NINGUNO',	70,	0,	0,	'1',	'2025-05-07 15:51:57.657158',	'2025-07-27 11:30:03.624151',	NULL,	18,	5),
(595,	'2025-05-29 19:00:00',	'2025-05-29 19:50:00',	'COMPLETADO',	'NINGUNO',	95,	0,	0,	'1',	'2025-05-15 17:19:23.24429',	'2025-05-28 19:49:33.145627',	NULL,	18,	3),
(544,	'2025-05-12 15:00:00',	'2025-05-12 15:50:00',	'COMPLETADO',	'PARCIAL',	70,	3.5,	0,	'1',	'2025-05-07 15:54:19.979916',	'2025-05-08 19:56:41.165858',	NULL,	18,	5),
(539,	'2025-05-14 14:30:00',	'2025-05-14 15:20:00',	'COMPLETADO',	'NINGUNO',	70,	0,	0,	'1',	'2025-05-05 15:53:18.683577',	'2025-05-08 19:57:25.661607',	NULL,	18,	5),
(546,	'2025-05-07 18:00:00',	'2025-05-07 18:50:00',	'COMPLETADO',	'PARCIAL',	95,	4.75,	0,	'1',	'2025-05-07 17:04:20.660575',	'2025-05-07 17:04:48.096926',	NULL,	18,	1),
(585,	'2025-05-19 15:30:00',	'2025-05-19 16:20:00',	'COMPLETADO',	'NINGUNO',	100,	0,	0,	'1',	'2025-05-14 23:51:27.871741',	'2025-05-14 23:52:19.379583',	NULL,	18,	6),
(597,	'2025-05-16 09:00:00',	'2025-05-16 09:50:00',	'COMPLETADO',	'TOTAL',	100,	30,	0,	'1',	'2025-05-15 18:52:35.730881',	'2025-05-15 18:53:01.873049',	NULL,	18,	6),
(548,	'2025-05-08 12:00:00',	'2025-05-08 12:50:00',	'COMPLETADO',	'PARCIAL',	70,	3.5,	0,	'1',	'2025-05-08 10:57:44.248724',	'2025-05-08 10:58:08.090391',	NULL,	18,	5),
(560,	'2025-05-09 17:00:00',	'2025-05-09 17:50:00',	'COMPLETADO',	'PARCIAL',	95,	4.75,	0,	'1',	'2025-05-09 14:14:07.078341',	'2025-05-09 14:14:28.549908',	NULL,	18,	1),
(581,	'2025-05-16 15:00:00',	'2025-05-16 15:50:00',	'COMPLETADO',	'NINGUNO',	70,	0,	0,	'1',	'2025-05-14 23:18:51.068883',	'2025-05-14 23:19:19.585433',	NULL,	18,	5),
(562,	'2025-05-09 14:30:00',	'2025-05-09 15:20:00',	'COMPLETADO',	'TOTAL',	70,	7,	0,	'1',	'2025-05-09 14:15:28.34205',	'2025-05-09 14:15:43.73021',	NULL,	18,	5),
(576,	'2025-06-19 19:00:00',	'2025-06-19 20:00:00',	'COMPLETADO',	'NINGUNO',	200,	0,	0,	'1',	'2025-05-14 22:41:47.130091',	'2025-06-19 01:33:49.221137',	NULL,	18,	7),
(574,	'2025-05-27 15:00:00',	'2025-05-27 15:50:00',	'COMPLETADO',	'NINGUNO',	95,	0,	0,	'1',	'2025-05-14 20:14:30.642438',	'2025-05-14 23:56:21.067166',	NULL,	18,	1),
(582,	'2025-05-15 15:00:00',	'2025-05-15 15:50:00',	'COMPLETADO',	'NINGUNO',	95,	0,	0,	'1',	'2025-05-14 23:22:57.921619',	'2025-05-14 23:23:21.422348',	NULL,	18,	1),
(555,	'2025-05-14 19:00:00',	'2025-05-14 19:50:00',	'COMPLETADO',	'NINGUNO',	70,	0,	0,	'1',	'2025-05-08 19:51:56.860973',	'2025-05-14 18:37:57.038006',	NULL,	18,	5),
(537,	'2025-05-28 19:00:00',	'2025-05-28 20:00:00',	'COMPLETADO',	'NINGUNO',	200,	0,	0,	'1',	'2025-05-05 10:46:51.957913',	'2025-05-20 14:57:21.986056',	NULL,	18,	7),
(572,	'2025-05-28 15:00:00',	'2025-05-28 15:50:00',	'COMPLETADO',	'NINGUNO',	70,	0,	0,	'1',	'2025-05-14 19:37:33.739543',	'2025-05-14 19:38:35.133655',	NULL,	18,	5),
(577,	'2025-05-27 15:00:00',	'2025-05-27 15:50:00',	'COMPLETADO',	'NINGUNO',	70,	0,	0,	'1',	'2025-05-14 22:49:25.889596',	'2025-05-14 22:50:36.436271',	NULL,	18,	5),
(587,	'2025-05-15 11:30:00',	'2025-05-15 12:20:00',	'COMPLETADO',	'TOTAL',	70,	7,	0,	'1',	'2025-05-15 11:05:49.110246',	'2025-05-15 11:06:09.359336',	NULL,	18,	5),
(583,	'2025-06-20 17:00:00',	'2025-06-20 18:20:00',	'COMPLETADO',	'NINGUNO',	120,	0,	0,	'1',	'2025-05-14 23:28:22.809528',	'2025-05-26 14:28:21.927998',	NULL,	18,	2),
(588,	'2025-05-15 17:00:00',	'2025-05-15 17:50:00',	'COMPLETADO',	'PARCIAL',	70,	3.5,	0,	'1',	'2025-05-15 11:23:18.735193',	'2025-05-15 11:23:38.366777',	NULL,	18,	5),
(580,	'2025-05-15 17:00:00',	'2025-05-15 17:50:00',	'COMPLETADO',	'NINGUNO',	95,	0,	0,	'1',	'2025-05-14 23:06:38.379586',	'2025-05-15 17:23:50.948778',	NULL,	18,	1),
(605,	'2025-05-30 19:00:00',	'2025-05-30 20:20:00',	'COMPLETADO',	'NINGUNO',	95,	0,	0,	'1',	'2025-05-17 20:50:51.539977',	'2025-05-28 19:43:58.282471',	NULL,	18,	2),
(575,	'2025-06-09 19:00:00',	'2025-06-09 19:50:00',	'COMPLETADO',	'NINGUNO',	70,	0,	0,	'1',	'2025-05-14 22:40:41.071752',	'2025-06-09 11:11:49.534437',	NULL,	18,	5),
(594,	'2025-05-16 08:00:00',	'2025-05-16 08:50:00',	'COMPLETADO',	'TOTAL',	95,	28.5,	0,	'1',	'2025-05-15 17:15:11.233292',	'2025-05-15 17:15:37.773323',	NULL,	18,	1),
(599,	'2025-05-16 11:00:00',	'2025-05-16 11:50:00',	'COMPLETADO',	'TOTAL',	100,	30,	0,	'1',	'2025-05-15 19:48:26.86109',	'2025-05-15 19:48:56.107614',	NULL,	18,	6),
(603,	'2025-04-06 14:00:00',	'2025-04-06 14:50:00',	'COMPLETADO',	'NINGUNO',	70,	0,	0,	'1',	'2025-05-17 17:11:59.62755',	'2025-07-27 11:13:47.774542',	NULL,	4,	5),
(596,	'2025-05-16 08:00:00',	'2025-05-16 08:50:00',	'COMPLETADO',	'TOTAL',	100,	30,	0,	'1',	'2025-05-15 18:50:10.219416',	'2025-05-15 19:02:56.806409',	NULL,	18,	6),
(598,	'2025-05-16 10:00:00',	'2025-05-16 10:50:00',	'COMPLETADO',	'TOTAL',	100,	30,	0,	'1',	'2025-05-15 19:01:03.881505',	'2025-05-15 19:01:28.61413',	NULL,	18,	6),
(578,	'2025-05-19 13:00:00',	'2025-05-19 13:50:00',	'COMPLETADO',	'NINGUNO',	100,	0,	0,	'1',	'2025-05-14 22:49:38.851562',	'2025-05-17 15:52:37.513593',	NULL,	18,	6),
(600,	'2025-05-20 17:00:00',	'2025-05-20 17:50:00',	'COMPLETADO',	'NINGUNO',	70,	0,	0,	'1',	'2025-05-17 16:29:26.915863',	'2025-07-27 11:13:58.531274',	NULL,	18,	5),
(601,	'2025-05-20 17:00:00',	'2025-05-20 17:50:00',	'COMPLETADO',	'NINGUNO',	95,	0,	0,	'1',	'2025-05-17 16:33:48.593714',	'2025-07-27 11:13:56.047554',	NULL,	28,	1),
(602,	'2025-05-20 16:30:00',	'2025-05-20 17:50:00',	'COMPLETADO',	'NINGUNO',	120,	0,	0,	'1',	'2025-05-17 16:35:25.086092',	'2025-07-27 11:13:53.706806',	NULL,	28,	2),
(564,	'2025-05-26 19:00:00',	'2025-05-26 19:50:00',	'COMPLETADO',	'TOTAL',	95,	9.5,	0,	'1',	'2025-05-12 16:03:13.679903',	'2025-05-26 10:03:24.378264',	NULL,	18,	1),
(593,	'2025-05-28 16:00:00',	'2025-05-28 16:50:00',	'COMPLETADO',	'NINGUNO',	70,	0,	0,	'1',	'2025-05-15 17:13:24.820972',	'2025-05-17 21:19:35.720987',	NULL,	18,	5),
(573,	'2025-05-28 13:00:00',	'2025-05-28 13:50:00',	'COMPLETADO',	'NINGUNO',	70,	0,	0,	'1',	'2025-05-14 20:02:07.646475',	'2025-05-19 15:26:06.915169',	NULL,	18,	5),
(621,	'2025-06-09 19:00:00',	'2025-06-09 19:50:00',	'COMPLETADO',	'PARCIAL',	95,	19,	0,	'1',	'2025-06-09 11:34:39.320355',	'2025-07-27 11:10:20.112185',	NULL,	18,	1),
(624,	'2025-06-09 19:00:00',	'2025-06-09 19:50:00',	'COMPLETADO',	'PARCIAL',	95,	19,	0,	'1',	'2025-06-09 12:25:27.149119',	'2025-07-27 11:10:18.444068',	NULL,	18,	1),
(626,	'2025-06-09 17:00:00',	'2025-06-09 17:50:00',	'COMPLETADO',	'PARCIAL',	95,	19,	0,	'1',	'2025-06-09 12:30:03.736268',	'2025-07-27 11:10:15.291855',	NULL,	18,	1),
(635,	'2025-06-27 17:00:00',	'2025-06-27 19:40:00',	'COMPLETADO',	'NINGUNO',	305,	0,	0,	'1',	'2025-06-15 09:03:08.146589',	'2025-07-27 12:44:40.902417',	NULL,	18,	24),
(623,	'2025-06-09 17:00:00',	'2025-06-09 17:50:00',	'COMPLETADO',	'PARCIAL',	95,	19,	0,	'1',	'2025-06-09 12:13:04.565366',	'2025-06-09 13:32:04.471899',	NULL,	18,	1),
(648,	'2025-06-16 08:00:00',	'2025-06-16 08:50:00',	'COMPLETADO',	'TOTAL',	95,	28.5,	0,	'1',	'2025-06-15 20:17:35.465871',	'2025-07-27 11:09:45.621748',	NULL,	18,	1),
(628,	'2025-06-09 16:30:00',	'2025-06-09 17:20:00',	'COMPLETADO',	'PARCIAL',	95,	19,	0,	'1',	'2025-06-09 13:33:04.99148',	'2025-06-09 13:33:45.210316',	NULL,	18,	1),
(613,	'2025-05-26 18:00:00',	'2025-05-26 18:50:00',	'COMPLETADO',	'TOTAL',	95,	28.5,	0,	'1',	'2025-05-26 17:55:58.511661',	'2025-05-26 17:57:25.808468',	NULL,	18,	1),
(618,	'2025-06-09 11:30:00',	'2025-06-09 12:20:00',	'COMPLETADO',	'TOTAL',	95,	28.5,	0,	'1',	'2025-06-09 11:10:46.275256',	'2025-06-09 13:36:10.634302',	NULL,	18,	1),
(619,	'2025-06-11 19:00:00',	'2025-06-11 19:50:00',	'COMPLETADO',	'PARCIAL',	70,	14,	0,	'1',	'2025-06-09 11:13:17.293146',	'2025-06-09 14:35:13.132799',	NULL,	18,	5),
(614,	'2025-05-27 17:00:00',	'2025-05-27 17:50:00',	'COMPLETADO',	'PARCIAL',	70,	14,	0,	'1',	'2025-05-26 17:57:49.284383',	'2025-05-26 18:09:07.642076',	NULL,	18,	6),
(638,	'2025-06-16 11:00:00',	'2025-06-16 13:40:00',	'COMPLETADO',	'NINGUNO',	305,	0,	0,	'1',	'2025-06-15 18:33:32.964674',	'2025-06-18 22:50:50.204142',	NULL,	18,	24),
(616,	'2025-05-30 08:00:00',	'2025-05-30 10:40:00',	'COMPLETADO',	'NINGUNO',	305,	0,	0,	'1',	'2025-05-28 19:40:58.888581',	'2025-05-28 19:42:06.652881',	NULL,	18,	24),
(615,	'2025-06-26 17:00:00',	'2025-06-26 17:50:00',	'COMPLETADO',	'PARCIAL',	95,	19,	0,	'1',	'2025-05-26 18:31:23.274174',	'2025-05-28 19:48:43.924227',	NULL,	18,	2),
(610,	'2025-06-05 18:00:00',	'2025-06-05 18:50:00',	'COMPLETADO',	'NINGUNO',	70,	0,	0,	'1',	'2025-05-20 10:06:04.736408',	'2025-06-03 10:39:03.95419',	NULL,	18,	5),
(609,	'2025-06-20 19:00:00',	'2025-06-20 19:50:00',	'COMPLETADO',	'PARCIAL',	95,	19,	0,	'1',	'2025-05-20 10:05:42.418832',	'2025-07-27 11:13:43.997276',	NULL,	18,	1),
(633,	'2025-06-16 11:00:00',	'2025-06-16 13:40:00',	'COMPLETADO',	'PARCIAL',	305,	61,	0,	'1',	'2025-06-14 23:20:55.52996',	'2025-06-18 22:50:40.475002',	NULL,	18,	24),
(636,	'2025-06-17 16:00:00',	'2025-06-17 16:50:00',	'COMPLETADO',	'NINGUNO',	95,	0,	0,	'1',	'2025-06-15 09:36:31.633813',	'2025-06-15 10:56:36.522327',	NULL,	18,	1),
(652,	'2025-06-16 08:00:00',	'2025-06-16 08:50:00',	'COMPLETADO',	'TOTAL',	95,	28.5,	0,	'1',	'2025-06-15 20:49:21.666132',	'2025-07-27 11:09:41.597161',	NULL,	18,	1),
(639,	'2025-06-16 09:00:00',	'2025-06-16 11:40:00',	'COMPLETADO',	'NINGUNO',	305,	0,	0,	'1',	'2025-06-15 18:36:10.573047',	'2025-07-27 11:10:10.736222',	NULL,	18,	24),
(630,	'2025-06-16 18:00:00',	'2025-06-16 19:40:00',	'COMPLETADO',	'NINGUNO',	195,	0,	0,	'1',	'2025-06-14 20:57:52.41949',	'2025-06-18 22:46:16.210571',	NULL,	18,	23),
(629,	'2025-06-16 12:00:00',	'2025-06-16 12:50:00',	'COMPLETADO',	'NINGUNO',	95,	0,	0,	'1',	'2025-06-14 20:56:10.798334',	'2025-06-16 10:29:16.307712',	NULL,	18,	1),
(627,	'2025-06-09 17:30:00',	'2025-06-09 18:20:00',	'COMPLETADO',	'PARCIAL',	95,	19,	0,	'1',	'2025-06-09 12:33:10.895511',	'2025-07-27 11:10:13.581713',	NULL,	18,	1),
(644,	'2025-06-16 08:00:00',	'2025-06-16 08:50:00',	'COMPLETADO',	'TOTAL',	95,	28.5,	0,	'1',	'2025-06-15 19:22:17.544687',	'2025-07-27 11:09:57.386653',	NULL,	18,	1),
(642,	'2025-06-16 11:00:00',	'2025-06-16 11:50:00',	'COMPLETADO',	'PARCIAL',	95,	19,	0,	'1',	'2025-06-15 19:10:12.787913',	'2025-07-27 11:10:02.556589',	NULL,	18,	1),
(632,	'2025-06-16 16:00:00',	'2025-06-16 18:40:00',	'COMPLETADO',	'PARCIAL',	305,	61,	0,	'1',	'2025-06-14 21:36:25.670433',	'2025-06-18 22:46:33.780123',	NULL,	18,	24),
(634,	'2025-06-16 12:00:00',	'2025-06-16 14:40:00',	'COMPLETADO',	'PARCIAL',	305,	61,	0,	'1',	'2025-06-14 23:23:59.309686',	'2025-06-18 22:51:00.936704',	NULL,	18,	24),
(654,	'2025-06-16 09:00:00',	'2025-06-16 09:50:00',	'COMPLETADO',	'TOTAL',	95,	28.5,	0,	'1',	'2025-06-15 20:55:35.696105',	'2025-07-27 11:09:38.237986',	NULL,	18,	1),
(640,	'2025-06-17 12:00:00',	'2025-06-17 12:50:00',	'COMPLETADO',	'PARCIAL',	95,	19,	0,	'1',	'2025-06-15 18:38:07.675433',	'2025-06-16 10:27:21.28313',	NULL,	18,	1),
(664,	'2025-06-17 19:00:00',	'2025-06-17 20:40:00',	'COMPLETADO',	'NINGUNO',	195,	0,	0,	'1',	'2025-06-17 14:03:19.699531',	'2025-06-17 15:09:40.952981',	NULL,	18,	23),
(666,	'2025-06-19 09:00:00',	'2025-06-19 09:50:00',	'COMPLETADO',	'NINGUNO',	70,	0,	0,	'1',	'2025-06-19 01:11:56.095843',	'2025-06-19 01:27:47.221584',	NULL,	18,	5),
(667,	'2025-06-19 08:00:00',	'2025-06-19 09:00:00',	'COMPLETADO',	'TOTAL',	200,	60,	0,	'1',	'2025-06-19 01:23:30.574384',	'2025-06-19 01:24:10.785827',	NULL,	18,	7),
(669,	'2025-06-19 18:00:00',	'2025-06-19 18:50:00',	'COMPLETADO',	'NINGUNO',	95,	0,	0,	'1',	'2025-06-19 01:36:31.551137',	'2025-06-19 01:47:27.320468',	NULL,	18,	7),
(665,	'2025-07-04 17:00:00',	'2025-07-04 19:40:00',	'COMPLETADO',	'NINGUNO',	305,	0,	0,	'1',	'2025-06-17 14:56:38.433746',	'2025-06-19 01:41:54.222149',	NULL,	18,	24),
(690,	'2025-08-13 17:00:00',	'2025-08-13 18:20:00',	'CANCELADO',	'NINGUNO',	120,	0,	0,	'1',	'2025-07-28 08:42:02.041969',	'2025-07-28 16:40:23.595709',	NULL,	18,	2),
(687,	'2025-08-19 19:00:00',	'2025-08-19 20:00:00',	'PENDIENTE',	'NINGUNO',	200,	0,	200,	'1',	'2025-07-28 08:40:34.909779',	'2025-07-28 08:40:34.985894',	NULL,	18,	7),
(688,	'2025-08-14 15:00:00',	'2025-08-14 15:50:00',	'CANCELADO',	'NINGUNO',	70,	0,	0,	'1',	'2025-07-28 08:40:56.80835',	'2025-07-28 08:59:38.8497',	NULL,	18,	5),
(684,	'2025-07-28 09:00:00',	'2025-07-28 09:50:00',	'MOROSO',	'NINGUNO',	70,	0,	70,	'1',	'2025-07-28 08:23:59.950239',	'2025-07-28 15:59:52.329839',	NULL,	18,	5),
(683,	'2025-07-28 19:00:00',	'2025-07-28 19:50:00',	'COMPLETADO',	'NINGUNO',	70,	0,	0,	'1',	'2025-07-28 07:50:23.455996',	'2025-07-28 16:42:04.696709',	NULL,	18,	5),
(689,	'2025-08-22 19:00:00',	'2025-08-22 20:00:00',	'ACTIVO',	'NINGUNO',	80,	0,	0,	'1',	'2025-07-28 08:41:17.869984',	'2025-07-28 08:41:40.21961',	NULL,	18,	3),
(685,	'2025-07-28 09:00:00',	'2025-07-28 10:40:00',	'COMPLETADO',	'TOTAL',	195,	58.5,	0,	'1',	'2025-07-28 08:24:18.306391',	'2025-07-28 16:01:07.954964',	NULL,	18,	23),
(691,	'2025-07-28 17:00:00',	'2025-07-28 18:40:00',	'EN PROGRESO - PAGADO',	'TOTAL',	195,	58.5,	0,	'1',	'2025-07-28 16:32:50.810917',	'2025-07-28 16:45:25.062034',	NULL,	18,	23),
(686,	'2025-08-20 19:00:00',	'2025-08-20 19:50:00',	'ACTIVO',	'NINGUNO',	100,	0,	0,	'1',	'2025-07-28 08:39:39.736877',	'2025-07-28 16:38:47.522096',	NULL,	18,	6),
(692,	'2025-07-28 17:00:00',	'2025-07-28 17:50:00',	'ACTIVO',	'NINGUNO',	70,	0,	0,	'1',	'2025-07-28 16:35:04.707612',	'2025-07-28 16:36:44.396626',	NULL,	18,	5);

DROP TABLE IF EXISTS "auditoria";
DROP SEQUENCE IF EXISTS auditoria_id_seq;
CREATE SEQUENCE auditoria_id_seq INCREMENT 1 MINVALUE 1 MAXVALUE 2147483647 CACHE 1;

CREATE TABLE "public"."auditoria" (
    "id" integer DEFAULT nextval('auditoria_id_seq') NOT NULL,
    "userId" integer,
    "entity" character varying NOT NULL,
    "accion" character varying NOT NULL,
    "description" character varying,
    "date" timestamp DEFAULT now() NOT NULL,
    "oldData" jsonb,
    "newData" jsonb,
    CONSTRAINT "PK_135fe98308816fe3a2d458e6637" PRIMARY KEY ("id")
) WITH (oids = false);

TRUNCATE "auditoria";
INSERT INTO "auditoria" ("id", "userId", "entity", "accion", "description", "date", "oldData", "newData") VALUES
(9,	4,	'Payment',	'CREAR',	'',	'2025-04-07 15:55:00.89502',	NULL,	'{"paymentId": "1322922654", "paymentUrl": "2243585522-c719ff0e-1fe1-46ea-b6a3-050098531279"}'),
(10,	4,	'Payment',	'CREAR',	'',	'2025-04-07 15:55:00.899506',	NULL,	'{"paymentId": "1322922654", "paymentUrl": "2243585522-c719ff0e-1fe1-46ea-b6a3-050098531279"}'),
(11,	4,	'Payment',	'CREAR',	'',	'2025-04-07 16:00:22.478868',	NULL,	'{"paymentId": "107216384579", "paymentUrl": "2243585522-18d1a5e9-6b91-447c-a7d5-91b021592952"}'),
(12,	4,	'Payment',	'CREAR',	'',	'2025-04-07 16:00:22.490108',	NULL,	'{"paymentId": "107216384579", "paymentUrl": "2243585522-18d1a5e9-6b91-447c-a7d5-91b021592952"}'),
(5,	18,	'Appointment',	'CREAR',	'',	'2025-04-07 15:44:38.423046',	NULL,	'{"advance": true, "package": "2", "discount": 1, "datetimeStart": "2025-04-07T19:00:00.000Z"}'),
(30,	4,	'Payment',	'CREAR',	'',	'2025-04-20 21:56:25.371841',	NULL,	'{"paymentId": "109014156098", "paymentUrl": "2243585522-d32f57f6-2d06-4a44-a54f-607763fa7829"}'),
(7,	18,	'Appointment',	'CREAR',	'',	'2025-04-07 15:51:41.667941',	NULL,	'{"advance": true, "package": "1", "discount": 1, "datetimeStart": "2025-04-07T19:00:00.000Z"}'),
(8,	18,	'Appointment',	'CREAR',	'',	'2025-04-07 15:54:39.854661',	NULL,	'{"advance": true, "package": "2", "discount": null, "datetimeStart": "2025-04-22T11:30:00.000Z"}'),
(31,	4,	'Payment',	'CREAR',	'',	'2025-04-20 21:56:25.379001',	NULL,	'{"paymentId": "109014156098", "paymentUrl": "2243585522-d32f57f6-2d06-4a44-a54f-607763fa7829"}'),
(14,	18,	'Appointment',	'CREAR',	'',	'2025-04-07 16:33:39.680915',	NULL,	'{"advance": true, "package": "1", "discount": null, "datetimeStart": "2025-04-23T11:30:00.000Z"}'),
(15,	18,	'Appointment',	'CREAR',	'',	'2025-04-07 16:33:39.997752',	NULL,	'{"advance": true, "package": "1", "discount": null, "datetimeStart": "2025-04-23T11:30:00.000Z"}'),
(616,	4,	'Auth',	'CREAR',	'',	'2025-06-02 12:57:10.58351',	NULL,	'{"email": "devops@glamadates.com", "password": "12345678"}'),
(629,	NULL,	'Category',	'BORRAR',	'',	'2025-06-02 14:27:06.353552',	NULL,	NULL),
(642,	NULL,	'Category',	'CREAR',	'',	'2025-06-02 17:27:27.075081',	NULL,	'{"name": "lll", "description": ""}'),
(654,	4,	'Auth',	'LOGIN',	'Inicio de sesin para devops@glamadates.com',	'2025-06-03 10:18:47.219002',	NULL,	NULL),
(655,	4,	'Auth',	'LOGIN',	'Inicio de sesin para devops@glamadates.com',	'2025-06-03 10:18:59.04964',	NULL,	NULL),
(669,	4,	'Service',	'ACTUALIZAR',	'',	'2025-06-03 10:44:18.254039',	'{"id": 24, "name": "michiterapia", "price": 100, "duration": 60, "description": "relajacion con gatitos"}',	'{"id": 24, "name": "MICHITERAPIA", "price": 100, "category": "10", "duration": 60, "description": "RELAJACIN CON GATITOS"}'),
(23,	18,	'Appointment',	'CREAR',	'',	'2025-04-08 10:57:30.528176',	NULL,	'{"advance": true, "package": "2", "discount": null, "datetimeStart": "2025-04-10T14:00:00.000Z"}'),
(681,	33,	'User',	'CREAR',	'Create User',	'2025-06-03 11:26:57.247576',	NULL,	NULL),
(703,	4,	'Auth',	'LOGIN',	'Inicio de sesin para devops@glamadates.com',	'2025-06-09 10:33:36.717992',	NULL,	NULL),
(26,	18,	'Appointment',	'CREAR',	'',	'2025-04-08 14:09:07.641366',	NULL,	'{"advance": true, "package": "3", "discount": null, "datetimeStart": "2025-04-24T13:30:00.000Z"}'),
(704,	4,	'Auth',	'LOGIN',	'Inicio de sesin para devops@glamadates.com',	'2025-06-09 10:33:36.936891',	NULL,	NULL),
(705,	4,	'Auth',	'LOGIN',	'Inicio de sesin para devops@glamadates.com',	'2025-06-09 10:33:44.547315',	NULL,	NULL),
(29,	18,	'Appointment',	'CREAR',	'',	'2025-04-20 21:55:10.374687',	NULL,	'{"advance": true, "package": "1", "discount": 1, "datetimeStart": "2025-04-21T11:00:00.000Z"}'),
(718,	4,	'Auth',	'LOGIN',	'Inicio de sesin para devops@glamadates.com',	'2025-06-09 10:58:44.134301',	NULL,	NULL),
(730,	4,	'Role',	'ACTUALIZAR',	'Update Role',	'2025-06-09 11:10:19.739105',	'{"id": 2, "role": "CLIENTE", "description": null}',	'{"role": "CLIENTE", "permissions": [1, 28, 27, 2, 29, 30, 50, 51, 6, 9, 17, 3, 25, 34, 43, 21, 47]}'),
(743,	18,	'Auth',	'LOGIN',	'Inicio de sesin para ailen@glamadates.com',	'2025-06-09 11:34:26.639839',	NULL,	NULL),
(744,	18,	'Appointment',	'CREAR',	'Create a new appointment',	'2025-06-09 11:34:40.616968',	NULL,	'{"advance": true, "package": "1", "discount": 2, "datetimeStart": "2025-06-09T22:00:00.000Z"}'),
(36,	18,	'Appointment',	'CREAR',	'',	'2025-04-24 17:26:39.451046',	NULL,	'{"advance": true, "package": "2", "discount": null, "datetimeStart": "2025-04-26T03:00:00.000Z"}'),
(37,	18,	'Appointment',	'CREAR',	'',	'2025-04-24 17:28:40.389887',	NULL,	'{"advance": true, "package": "1", "discount": null, "datetimeStart": "2025-05-06T12:00:00.000Z"}'),
(38,	18,	'Appointment',	'CREAR',	'',	'2025-04-24 17:28:40.543428',	NULL,	'{"advance": true, "package": "1", "discount": null, "datetimeStart": "2025-05-06T12:00:00.000Z"}'),
(758,	18,	'Payment',	'CREAR',	'Save payment information',	'2025-06-09 13:32:06.871929',	NULL,	'{"paymentId": "114015048969", "paymentUrl": "2243585522-cc23a158-5e0f-4e79-95a8-5c2a464e2c48"}'),
(776,	4,	'Auth',	'LOGIN',	'Inicio de sesin para devops@glamadates.com',	'2025-06-09 14:38:06.560262',	NULL,	NULL),
(786,	4,	'Workstation',	'ACTUALIZAR',	'Update workstation by ID',	'2025-06-09 15:40:13.842376',	'{"id": 2, "name": "SILLA MULTIUSO", "state": "ACTIVO", "description": "DESCRIPCION DE SILLA MULTIUSO"}',	'{"id": 2, "name": "SILLA MULTIUSO", "state": "ACTIVO", "categories": [1, 7, 8], "description": "DESCRIPCION DE SILLA MULTIUSO"}'),
(796,	18,	'Auth',	'LOGIN',	'Inicio de sesin para ailen@glamadates.com',	'2025-06-14 20:20:59.797786',	NULL,	NULL),
(804,	18,	'Auth',	'LOGIN',	'Inicio de sesin para ailen@glamadates.com',	'2025-06-14 21:05:42.063176',	NULL,	NULL),
(810,	18,	'Auth',	'LOGIN',	'Inicio de sesin para ailen@glamadates.com',	'2025-06-14 21:36:04.413835',	NULL,	NULL),
(811,	18,	'Appointment',	'CREAR',	'Create a new appointment',	'2025-06-14 21:36:28.715434',	NULL,	'{"advance": true, "package": "24", "discount": 2, "datetimeStart": "2025-06-16T19:00:00.000Z"}'),
(819,	18,	'Appointment',	'CREAR',	'Create a new appointment',	'2025-06-15 09:03:09.574853',	NULL,	'{"advance": true, "package": "24", "discount": null, "datetimeStart": "2025-06-16T11:00:00.000Z"}'),
(826,	4,	'Appointment',	'ACTUALIZAR',	'Register cash payment for an appointment',	'2025-06-15 09:37:31.643382',	'{"id": 636, "state": "PENDIENTE", "total": 95, "advance": true, "pending": 95, "discount": 0, "datetimeEnd": "2025-06-18T16:50:00.000Z", "discountType": "NINGUNO", "datetimeStart": "2025-06-18T16:00:00.000Z"}',	'{"observation": "adelantado el pago"}'),
(833,	4,	'Auth',	'LOGIN',	'Inicio de sesin para devops@glamadates.com',	'2025-06-15 11:08:06.726449',	NULL,	NULL),
(51,	18,	'Appointment',	'CREAR',	'',	'2025-04-24 18:42:42.769572',	NULL,	'{"advance": true, "package": "1", "discount": null, "datetimeStart": "2025-04-26T03:30:00.000Z"}'),
(52,	18,	'Appointment',	'CREAR',	'',	'2025-04-24 18:52:43.178259',	NULL,	'{"advance": true, "package": "5", "discount": null, "datetimeStart": "2025-04-26T03:00:00.000Z"}'),
(53,	18,	'Appointment',	'CREAR',	'',	'2025-04-24 18:53:25.184619',	NULL,	'{"advance": true, "package": "5", "discount": null, "datetimeStart": "2025-04-25T12:00:00.000Z"}'),
(55,	18,	'Appointment',	'CREAR',	'',	'2025-04-28 11:34:05.300117',	NULL,	'{"advance": true, "package": "5", "discount": 2, "datetimeStart": "2025-04-28T15:00:00.000Z"}'),
(56,	18,	'Appointment',	'CREAR',	'',	'2025-04-28 11:35:04.04925',	NULL,	'{"advance": true, "package": "5", "discount": null, "datetimeStart": "2025-05-02T15:30:00.000Z"}'),
(57,	18,	'Appointment',	'CREAR',	'',	'2025-04-28 11:35:41.180668',	NULL,	'{"advance": true, "package": "5", "discount": null, "datetimeStart": "2025-04-28T22:00:00.000Z"}'),
(58,	18,	'Appointment',	'CREAR',	'',	'2025-04-28 12:15:53.753529',	NULL,	'{"advance": true, "package": "2", "discount": 1, "datetimeStart": "2025-04-28T15:30:00.000Z"}'),
(59,	4,	'Payment',	'CREAR',	'',	'2025-04-28 12:17:00.001311',	NULL,	'{"paymentId": "109308499963", "paymentUrl": "2243585522-86c5fe5b-4f68-4f73-89c4-1f56a68fd58e"}'),
(60,	4,	'Payment',	'CREAR',	'',	'2025-04-28 12:17:00.011189',	NULL,	'{"paymentId": "109308499963", "paymentUrl": "2243585522-86c5fe5b-4f68-4f73-89c4-1f56a68fd58e"}'),
(65,	4,	'Payment',	'CREAR',	'',	'2025-04-28 20:39:49.597205',	NULL,	'{"paymentId": "109358792465", "paymentUrl": "2243585522-3d6fe43d-0036-4e2e-b228-918d98d6f151"}'),
(66,	4,	'Payment',	'CREAR',	'',	'2025-04-28 20:39:49.605235',	NULL,	'{"paymentId": "109358792465", "paymentUrl": "2243585522-3d6fe43d-0036-4e2e-b228-918d98d6f151"}'),
(74,	4,	'Payment',	'CREAR',	'',	'2025-04-29 17:41:15.553384',	NULL,	'{"paymentId": "109443027469", "paymentUrl": "2243585522-a13e9067-ee2b-4998-99aa-c674914c2c87"}'),
(75,	4,	'Payment',	'CREAR',	'',	'2025-04-29 17:41:15.559576',	NULL,	'{"paymentId": "109443027469", "paymentUrl": "2243585522-a13e9067-ee2b-4998-99aa-c674914c2c87"}'),
(86,	4,	'Payment',	'CREAR',	'',	'2025-04-29 19:26:32.443444',	NULL,	'{"paymentId": "1335465727", "paymentUrl": "2243585522-9300b070-b56e-48fc-b514-04dc3302f89b"}'),
(70,	18,	'Appointment',	'CREAR',	'',	'2025-04-29 17:18:30.823641',	NULL,	'{"advance": true, "package": "5", "discount": null, "datetimeStart": "2025-05-12T19:30:00.000Z"}'),
(71,	18,	'Appointment',	'CREAR',	'',	'2025-04-29 17:18:51.047193',	NULL,	'{"advance": true, "package": "5", "discount": null, "datetimeStart": "2025-05-22T21:00:00.000Z"}'),
(72,	18,	'Appointment',	'CREAR',	'',	'2025-04-29 17:19:12.399382',	NULL,	'{"advance": false, "package": "5", "discount": null, "datetimeStart": "2025-05-16T20:00:00.000Z"}'),
(73,	18,	'Appointment',	'CREAR',	'',	'2025-04-29 17:40:24.983775',	NULL,	'{"advance": true, "package": "1", "discount": null, "datetimeStart": "2025-05-01T20:00:00.000Z"}'),
(87,	4,	'Payment',	'CREAR',	'',	'2025-04-29 19:26:32.454995',	NULL,	'{"paymentId": "1335465727", "paymentUrl": "2243585522-9300b070-b56e-48fc-b514-04dc3302f89b"}'),
(98,	4,	'Payment',	'CREAR',	'',	'2025-04-30 17:08:55.051944',	NULL,	'{"paymentId": "1323226476", "paymentUrl": "2243585522-ba113eb6-0bfd-4d30-b81c-bcd3d3d449a3"}'),
(99,	4,	'Payment',	'CREAR',	'',	'2025-04-30 17:08:55.05547',	NULL,	'{"paymentId": "1323226476", "paymentUrl": "2243585522-ba113eb6-0bfd-4d30-b81c-bcd3d3d449a3"}'),
(104,	4,	'Payment',	'CREAR',	'',	'2025-04-30 17:47:54.884068',	NULL,	'{"paymentId": "1335510047", "paymentUrl": "2243585522-c8de674f-4794-4bde-878b-01920e0b927b"}'),
(105,	4,	'Payment',	'CREAR',	'',	'2025-04-30 17:47:54.889111',	NULL,	'{"paymentId": "1335510047", "paymentUrl": "2243585522-c8de674f-4794-4bde-878b-01920e0b927b"}'),
(176,	4,	'Users',	'CREAR',	'',	'2025-05-07 15:06:02.241363',	NULL,	'{"email": "coso@glamadates.com", "phone": "3755267983", "gender": "femenino", "lastName": "coso", "password": "12345678", "firstName": "coso"}'),
(82,	15,	'appointment',	'COMPLETAR_TURNO',	NULL,	'2025-04-29 18:49:09.757804',	'{"detail": {"id": 16, "isCompleted": false}, "estado": "ACTIVO"}',	'{"detail": {"id": 16, "isCompleted": true}, "estado": "COMPLETADO"}'),
(83,	15,	'appointment',	'COMPLETAR_TURNO',	NULL,	'2025-04-29 18:51:01.20237',	'{"detail": {"id": 433, "isCompleted": false}, "estado": "PENDIENTE"}',	'{"detail": {"id": 433, "isCompleted": true}, "estado": "MOROSO"}'),
(181,	4,	'Users',	'CREAR',	'',	'2025-05-07 15:19:52.653416',	NULL,	'{"role": "1", "email": "devops_et3j2k3f@email.com", "phone": "12345678", "gender": "F", "lastName": "OPS", "password": "123", "birthdate": "2025-04-06T17:00:00.000Z", "firstName": "DEV", "categories": [1]}'),
(85,	18,	'Appointment',	'CREAR',	'',	'2025-04-29 19:26:06.481667',	NULL,	'{"advance": true, "package": "24", "discount": null, "datetimeStart": "2025-05-01T19:00:00.000Z"}'),
(182,	4,	'Users',	'CREAR',	'',	'2025-05-07 15:20:30.996316',	NULL,	'{"email": "eze@glamadates.com", "phone": "3755267983", "gender": "masculino", "lastName": "lito", "password": "12345678", "birthdate": "2025-05-01", "firstName": "ezequiel"}'),
(89,	15,	'appointment',	'COMPLETAR_TURNO',	NULL,	'2025-04-29 19:27:30.127651',	'{"detail": {"id": 457, "isCompleted": false}, "estado": "ACTIVO"}',	'{"detail": {"id": 457, "isCompleted": true}, "estado": "EN PROGRESO - PAGADO"}'),
(90,	15,	'appointment',	'COMPLETAR_TURNO',	NULL,	'2025-04-29 19:27:56.611854',	'{"detail": {"id": 457, "isCompleted": true}, "estado": "EN PROGRESO - PAGADO"}',	'{"detail": {"id": 457, "isCompleted": true}, "estado": "EN PROGRESO - PAGADO"}'),
(630,	NULL,	'Category',	'CREAR',	'',	'2025-06-02 14:35:00.980688',	NULL,	'{"name": "h", "description": ""}'),
(631,	NULL,	'Category',	'BORRAR',	'',	'2025-06-02 14:35:06.279436',	NULL,	NULL),
(643,	4,	'Auth',	'LOGIN',	'Inicio de sesin para devops@glamadates.com',	'2025-06-03 09:11:02.210946',	NULL,	NULL),
(94,	18,	'Appointment',	'CREAR',	'',	'2025-04-30 17:06:22.227198',	NULL,	'{"advance": true, "package": "5", "discount": null, "datetimeStart": "2025-05-02T22:00:00.000Z"}'),
(656,	4,	'Auth',	'LOGIN',	'Inicio de sesin para devops@glamadates.com',	'2025-06-03 10:19:09.099495',	NULL,	NULL),
(670,	4,	'Service',	'BORRAR',	'',	'2025-06-03 10:44:26.763174',	'{"id": 24, "name": "MICHITERAPIA", "price": 100, "duration": 60, "description": "RELAJACIN CON GATITOS"}',	'{}'),
(97,	18,	'Appointment',	'CREAR',	'',	'2025-04-30 17:08:41.073359',	NULL,	'{"advance": true, "package": "5", "discount": null, "datetimeStart": "2025-04-30T22:00:00.000Z"}'),
(682,	4,	'Auth',	'LOGIN',	'Inicio de sesin para devops@glamadates.com',	'2025-06-03 11:38:59.745013',	NULL,	NULL),
(101,	15,	'appointment',	'COMPLETAR_TURNO',	NULL,	'2025-04-30 17:16:35.363659',	'{"detail": {"id": 460, "isCompleted": false}, "estado": "ACTIVO"}',	'{"detail": {"id": 460, "isCompleted": true}, "estado": "COMPLETADO"}'),
(691,	4,	'Auth',	'LOGIN',	'Inicio de sesin para devops@glamadates.com',	'2025-06-03 17:56:15.539185',	NULL,	NULL),
(103,	18,	'Appointment',	'CREAR',	'',	'2025-04-30 17:47:34.028413',	NULL,	'{"advance": true, "package": "24", "discount": null, "datetimeStart": "2025-05-13T12:00:00.000Z"}'),
(692,	4,	'Auth',	'LOGIN',	'Inicio de sesin para devops@glamadates.com',	'2025-06-06 22:22:13.111102',	NULL,	NULL),
(706,	4,	'Auth',	'LOGIN',	'Inicio de sesin para devops@glamadates.com',	'2025-06-09 10:36:53.465554',	NULL,	NULL),
(108,	15,	'appointment',	'COMPLETAR_TURNO',	NULL,	'2025-04-30 20:11:35.629683',	'{"detail": {"id": 459, "isCompleted": false}, "estado": "PENDIENTE"}',	'{"detail": {"id": 459, "isCompleted": true}, "estado": "MOROSO"}'),
(719,	4,	'Role',	'ACTUALIZAR',	'Update Role',	'2025-06-09 11:00:37.00762',	'{"id": 2, "role": "CLIENTE", "description": null}',	'{"role": "CLIENTE", "permissions": [1, 28, 27, 2, 29, 30, 50, 51, 6, 9, 17]}'),
(731,	18,	'Auth',	'LOGIN',	'Inicio de sesin para ailen@glamadates.com',	'2025-06-09 11:10:30.456291',	NULL,	NULL),
(111,	18,	'Appointment',	'CREAR',	'',	'2025-05-05 09:52:25.276321',	NULL,	'{"advance": true, "package": "5", "discount": null, "datetimeStart": "2025-05-05T20:00:00.000Z"}'),
(732,	18,	'Appointment',	'CREAR',	'Create a new appointment',	'2025-06-09 11:10:48.606811',	NULL,	'{"advance": true, "package": "1", "discount": 1, "datetimeStart": "2025-06-09T14:30:00.000Z"}'),
(745,	18,	'Appointment',	'CREAR',	'Create a new appointment',	'2025-06-09 11:38:21.01018',	NULL,	'{"advance": true, "package": "1", "discount": 2, "datetimeStart": "2025-06-09T22:00:00.000Z"}'),
(759,	18,	'Appointment',	'CREAR',	'Create a new appointment',	'2025-06-09 13:33:08.151271',	NULL,	'{"advance": true, "package": "1", "discount": 2, "datetimeStart": "2025-06-09T19:30:00.000Z"}'),
(765,	4,	'Auth',	'LOGIN',	'Inicio de sesin para devops@glamadates.com',	'2025-06-09 14:06:14.783055',	NULL,	NULL),
(777,	4,	'Auth',	'LOGIN',	'Inicio de sesin para devops@glamadates.com',	'2025-06-09 14:38:35.867162',	NULL,	NULL),
(787,	4,	'Auth',	'LOGIN',	'Inicio de sesin para devops@glamadates.com',	'2025-06-09 20:48:04.604007',	NULL,	NULL),
(112,	18,	'Appointment',	'CREAR',	'',	'2025-05-05 10:09:22.21854',	NULL,	'{"advance": true, "package": "6", "discount": 2, "datetimeStart": "2025-05-05T15:30:00.000Z"}'),
(113,	4,	'Payment',	'CREAR',	'',	'2025-05-05 10:09:59.584235',	NULL,	'{"paymentId": "110457659122", "paymentUrl": "2243585522-0db4b273-734b-4d1c-9832-6b7f93e72a64"}'),
(118,	18,	'Appointment',	'CREAR',	'',	'2025-05-05 10:22:10.182977',	NULL,	'{"advance": true, "package": "1", "discount": null, "datetimeStart": "2025-05-07T16:00:00.000Z"}'),
(114,	4,	'Payment',	'CREAR',	'',	'2025-05-05 10:09:59.591809',	NULL,	'{"paymentId": "110457659122", "paymentUrl": "2243585522-0db4b273-734b-4d1c-9832-6b7f93e72a64"}'),
(122,	15,	'appointment',	'COMPLETAR_TURNO',	NULL,	'2025-05-05 10:25:21.903276',	'{"detail": {"id": 464, "isCompleted": false}, "estado": "ACTIVO"}',	'{"detail": {"id": 464, "isCompleted": true}, "estado": "COMPLETADO"}'),
(116,	4,	'Payment',	'CREAR',	'',	'2025-05-05 10:21:24.061641',	NULL,	'{"paymentId": "110458803902", "paymentUrl": "2243585522-6dd311af-12f4-40a7-be36-f944f705edb6"}'),
(117,	4,	'Payment',	'CREAR',	'',	'2025-05-05 10:21:24.082616',	NULL,	'{"paymentId": "110458803902", "paymentUrl": "2243585522-6dd311af-12f4-40a7-be36-f944f705edb6"}'),
(119,	4,	'Payment',	'CREAR',	'',	'2025-05-05 10:22:27.008582',	NULL,	'{"paymentId": "1335625151", "paymentUrl": "2243585522-1464e5bb-7de5-4eea-a627-be3d0ad3967d"}'),
(126,	18,	'Appointment',	'CREAR',	'',	'2025-05-05 10:46:53.048775',	NULL,	'{"advance": true, "package": "7", "discount": null, "datetimeStart": "2025-05-09T18:00:00.000Z"}'),
(120,	4,	'Payment',	'CREAR',	'',	'2025-05-05 10:22:27.021791',	NULL,	'{"paymentId": "1335625151", "paymentUrl": "2243585522-1464e5bb-7de5-4eea-a627-be3d0ad3967d"}'),
(147,	4,	'Payment',	'CREAR',	'',	'2025-05-05 15:55:37.88471',	NULL,	'{"paymentId": "110496833234", "paymentUrl": "2243585522-0f5161a1-4dd0-438f-b11f-4cb3545ef9c2"}'),
(129,	18,	'Appointment',	'CREAR',	'',	'2025-05-05 10:48:01.360233',	NULL,	'{"advance": true, "package": "7", "discount": 2, "datetimeStart": "2025-05-05T19:00:00.000Z"}'),
(148,	4,	'Payment',	'CREAR',	'',	'2025-05-05 15:55:37.902782',	NULL,	'{"paymentId": "110496833234", "paymentUrl": "2243585522-0f5161a1-4dd0-438f-b11f-4cb3545ef9c2"}'),
(167,	4,	'Users',	'CREAR',	'',	'2025-05-07 12:36:36.479253',	NULL,	'{"email": "carla@glamadates.com", "gender": "femenino", "roleId": 3, "lastName": "Mendez", "password": "12345678", "firstName": "Carla"}'),
(168,	4,	'Auth',	'CREAR',	'',	'2025-05-07 12:37:09.311644',	NULL,	'{"email": "carla@glamadates.com", "password": "12345678"}'),
(169,	4,	'Users',	'CREAR',	'',	'2025-05-07 12:49:42.996532',	NULL,	'{"email": "clau@glamadates.com", "roleId": 3, "lastName": "Muller", "password": "12345678", "firstName": "Claudia"}'),
(170,	4,	'Users',	'CREAR',	'',	'2025-05-07 13:42:46.880526',	NULL,	'{"email": "cristian@glamadates.com", "roleId": 3, "lastName": "gomez", "password": "12345678", "firstName": "cristian"}'),
(632,	NULL,	'Category',	'CREAR',	'',	'2025-06-02 14:40:29.123114',	NULL,	'{"name": "fff", "description": ""}'),
(644,	NULL,	'Category',	'CREAR',	'',	'2025-06-03 09:12:28.915189',	NULL,	'{"name": "mm", "description": ""}'),
(657,	4,	'Auth',	'LOGIN',	'Inicio de sesin para devops@glamadates.com',	'2025-06-03 10:20:54.308117',	NULL,	NULL),
(671,	4,	'Package',	'ACTUALIZAR',	'',	'2025-06-03 10:46:33.71131',	'{"id": 30, "name": "PROBANDO", "description": "PROBANDO EL SERVICIO"}',	'{"id": 30, "name": "PROBANDO", "price": 160, "duration": 60, "services": ["18", "17"], "description": "PROBANDO EL SERVICIO"}'),
(683,	4,	'User',	'CREAR',	'',	'2025-06-03 11:39:22.849412',	NULL,	'{"role": "2", "email": "hh@hhhh.hhh", "phone": "", "gender": "", "lastName": "HHHH", "firstName": "HHH", "categories": []}'),
(693,	4,	'Auth',	'LOGIN',	'Inicio de sesin para devops@glamadates.com',	'2025-06-06 23:17:49.612202',	NULL,	NULL),
(707,	4,	'Auth',	'LOGIN',	'Inicio de sesin para devops@glamadates.com',	'2025-06-09 10:38:12.700121',	NULL,	NULL),
(720,	18,	'Auth',	'LOGIN',	'Inicio de sesin para ailen@glamadates.com',	'2025-06-09 11:01:06.800186',	NULL,	NULL),
(733,	18,	'Appointment',	'ACTUALIZAR',	'Rearrange appointment',	'2025-06-09 11:11:49.792867',	'{"id": 575, "state": "ACTIVO", "total": 70, "advance": true, "pending": 0, "discount": 0, "datetimeEnd": "2025-06-13T20:50:00.000Z", "discountType": "NINGUNO", "datetimeStart": "2025-06-13T20:00:00.000Z"}',	'{"id": 575, "datetimeOld": "2025-06-13T20:00:00.000Z", "datetimeStart": "2025-06-09T22:00:00.000Z"}'),
(746,	18,	'Auth',	'LOGIN',	'Inicio de sesin para ailen@glamadates.com',	'2025-06-09 12:12:49.697389',	NULL,	NULL),
(146,	18,	'Appointment',	'CREAR',	'',	'2025-05-05 15:53:20.389047',	NULL,	'{"advance": true, "package": "5", "discount": null, "datetimeStart": "2025-05-06T18:00:00.000Z"}'),
(747,	18,	'Appointment',	'CREAR',	'Create a new appointment',	'2025-06-09 12:13:06.338256',	NULL,	'{"advance": true, "package": "1", "discount": 2, "datetimeStart": "2025-06-09T20:00:00.000Z"}'),
(150,	15,	'appointment',	'COMPLETAR_TURNO',	NULL,	'2025-05-05 15:57:35.449736',	'{"detail": {"id": 465, "isCompleted": false}, "estado": "ACTIVO"}',	'{"detail": {"id": 465, "isCompleted": true}, "estado": "COMPLETADO"}'),
(760,	18,	'Payment',	'CREAR',	'Save payment information',	'2025-06-09 13:33:46.970345',	NULL,	'{"paymentId": "1323649128", "paymentUrl": "2243585522-08243bee-238f-4c03-9d12-780374d1fae3"}'),
(766,	4,	'Auth',	'LOGIN',	'Inicio de sesin para devops@glamadates.com',	'2025-06-09 14:06:40.590982',	NULL,	NULL),
(778,	4,	'Auth',	'LOGIN',	'Inicio de sesin para devops@glamadates.com',	'2025-06-09 14:42:47.096901',	NULL,	NULL),
(788,	4,	'Auth',	'LOGIN',	'Inicio de sesin para devops@glamadates.com',	'2025-06-09 21:06:45.135282',	NULL,	NULL),
(155,	18,	'Appointment',	'CREAR',	'',	'2025-05-05 17:38:17.962017',	NULL,	'{"advance": true, "package": "7", "discount": 1, "datetimeStart": "2025-05-05T21:00:00.000Z"}'),
(797,	18,	'Auth',	'LOGIN',	'Inicio de sesin para ailen@glamadates.com',	'2025-06-14 20:28:59.542046',	NULL,	NULL),
(805,	4,	'Auth',	'LOGIN',	'Inicio de sesin para devops@glamadates.com',	'2025-06-14 21:07:38.678845',	NULL,	NULL),
(812,	18,	'Auth',	'LOGIN',	'Inicio de sesin para ailen@glamadates.com',	'2025-06-14 23:20:31.755551',	NULL,	NULL),
(820,	18,	'Auth',	'LOGIN',	'Inicio de sesin para ailen@glamadates.com',	'2025-06-15 09:32:43.654691',	NULL,	NULL),
(827,	18,	'Auth',	'LOGIN',	'Inicio de sesin para ailen@glamadates.com',	'2025-06-15 09:38:03.795006',	NULL,	NULL),
(834,	4,	'Auth',	'LOGIN',	'Inicio de sesin para devops@glamadates.com',	'2025-06-15 11:59:44.133762',	NULL,	NULL),
(842,	18,	'Payment',	'CREAR',	'Save payment information',	'2025-06-15 17:36:12.437018',	NULL,	'{"paymentId": "114756687755", "paymentUrl": "2243585522-43785ff6-bc3b-426a-944a-3794c54f0eaf"}'),
(848,	18,	'Appointment',	'CREAR',	'Create a new appointment',	'2025-06-15 18:38:09.064886',	NULL,	'{"advance": true, "package": "1", "discount": 2, "datetimeStart": "2025-06-15T22:00:00.000Z"}'),
(853,	18,	'Payment',	'CREAR',	'Save payment information',	'2025-06-15 19:17:11.071512',	NULL,	'{"paymentId": "114764921011", "paymentUrl": "2243585522-b1a5f6ee-879f-4a02-b287-02524dd9eef9"}'),
(860,	18,	'Appointment',	'CREAR',	'Create a new appointment',	'2025-06-15 20:07:44.912262',	NULL,	'{"advance": true, "package": "7", "discount": 1, "datetimeStart": "2025-06-16T18:00:00.000Z"}'),
(864,	18,	'Payment',	'CREAR',	'Save payment information',	'2025-06-15 20:25:55.643499',	NULL,	'{"paymentId": "114770715673", "paymentUrl": "2243585522-ea682ebf-81d3-4729-956f-b607f3578266"}'),
(871,	18,	'Payment',	'CREAR',	'Save payment information',	'2025-06-15 20:49:02.410267',	NULL,	'{"paymentId": "114772740691", "paymentUrl": "2243585522-6d8e6ee5-1e4e-43c1-b983-2ca2d15580ad"}'),
(872,	18,	'Payment',	'CREAR',	'Save payment information',	'2025-06-15 20:49:02.460055',	NULL,	'{"paymentId": "114772740691", "paymentUrl": "2243585522-6d8e6ee5-1e4e-43c1-b983-2ca2d15580ad"}'),
(893,	4,	'Auth',	'LOGIN',	'Inicio de sesin para devops@glamadates.com',	'2025-06-16 10:01:27.580335',	NULL,	NULL),
(188,	4,	'Payment',	'CREAR',	'',	'2025-05-07 15:54:38.248798',	NULL,	'{"paymentId": "1335763385", "paymentUrl": "2243585522-39f6bdb3-9923-44e5-b4d2-c92769fd14aa"}'),
(189,	4,	'Payment',	'CREAR',	'',	'2025-05-07 15:54:38.260527',	NULL,	'{"paymentId": "1335763385", "paymentUrl": "2243585522-39f6bdb3-9923-44e5-b4d2-c92769fd14aa"}'),
(205,	4,	'Payment',	'CREAR',	'',	'2025-05-08 10:58:08.164852',	NULL,	'{"paymentId": "1323298970", "paymentUrl": "2243585522-86a8c212-aba1-42f2-becd-d0edd1a19210"}'),
(206,	4,	'Payment',	'CREAR',	'',	'2025-05-08 10:58:08.17709',	NULL,	'{"paymentId": "1323298970", "paymentUrl": "2243585522-86a8c212-aba1-42f2-becd-d0edd1a19210"}'),
(210,	4,	'Payment',	'CREAR',	'',	'2025-05-08 11:04:11.00857',	NULL,	'{"paymentId": "110435140449", "paymentUrl": "2243585522-4b3700a1-1025-4975-90c8-458975467ded"}'),
(211,	4,	'Payment',	'CREAR',	'',	'2025-05-08 11:04:11.015291',	NULL,	'{"paymentId": "110435140449", "paymentUrl": "2243585522-4b3700a1-1025-4975-90c8-458975467ded"}'),
(212,	4,	'Payment',	'CREAR',	'',	'2025-05-08 11:05:02.01001',	NULL,	'{"paymentId": "110886337504", "paymentUrl": "2243585522-4b3700a1-1025-4975-90c8-458975467ded"}'),
(213,	4,	'Payment',	'CREAR',	'',	'2025-05-08 11:05:02.042072',	NULL,	'{"paymentId": "110886337504", "paymentUrl": "2243585522-4b3700a1-1025-4975-90c8-458975467ded"}'),
(185,	18,	'Appointment',	'CREAR',	'',	'2025-05-07 15:51:58.866109',	NULL,	'{"advance": true, "package": "5", "discount": null, "datetimeStart": "2025-05-22T18:00:00.000Z"}'),
(186,	18,	'Appointment',	'CREAR',	'',	'2025-05-07 15:52:12.524268',	NULL,	'{"advance": true, "package": "5", "discount": null, "datetimeStart": "2025-05-13T17:30:00.000Z"}'),
(187,	18,	'Appointment',	'CREAR',	'',	'2025-05-07 15:54:21.130494',	NULL,	'{"advance": true, "package": "5", "discount": 2, "datetimeStart": "2025-05-07T20:00:00.000Z"}'),
(217,	4,	'Payment',	'CREAR',	'',	'2025-05-08 11:13:49.303607',	NULL,	'{"paymentId": "110436299419", "paymentUrl": "2243585522-891e28e5-b88e-47ba-96b7-a2190598de4b"}'),
(191,	18,	'Appointment',	'CREAR',	'',	'2025-05-07 17:02:37.93362',	NULL,	'{"advance": true, "package": "1", "discount": 2, "datetimeStart": "2025-05-07T21:30:00.000Z"}'),
(218,	4,	'Payment',	'CREAR',	'',	'2025-05-08 11:13:49.314027',	NULL,	'{"paymentId": "110436299419", "paymentUrl": "2243585522-891e28e5-b88e-47ba-96b7-a2190598de4b"}'),
(197,	28,	'Users',	'CREAR',	'',	'2025-05-07 17:17:13.364434',	NULL,	'{"email": "juanjo@glamadates.com", "lastName": "Bolano", "password": "12345678", "firstName": "Juanjo"}'),
(194,	18,	'Appointment',	'CREAR',	'',	'2025-05-07 17:04:21.492145',	NULL,	'{"advance": true, "package": "1", "discount": 2, "datetimeStart": "2025-05-07T21:00:00.000Z"}'),
(172,	4,	'Users',	'CREAR',	'',	'2025-05-07 14:22:53.539084',	NULL,	'{"email": "eze@glamadates.com", "phone": "3755267983", "gender": "masculino", "roleId": 3, "lastName": "lito", "password": "12345678", "birthDate": "2025-04-28", "firstName": "ezequiel"}'),
(173,	4,	'Users',	'CREAR',	'',	'2025-05-07 14:26:45.072589',	NULL,	'{"email": "normal@glamadates.com", "phone": "3755267983", "gender": "prefiero-no-decir", "roleId": 3, "lastName": "normal", "password": "12345678", "firstName": "cliente"}'),
(175,	4,	'Users',	'CREAR',	'',	'2025-05-07 14:42:04.324477',	NULL,	'{"role": "1", "email": "devops_izpcvdvh@email.com", "phone": "12345678", "gender": "F", "lastName": "OPS", "password": "123", "firstName": "DEV", "categories": [1]}'),
(199,	28,	'Appointment',	'CREAR',	'',	'2025-05-07 17:21:03.448393',	NULL,	'{"advance": true, "package": "1", "discount": null, "datetimeStart": "2025-05-22T22:00:00.000Z"}'),
(286,	4,	'Appointment',	'CREAR',	'',	'2025-05-14 17:07:00.021061',	NULL,	'{}'),
(633,	NULL,	'Category',	'BORRAR',	'',	'2025-06-02 14:41:10.268191',	NULL,	NULL),
(645,	NULL,	'Category',	'CREAR',	'',	'2025-06-03 09:16:53.001418',	NULL,	'{"name": "l", "description": ""}'),
(204,	18,	'Appointment',	'CREAR',	'',	'2025-05-08 10:57:47.001652',	NULL,	'{"advance": true, "package": "5", "discount": 2, "datetimeStart": "2025-05-08T15:00:00.000Z"}'),
(658,	4,	'Role',	'ACTUALIZAR',	'',	'2025-06-03 10:29:47.791895',	'{"id": 1, "role": "ADMIN", "description": null}',	'{"role": "ADMIN", "permissions": [1, 2, 3, 4, 5, 6, 7, 8, 9, 10, 11, 12, 13, 14, 15, 16, 17, 18, 19, 20, 21, 22, 23, 24, 25, 26, 28, 29, 32, 34, 35, 36, 37, 38, 39, 40, 41, 42, 43, 44, 45, 46, 49, 53, 52, 51, 50, 48, 47]}'),
(672,	4,	'Auth',	'LOGIN',	'Inicio de sesin para devops@glamadates.com',	'2025-06-03 10:50:45.396262',	NULL,	NULL),
(209,	18,	'Appointment',	'CREAR',	'',	'2025-05-08 11:03:23.75536',	NULL,	'{"advance": true, "package": "6", "discount": 2, "datetimeStart": "2025-05-08T16:00:00.000Z"}'),
(684,	35,	'User',	'CREAR',	'Create User',	'2025-06-03 11:46:15.970254',	NULL,	'{"id": 35, "role": {"id": 2, "role": "CLIENTE", "description": null, "permissions": [{"id": 1, "permission": "create:appointments", "description": null}, {"id": 28, "permission": "see:catalog", "description": null}, {"id": 27, "permission": "read:mydate", "description": null}, {"id": 2, "permission": "update:appointments", "description": null}, {"id": 29, "permission": "read:availableappointments", "description": null}, {"id": 30, "permission": "read:mydate-calendar", "description": null}, {"id": 3, "permission": "read:appointments", "description": null}, {"id": 50, "permission": "save:payment", "description": null}, {"id": 51, "permission": "get:payment-url", "description": null}]}, "email": "wwww@wwww.www", "phone": null, "gender": null, "lastName": "WWW", "birthdate": null, "deletedAt": null, "firstName": "WWWW", "categories": [], "branchOfficeId": null, "appointmentClient": []}'),
(694,	4,	'Auth',	'LOGIN',	'Inicio de sesin para devops@glamadates.com',	'2025-06-07 15:59:18.540047',	NULL,	NULL),
(216,	18,	'Appointment',	'CREAR',	'',	'2025-05-08 11:13:03.517902',	NULL,	'{"advance": true, "package": "5", "discount": 2, "datetimeStart": "2025-05-08T21:30:00.000Z"}'),
(708,	4,	'Auth',	'LOGIN',	'Inicio de sesin para devops@glamadates.com',	'2025-06-09 10:47:02.52121',	NULL,	NULL),
(721,	4,	'Role',	'ACTUALIZAR',	'Update Role',	'2025-06-09 11:02:25.025813',	'{"id": 2, "role": "CLIENTE", "description": null}',	'{"role": "CLIENTE", "permissions": [1, 28, 27, 2, 29, 30, 50, 51, 6, 9, 17, 3]}'),
(221,	18,	'Appointment',	'CREAR',	'',	'2025-05-08 11:15:10.414821',	NULL,	'{"advance": true, "package": "6", "discount": 2, "datetimeStart": "2025-05-08T17:30:00.000Z"}'),
(222,	18,	'Appointment',	'CREAR',	'',	'2025-05-08 11:15:56.997168',	NULL,	'{"advance": true, "package": "7", "discount": 2, "datetimeStart": "2025-05-08T18:30:00.000Z"}'),
(734,	18,	'Auth',	'LOGIN',	'Inicio de sesin para ailen@glamadates.com',	'2025-06-09 11:12:37.796223',	NULL,	NULL),
(748,	4,	'Auth',	'LOGIN',	'Inicio de sesin para devops@glamadates.com',	'2025-06-09 12:18:29.807413',	NULL,	NULL),
(761,	18,	'Payment',	'CREAR',	'Save payment information',	'2025-06-09 13:33:47.060322',	NULL,	'{"paymentId": "1323649128", "paymentUrl": "2243585522-08243bee-238f-4c03-9d12-780374d1fae3"}'),
(767,	4,	'Auth',	'LOGIN',	'Inicio de sesin para devops@glamadates.com',	'2025-06-09 14:08:21.14224',	NULL,	NULL),
(779,	4,	'Auth',	'LOGIN',	'Inicio de sesin para devops@glamadates.com',	'2025-06-09 14:48:30.032425',	NULL,	NULL),
(226,	4,	'Payment',	'CREAR',	'',	'2025-05-08 19:53:10.816654',	NULL,	'{"paymentId": "1323311686", "paymentUrl": "2243585522-8da2ac00-6ba7-458c-9583-7b8b1c9f6fe2"}'),
(227,	4,	'Payment',	'CREAR',	'',	'2025-05-08 19:53:10.827814',	NULL,	'{"paymentId": "1323311686", "paymentUrl": "2243585522-8da2ac00-6ba7-458c-9583-7b8b1c9f6fe2"}'),
(225,	18,	'Appointment',	'CREAR',	'',	'2025-05-08 19:52:00.224972',	NULL,	'{"advance": true, "package": "5", "discount": null, "datetimeStart": "2025-05-21T22:00:00.000Z"}'),
(228,	18,	'Appointment',	'CREAR',	'',	'2025-05-08 19:54:46.457488',	NULL,	'{"advance": true, "package": "7", "discount": null, "datetimeStart": "2025-05-21T17:30:00.000Z"}'),
(240,	4,	'Payment',	'CREAR',	'',	'2025-05-09 14:14:28.624202',	NULL,	'{"paymentId": "1335843443", "paymentUrl": "2243585522-8fba058f-a471-4ddc-9c4c-d102e3affc1c"}'),
(230,	15,	'appointment',	'COMPLETAR_TURNO',	NULL,	'2025-05-08 19:58:16.592602',	'{"detail": {"id": 479, "isCompleted": false}, "estado": "ACTIVO"}',	'{"detail": {"id": 479, "isCompleted": true}, "estado": "COMPLETADO"}'),
(241,	4,	'Payment',	'CREAR',	'',	'2025-05-09 14:14:28.637312',	NULL,	'{"paymentId": "1335843443", "paymentUrl": "2243585522-8fba058f-a471-4ddc-9c4c-d102e3affc1c"}'),
(244,	4,	'Payment',	'CREAR',	'',	'2025-05-09 14:15:43.777594',	NULL,	'{"paymentId": "1323319832", "paymentUrl": "2243585522-4968e6f3-30ee-4d18-93e8-6ca62b73dac3"}'),
(233,	18,	'Appointment',	'CREAR',	'',	'2025-05-09 13:15:36.994297',	NULL,	'{"advance": true, "package": "1", "discount": 2, "datetimeStart": "2025-05-09T19:00:00.000Z"}'),
(245,	4,	'Payment',	'CREAR',	'',	'2025-05-09 14:15:43.789115',	NULL,	'{"paymentId": "1323319832", "paymentUrl": "2243585522-4968e6f3-30ee-4d18-93e8-6ca62b73dac3"}'),
(266,	4,	'Payment',	'CREAR',	'',	'2025-05-12 16:03:49.242011',	NULL,	'{"paymentId": "1335958591", "paymentUrl": "2243585522-5ea31f22-b614-44fc-b76f-465a51d709c9"}'),
(236,	18,	'Appointment',	'CREAR',	'',	'2025-05-09 13:53:27.969491',	NULL,	'{"advance": true, "package": "1", "discount": 1, "datetimeStart": "2025-05-09T17:00:00.000Z"}'),
(267,	4,	'Payment',	'CREAR',	'',	'2025-05-12 16:03:49.255757',	NULL,	'{"paymentId": "1335958591", "paymentUrl": "2243585522-5ea31f22-b614-44fc-b76f-465a51d709c9"}'),
(276,	4,	'Appointment',	'CREAR',	'',	'2025-05-13 18:05:22.577163',	NULL,	'{}'),
(239,	18,	'Appointment',	'CREAR',	'',	'2025-05-09 14:14:08.072136',	NULL,	'{"advance": true, "package": "1", "discount": 2, "datetimeStart": "2025-05-09T20:00:00.000Z"}'),
(242,	18,	'Appointment',	'CREAR',	'',	'2025-05-09 14:14:47.181748',	NULL,	'{"advance": true, "package": "2", "discount": 1, "datetimeStart": "2025-05-09T17:30:00.000Z"}'),
(243,	18,	'Appointment',	'CREAR',	'',	'2025-05-09 14:15:29.587169',	NULL,	'{"advance": true, "package": "5", "discount": 1, "datetimeStart": "2025-05-09T17:30:00.000Z"}'),
(246,	18,	'Appointment',	'CREAR',	'',	'2025-05-09 14:16:15.844862',	NULL,	'{"advance": true, "package": "5", "discount": 2, "datetimeStart": "2025-05-09T21:30:00.000Z"}'),
(278,	4,	'Appointment',	'CREAR',	'',	'2025-05-14 14:34:51.630378',	NULL,	'{}'),
(280,	4,	'Appointment',	'CREAR',	'',	'2025-05-14 14:35:04.57366',	NULL,	'{}'),
(282,	4,	'Appointment',	'CREAR',	'',	'2025-05-14 16:37:57.812586',	NULL,	'{}'),
(284,	4,	'Appointment',	'CREAR',	'',	'2025-05-14 16:56:34.773177',	NULL,	'{}'),
(619,	4,	'User',	'LOGIN',	'Inicio de sesin para devops@glamadates.com',	'2025-06-02 13:40:24.9971',	NULL,	NULL),
(634,	NULL,	'Category',	'CREAR',	'',	'2025-06-02 14:45:15.239113',	NULL,	'{"name": "sd", "description": ""}'),
(646,	4,	'Category',	'CREAR',	'',	'2025-06-03 09:25:06.012572',	NULL,	'{"name": "f", "description": ""}'),
(659,	4,	'Role',	'ACTUALIZAR',	'',	'2025-06-03 10:36:48.360627',	'{"id": 2, "role": "CLIENTE", "description": null}',	'{"role": "CLIENTE", "permissions": [1, 28, 27, 2, 29, 30, 3, 50, 51]}'),
(673,	4,	'User',	'ACTUALIZAR',	'',	'2025-06-03 10:51:58.756235',	'{"id": 31, "email": "prueba2@glamadates.com", "phone": "", "gender": "M", "lastName": "ANDO", "birthdate": null, "deletedAt": null, "firstName": "PROBANDO", "branchOfficeId": null}',	'{"role": "2", "email": "prueba2@glamadates.com", "phone": "", "gender": "M", "lastName": "ANDOLIONI", "firstName": "PROBANDO", "categories": []}'),
(685,	4,	'Auth',	'LOGIN',	'Inicio de sesin para devops@glamadates.com',	'2025-06-03 11:47:25.23883',	NULL,	NULL),
(695,	4,	'Auth',	'LOGIN',	'Inicio de sesin para devops@glamadates.com',	'2025-06-07 16:18:06.110317',	NULL,	NULL),
(709,	4,	'Auth',	'LOGIN',	'Inicio de sesin para devops@glamadates.com',	'2025-06-09 10:52:09.501386',	NULL,	NULL),
(722,	4,	'Role',	'ACTUALIZAR',	'Update Role',	'2025-06-09 11:02:32.184873',	'{"id": 1, "role": "ADMIN", "description": null}',	'{"role": "ADMIN", "permissions": [1, 2, 3, 4, 5, 6, 7, 8, 9, 10, 11, 12, 13, 14, 15, 16, 17, 18, 19, 20, 21, 22, 23, 24, 25, 26, 28, 29, 32, 34, 35, 36, 37, 38, 39, 40, 41, 42, 43, 44, 45, 46, 49, 47, 48, 50, 51, 52, 53, 54]}'),
(735,	18,	'Appointment',	'CREAR',	'Create a new appointment',	'2025-06-09 11:13:18.424526',	NULL,	'{"advance": true, "package": "5", "discount": 2, "datetimeStart": "2025-06-09T19:00:00.000Z"}'),
(749,	18,	'Appointment',	'CREAR',	'Create a new appointment',	'2025-06-09 12:25:28.609233',	NULL,	'{"advance": true, "package": "1", "discount": 2, "datetimeStart": "2025-06-09T22:00:00.000Z"}'),
(762,	18,	'Payment',	'CREAR',	'Save payment information',	'2025-06-09 13:36:12.594211',	NULL,	'{"paymentId": "114015566645", "paymentUrl": "2243585522-836878c0-c1f3-43a8-86b0-a2149a1bd084"}'),
(768,	4,	'Auth',	'LOGIN',	'Inicio de sesin para devops@glamadates.com',	'2025-06-09 14:08:45.661257',	NULL,	NULL),
(265,	18,	'Appointment',	'CREAR',	'',	'2025-05-12 16:03:15.535735',	NULL,	'{"advance": true, "package": "1", "discount": 1, "datetimeStart": "2025-05-12T19:30:00.000Z"}'),
(305,	4,	'Payment',	'CREAR',	'',	'2025-05-14 19:38:35.163419',	NULL,	'{"paymentId": "1336080571", "paymentUrl": "2243585522-d435c384-ab73-4dd4-b865-0ec50db2d65e"}'),
(306,	4,	'Payment',	'CREAR',	'',	'2025-05-14 19:38:35.17117',	NULL,	'{"paymentId": "1336080571", "paymentUrl": "2243585522-d435c384-ab73-4dd4-b865-0ec50db2d65e"}'),
(311,	4,	'Payment',	'CREAR',	'',	'2025-05-14 20:02:23.198463',	NULL,	'{"paymentId": "1336084041", "paymentUrl": "2243585522-56748132-12e4-48df-970c-cf94a40d09e8"}'),
(292,	18,	'Appointment',	'CREAR',	'',	'2025-05-14 17:37:23.760573',	NULL,	'{"advance": true, "package": "5", "discount": null, "datetimeStart": "2025-05-14T22:00:00.000Z"}'),
(293,	18,	'Appointment',	'CREAR',	'',	'2025-05-14 17:53:41.738972',	NULL,	'{"advance": true, "package": "5", "discount": 2, "datetimeStart": "2025-05-14T22:00:00.000Z"}'),
(294,	18,	'Appointment',	'CREAR',	'',	'2025-05-14 18:07:09.810359',	NULL,	'{"advance": true, "package": "5", "discount": 2, "datetimeStart": "2025-05-14T22:00:00.000Z"}'),
(295,	18,	'Appointment',	'CREAR',	'',	'2025-05-14 18:21:26.99996',	NULL,	'{"advance": true, "package": "7", "discount": 2, "datetimeStart": "2025-05-14T22:00:00.000Z"}'),
(296,	18,	'Appointment',	'CREAR',	'',	'2025-05-14 18:23:50.327192',	NULL,	'{"advance": true, "package": "7", "discount": 2, "datetimeStart": "2025-05-14T22:00:00.000Z"}'),
(297,	18,	'Appointment',	'CREAR',	'',	'2025-05-14 18:27:25.005495',	NULL,	'{"advance": true, "package": "7", "discount": 2, "datetimeStart": "2025-05-14T22:00:00.000Z"}'),
(312,	4,	'Payment',	'CREAR',	'',	'2025-05-14 20:02:23.205116',	NULL,	'{"paymentId": "1336084041", "paymentUrl": "2243585522-56748132-12e4-48df-970c-cf94a40d09e8"}'),
(299,	18,	'Appointment',	'CREAR',	'',	'2025-05-14 18:36:35.244816',	NULL,	'{"advance": true, "package": "7", "discount": 1, "datetimeStart": "2025-05-14T22:00:00.000Z"}'),
(335,	4,	'Payment',	'CREAR',	'',	'2025-05-14 23:28:49.812064',	NULL,	'{"paymentId": "1336081625", "paymentUrl": "2243585522-a6213bd7-e388-4d99-8729-b1ec780a90fa"}'),
(336,	4,	'Payment',	'CREAR',	'',	'2025-05-14 23:28:49.818843',	NULL,	'{"paymentId": "1336081625", "paymentUrl": "2243585522-a6213bd7-e388-4d99-8729-b1ec780a90fa"}'),
(338,	4,	'Payment',	'CREAR',	'',	'2025-05-14 23:47:28.002143',	NULL,	'{"paymentId": "1336086549", "paymentUrl": "2243585522-76c8c8b9-6816-4edc-b3b8-48e2afc38d7b"}'),
(339,	4,	'Payment',	'CREAR',	'',	'2025-05-14 23:47:28.022126',	NULL,	'{"paymentId": "1336086549", "paymentUrl": "2243585522-76c8c8b9-6816-4edc-b3b8-48e2afc38d7b"}'),
(304,	18,	'Appointment',	'CREAR',	'',	'2025-05-14 19:37:34.757347',	NULL,	'{"advance": true, "package": "5", "discount": null, "datetimeStart": "2025-05-28T18:00:00.000Z"}'),
(288,	4,	'Appointment',	'CREAR',	'',	'2025-05-14 17:20:22.488098',	NULL,	'{}'),
(290,	4,	'Appointment',	'CREAR',	'',	'2025-05-14 17:22:26.361821',	NULL,	'{}'),
(621,	4,	'Auth',	'LOGIN',	'Inicio de sesin para devops@glamadates.com',	'2025-06-02 13:52:11.706602',	NULL,	NULL),
(310,	18,	'Appointment',	'CREAR',	'',	'2025-05-14 20:02:08.646008',	NULL,	'{"advance": true, "package": "5", "discount": null, "datetimeStart": "2025-05-28T16:00:00.000Z"}'),
(635,	NULL,	'Category',	'BORRAR',	'',	'2025-06-02 15:01:48.878783',	NULL,	'{}'),
(647,	4,	'Category',	'CREAR',	'',	'2025-06-03 09:29:20.109394',	NULL,	'{"name": "amor", "description": "amor a la vida"}'),
(660,	4,	'Appointment',	'ACTUALIZAR',	'',	'2025-06-03 10:38:17.680721',	'{"id": 610, "state": "PENDIENTE", "total": 70, "advance": true, "pending": 70, "discount": 0, "datetimeEnd": "2025-06-18T22:50:00.000Z", "discountType": "NINGUNO", "datetimeStart": "2025-06-18T22:00:00.000Z"}',	'{"observation": ""}'),
(674,	4,	'Workstation',	'CREAR',	'',	'2025-06-03 10:52:28.389966',	NULL,	'{"name": "PRUEBA", "state": "ACTIVO", "categories": [8]}'),
(317,	18,	'Appointment',	'CREAR',	'',	'2025-05-14 20:14:31.79065',	NULL,	'{"advance": true, "package": "1", "discount": null, "datetimeStart": "2025-05-27T18:00:00.000Z"}'),
(686,	4,	'Category',	'CREAR',	'Create Category',	'2025-06-03 11:54:44.628583',	NULL,	'{"name": "wilson", "description": ""}'),
(696,	4,	'Auth',	'LOGIN',	'Inicio de sesin para devops@glamadates.com',	'2025-06-08 12:57:41.240694',	NULL,	NULL),
(710,	18,	'Auth',	'LOGIN',	'Inicio de sesin para ailen@glamadates.com',	'2025-06-09 10:52:28.999621',	NULL,	NULL),
(321,	18,	'Appointment',	'CREAR',	'',	'2025-05-14 22:40:42.2909',	NULL,	'{"advance": true, "package": "5", "discount": null, "datetimeStart": "2025-05-30T20:00:00.000Z"}'),
(322,	18,	'Appointment',	'CREAR',	'',	'2025-05-14 22:41:48.081295',	NULL,	'{"advance": true, "package": "7", "discount": null, "datetimeStart": "2025-05-30T21:00:00.000Z"}'),
(711,	18,	'Auth',	'LOGIN',	'Inicio de sesin para ailen@glamadates.com',	'2025-06-09 10:52:36.47675',	NULL,	NULL),
(723,	18,	'Auth',	'LOGIN',	'Inicio de sesin para ailen@glamadates.com',	'2025-06-09 11:02:42.94562',	NULL,	NULL),
(325,	18,	'Appointment',	'CREAR',	'',	'2025-05-14 22:49:26.818813',	NULL,	'{"advance": true, "package": "5", "discount": null, "datetimeStart": "2025-05-27T18:00:00.000Z"}'),
(326,	18,	'Appointment',	'CREAR',	'',	'2025-05-14 22:49:39.598381',	NULL,	'{"advance": true, "package": "6", "discount": null, "datetimeStart": "2025-05-28T19:00:00.000Z"}'),
(327,	18,	'Appointment',	'CREAR',	'',	'2025-05-14 22:49:53.626455',	NULL,	'{"advance": true, "package": "7", "discount": null, "datetimeStart": "2025-05-29T18:00:00.000Z"}'),
(736,	4,	'Auth',	'LOGIN',	'Inicio de sesin para devops@glamadates.com',	'2025-06-09 11:15:04.383918',	NULL,	NULL),
(750,	18,	'Appointment',	'CREAR',	'Create a new appointment',	'2025-06-09 12:27:45.927471',	NULL,	'{"advance": true, "package": "1", "discount": null, "datetimeStart": "2025-07-03T22:00:00.000Z"}'),
(763,	18,	'Payment',	'CREAR',	'Save payment information',	'2025-06-09 13:36:12.714245',	NULL,	'{"paymentId": "114015566645", "paymentUrl": "2243585522-836878c0-c1f3-43a8-86b0-a2149a1bd084"}'),
(331,	18,	'Appointment',	'CREAR',	'',	'2025-05-14 23:06:39.308449',	NULL,	'{"advance": true, "package": "1", "discount": null, "datetimeStart": "2025-05-22T17:30:00.000Z"}'),
(332,	18,	'Appointment',	'CREAR',	'',	'2025-05-14 23:18:52.060873',	NULL,	'{"advance": true, "package": "5", "discount": null, "datetimeStart": "2025-05-16T18:00:00.000Z"}'),
(333,	18,	'Appointment',	'CREAR',	'',	'2025-05-14 23:22:58.984414',	NULL,	'{"advance": true, "package": "1", "discount": null, "datetimeStart": "2025-05-15T18:00:00.000Z"}'),
(334,	18,	'Appointment',	'CREAR',	'',	'2025-05-14 23:28:23.823973',	NULL,	'{"advance": true, "package": "2", "discount": null, "datetimeStart": "2025-05-23T18:00:00.000Z"}'),
(337,	18,	'Appointment',	'CREAR',	'',	'2025-05-14 23:47:08.516474',	NULL,	'{"advance": true, "package": "5", "discount": null, "datetimeStart": "2025-05-27T19:00:00.000Z"}'),
(340,	18,	'Appointment',	'CREAR',	'',	'2025-05-14 23:51:29.749432',	NULL,	'{"advance": true, "package": "6", "discount": null, "datetimeStart": "2025-05-19T18:30:00.000Z"}'),
(769,	4,	'Auth',	'LOGIN',	'Inicio de sesin para devops@glamadates.com',	'2025-06-09 14:10:35.381239',	NULL,	NULL),
(780,	4,	'Auth',	'LOGIN',	'Inicio de sesin para devops@glamadates.com',	'2025-06-09 14:48:33.09147',	NULL,	NULL),
(789,	4,	'Auth',	'LOGIN',	'Inicio de sesin para devops@glamadates.com',	'2025-06-10 11:24:31.077312',	NULL,	NULL),
(798,	18,	'Appointment',	'CREAR',	'Create a new appointment',	'2025-06-14 20:56:13.796386',	NULL,	'{"advance": true, "package": "1", "discount": null, "datetimeStart": "2025-06-16T22:00:00.000Z"}'),
(813,	18,	'Appointment',	'CREAR',	'Create a new appointment',	'2025-06-14 23:20:56.680561',	NULL,	'{"advance": true, "package": "24", "discount": 2, "datetimeStart": "2025-06-16T14:00:00.000Z"}'),
(821,	4,	'Auth',	'LOGIN',	'Inicio de sesin para devops@glamadates.com',	'2025-06-15 09:33:57.338243',	NULL,	NULL),
(828,	4,	'Auth',	'LOGIN',	'Inicio de sesin para devops@glamadates.com',	'2025-06-15 09:39:43.995273',	NULL,	NULL),
(835,	4,	'Auth',	'LOGIN',	'Inicio de sesin para devops@glamadates.com',	'2025-06-15 17:23:34.198185',	NULL,	NULL),
(841,	18,	'Payment',	'CREAR',	'Save payment information',	'2025-06-15 17:36:12.434874',	NULL,	'{"paymentId": "114756687755", "paymentUrl": "2243585522-43785ff6-bc3b-426a-944a-3794c54f0eaf"}'),
(343,	18,	'Appointment',	'CREAR',	'',	'2025-05-14 23:55:45.457621',	NULL,	'{"advance": true, "package": "3", "discount": null, "datetimeStart": "2025-05-27T20:00:00.000Z"}'),
(344,	4,	'Payment',	'CREAR',	'',	'2025-05-14 23:56:21.2152',	NULL,	'{"paymentId": "111194968691", "paymentUrl": "2243585522-da324094-4973-43b5-8aff-bf7982d46506"}'),
(347,	18,	'Appointment',	'CREAR',	'',	'2025-05-15 11:05:50.167666',	NULL,	'{"advance": true, "package": "5", "discount": 1, "datetimeStart": "2025-05-15T14:30:00.000Z"}'),
(350,	18,	'Appointment',	'CREAR',	'',	'2025-05-15 11:23:19.705897',	NULL,	'{"advance": true, "package": "5", "discount": 2, "datetimeStart": "2025-05-15T20:00:00.000Z"}'),
(345,	4,	'Payment',	'CREAR',	'',	'2025-05-14 23:56:21.216841',	NULL,	'{"paymentId": "111194968691", "paymentUrl": "2243585522-da324094-4973-43b5-8aff-bf7982d46506"}'),
(348,	4,	'Payment',	'CREAR',	'',	'2025-05-15 11:06:09.594514',	NULL,	'{"paymentId": "1323364978", "paymentUrl": "2243585522-8b81cf0d-2180-415e-8123-a08293861a97"}'),
(355,	18,	'Appointment',	'CREAR',	'',	'2025-05-15 16:46:01.461741',	NULL,	'{"advance": true, "package": "1", "discount": 1, "datetimeStart": "2025-05-15T20:00:00.000Z"}'),
(356,	18,	'Appointment',	'CREAR',	'',	'2025-05-15 16:49:00.9041',	NULL,	'{"advance": true, "package": "1", "discount": 2, "datetimeStart": "2025-05-15T22:00:00.000Z"}'),
(349,	4,	'Payment',	'CREAR',	'',	'2025-05-15 11:06:09.595768',	NULL,	'{"paymentId": "1323364978", "paymentUrl": "2243585522-8b81cf0d-2180-415e-8123-a08293861a97"}'),
(351,	4,	'Payment',	'CREAR',	'',	'2025-05-15 11:23:38.553812',	NULL,	'{"paymentId": "1336098397", "paymentUrl": "2243585522-33a2492c-cb13-44ab-be13-866c8009fdc9"}'),
(352,	4,	'Payment',	'CREAR',	'',	'2025-05-15 11:23:38.557002',	NULL,	'{"paymentId": "1336098397", "paymentUrl": "2243585522-33a2492c-cb13-44ab-be13-866c8009fdc9"}'),
(360,	18,	'Appointment',	'CREAR',	'',	'2025-05-15 16:53:37.797955',	NULL,	'{"advance": true, "package": "5", "discount": 2, "datetimeStart": "2025-05-15T21:30:00.000Z"}'),
(373,	4,	'Payment',	'CREAR',	'',	'2025-05-15 17:13:44.404831',	NULL,	'{"paymentId": "1336108001", "paymentUrl": "2243585522-f0dafb68-d4b2-484d-92a5-0c26b58ac223"}'),
(372,	4,	'Payment',	'CREAR',	'',	'2025-05-15 17:13:44.403711',	NULL,	'{"paymentId": "1336108001", "paymentUrl": "2243585522-f0dafb68-d4b2-484d-92a5-0c26b58ac223"}'),
(376,	4,	'Payment',	'CREAR',	'',	'2025-05-15 17:15:37.927639',	NULL,	'{"paymentId": "1336108015", "paymentUrl": "2243585522-e7d59140-3667-418f-be3b-3421282b0767"}'),
(375,	4,	'Payment',	'CREAR',	'',	'2025-05-15 17:15:37.926316',	NULL,	'{"paymentId": "1336108015", "paymentUrl": "2243585522-e7d59140-3667-418f-be3b-3421282b0767"}'),
(395,	4,	'Payment',	'CREAR',	'',	'2025-05-15 18:53:02.117481',	NULL,	'{"paymentId": "1336103625", "paymentUrl": "2243585522-ddc57d5c-81cf-4af8-9ad8-e376569992c0"}'),
(396,	4,	'Payment',	'CREAR',	'',	'2025-05-15 18:53:02.118856',	NULL,	'{"paymentId": "1336103625", "paymentUrl": "2243585522-ddc57d5c-81cf-4af8-9ad8-e376569992c0"}'),
(622,	4,	'Auth',	'LOGIN',	'Inicio de sesin para devops@glamadates.com',	'2025-06-02 13:52:26.63651',	NULL,	NULL),
(636,	NULL,	'Category',	'CREAR',	'',	'2025-06-02 15:21:42.326239',	NULL,	'{"name": "kkk", "description": ""}'),
(369,	18,	'Appointment',	'CREAR',	'',	'2025-05-15 17:11:53.194609',	NULL,	'{"advance": true, "package": "5", "discount": null, "datetimeStart": "2025-05-30T18:00:00.000Z"}'),
(648,	4,	'Category',	'ACTUALIZAR',	'',	'2025-06-03 09:29:52.271811',	NULL,	'{"id": 23, "name": "amor", "description": "amor a la vida y a la muerte"}'),
(371,	18,	'Appointment',	'CREAR',	'',	'2025-05-15 17:13:25.909738',	NULL,	'{"advance": true, "package": "5", "discount": null, "datetimeStart": "2025-05-27T16:00:00.000Z"}'),
(374,	18,	'Appointment',	'CREAR',	'',	'2025-05-15 17:15:12.183892',	NULL,	'{"advance": true, "package": "1", "discount": 1, "datetimeStart": "2025-05-16T11:00:00.000Z"}'),
(661,	4,	'Appointment',	'ACTUALIZAR',	'',	'2025-06-03 10:39:04.127845',	'{"id": 610, "state": "ACTIVO", "total": 70, "advance": true, "pending": 0, "discount": 0, "datetimeEnd": "2025-06-18T22:50:00.000Z", "discountType": "NINGUNO", "datetimeStart": "2025-06-18T22:00:00.000Z"}',	'{"id": 610, "datetimeOld": "2025-06-18T22:00:00.000Z", "datetimeStart": "2025-06-05T21:00:00.000Z"}'),
(675,	4,	'Workstation',	'ACTUALIZAR',	'',	'2025-06-03 10:53:29.375978',	'{"id": 10, "name": "ESTACION DE PRUEBA", "state": "INACTIVO", "description": null}',	'{"id": 10, "name": "ESTACION DE PRUEBA", "state": "ACTIVO", "categories": [3]}'),
(379,	18,	'Appointment',	'CREAR',	'',	'2025-05-15 17:19:24.194646',	NULL,	'{"advance": true, "package": "1", "discount": null, "datetimeStart": "2025-05-28T18:00:00.000Z"}'),
(687,	4,	'Category',	'BORRAR',	'Delete Category',	'2025-06-03 11:55:04.624038',	'{"id": 24, "name": "wilson", "description": ""}',	'{}'),
(697,	4,	'Auth',	'LOGIN',	'Inicio de sesin para devops@glamadates.com',	'2025-06-08 14:06:00.766909',	NULL,	NULL),
(382,	15,	'appointment',	'COMPLETAR_TURNO',	NULL,	'2025-05-15 17:21:38.683882',	'{"detail": {"id": 510, "isCompleted": false}, "estado": "ACTIVO"}',	'{"detail": {"id": 510, "isCompleted": true}, "estado": "COMPLETADO"}'),
(383,	15,	'appointment',	'COMPLETAR_TURNO',	NULL,	'2025-05-15 17:21:53.604876',	'{"detail": {"id": 499, "isCompleted": false}, "estado": "PENDIENTE"}',	'{"detail": {"id": 499, "isCompleted": true}, "estado": "MOROSO"}'),
(712,	18,	'Auth',	'LOGIN',	'Inicio de sesin para ailen@glamadates.com',	'2025-06-09 10:53:02.255084',	NULL,	NULL),
(724,	4,	'Role',	'ACTUALIZAR',	'Update Role',	'2025-06-09 11:04:18.111476',	'{"id": 2, "role": "CLIENTE", "description": null}',	'{"role": "CLIENTE", "permissions": [1, 28, 27, 2, 29, 30, 50, 51, 6, 9, 17, 3, 25, 34, 43]}'),
(737,	4,	'Appointment',	'ACTUALIZAR',	'Register cash payment for an appointment',	'2025-06-09 11:15:29.507715',	'{"id": 619, "state": "PENDIENTE", "total": 70, "advance": true, "pending": 56, "discount": 14, "datetimeEnd": "2025-06-09T19:50:00.000Z", "discountType": "PARCIAL", "datetimeStart": "2025-06-09T19:00:00.000Z"}',	'{"observation": ""}'),
(751,	18,	'Appointment',	'CREAR',	'Create a new appointment',	'2025-06-09 12:30:05.175775',	NULL,	'{"advance": true, "package": "1", "discount": 2, "datetimeStart": "2025-06-09T20:00:00.000Z"}'),
(764,	4,	'Auth',	'LOGIN',	'Inicio de sesin para devops@glamadates.com',	'2025-06-09 13:39:49.219181',	NULL,	NULL),
(770,	18,	'Auth',	'LOGIN',	'Inicio de sesin para ailen@glamadates.com',	'2025-06-09 14:10:45.665412',	NULL,	NULL),
(771,	18,	'Appointment',	'ACTUALIZAR',	'Cancel appointment',	'2025-06-09 14:11:04.473991',	'{"id": 622, "state": "PENDIENTE", "total": 95, "advance": true, "pending": 76, "discount": 19, "datetimeEnd": "2025-06-09T22:50:00.000Z", "discountType": "PARCIAL", "datetimeStart": "2025-06-09T22:00:00.000Z"}',	'{}'),
(391,	18,	'Appointment',	'CREAR',	'',	'2025-05-15 18:50:11.680152',	NULL,	'{"advance": true, "package": "6", "discount": 1, "datetimeStart": "2025-05-16T11:00:00.000Z"}'),
(781,	4,	'Auth',	'LOGIN',	'Inicio de sesin para devops@glamadates.com',	'2025-06-09 14:57:20.822259',	NULL,	NULL),
(790,	18,	'Auth',	'LOGIN',	'Inicio de sesin para ailen@glamadates.com',	'2025-06-13 17:29:04.643308',	NULL,	NULL),
(394,	18,	'Appointment',	'CREAR',	'',	'2025-05-15 18:52:36.961872',	NULL,	'{"advance": true, "package": "6", "discount": 1, "datetimeStart": "2025-05-16T12:00:00.000Z"}'),
(397,	18,	'Appointment',	'CREAR',	'',	'2025-05-15 19:01:05.105406',	NULL,	'{"advance": true, "package": "6", "discount": 1, "datetimeStart": "2025-05-16T13:00:00.000Z"}'),
(799,	18,	'Appointment',	'CREAR',	'Create a new appointment',	'2025-06-14 20:57:53.727542',	NULL,	'{"advance": true, "package": "23", "discount": null, "datetimeStart": "2025-06-16T21:00:00.000Z"}'),
(402,	18,	'Appointment',	'CREAR',	'',	'2025-05-15 19:48:28.169058',	NULL,	'{"advance": true, "package": "6", "discount": 1, "datetimeStart": "2025-05-16T14:00:00.000Z"}'),
(398,	4,	'Payment',	'CREAR',	'',	'2025-05-15 19:01:28.902982',	NULL,	'{"paymentId": "1336103701", "paymentUrl": "2243585522-ab4cad4a-e964-48ac-a9ea-cd49c3841f25"}'),
(399,	4,	'Payment',	'CREAR',	'',	'2025-05-15 19:01:28.953791',	NULL,	'{"paymentId": "1336103701", "paymentUrl": "2243585522-ab4cad4a-e964-48ac-a9ea-cd49c3841f25"}'),
(400,	4,	'Payment',	'CREAR',	'',	'2025-05-15 19:02:57.121751',	NULL,	'{"paymentId": "111288728941", "paymentUrl": "2243585522-74f6c052-9e52-474b-b273-fdd37a1b0c7e"}'),
(401,	4,	'Payment',	'CREAR',	'',	'2025-05-15 19:02:57.123843',	NULL,	'{"paymentId": "111288728941", "paymentUrl": "2243585522-74f6c052-9e52-474b-b273-fdd37a1b0c7e"}'),
(403,	4,	'Payment',	'CREAR',	'',	'2025-05-15 19:48:56.361279',	NULL,	'{"paymentId": "1336109219", "paymentUrl": "2243585522-d30c82e0-f3d2-4fb6-9b98-202066be4f41"}'),
(404,	4,	'Payment',	'CREAR',	'',	'2025-05-15 19:48:56.408483',	NULL,	'{"paymentId": "1336109219", "paymentUrl": "2243585522-d30c82e0-f3d2-4fb6-9b98-202066be4f41"}'),
(432,	29,	'Users',	'CREAR',	'',	'2025-05-15 23:49:35.626094',	NULL,	'{"email": "ailen2@glamadates.com", "lastName": "Mendez", "password": "12345678", "firstName": "Carla"}'),
(623,	4,	'Auth',	'LOGIN',	'Inicio de sesin para devops@glamadates.com',	'2025-06-02 13:53:41.512719',	NULL,	NULL),
(637,	4,	'Auth',	'LOGIN',	'Inicio de sesin para devops@glamadates.com',	'2025-06-02 16:12:33.720852',	NULL,	NULL),
(649,	4,	'Category',	'BORRAR',	'',	'2025-06-03 09:30:12.607435',	NULL,	'{}'),
(662,	4,	'Category',	'ACTUALIZAR',	'',	'2025-06-03 10:41:21.153341',	'{"id": 21, "name": "l", "description": ""}',	'{"id": 21, "name": "luna", "description": ""}'),
(676,	4,	'Workstation',	'ACTUALIZAR',	'',	'2025-06-03 10:53:53.345585',	'{"id": 13, "name": "PRUEBA", "state": "ACTIVO", "description": null}',	'{"id": 13, "name": "PRUEBA", "state": "INACTIVO", "categories": [8]}'),
(688,	4,	'User',	'BORRAR',	'Delete User',	'2025-06-03 11:56:03.432219',	'{"id": 35, "email": "wwww@wwww.www", "phone": null, "gender": null, "lastName": "WWW", "birthdate": null, "deletedAt": null, "firstName": "WWWW", "branchOfficeId": null}',	'{}'),
(690,	4,	'User',	'BORRAR',	'Delete User',	'2025-06-03 11:56:11.609492',	'{"id": 33, "email": "kkkk@glamadates.com", "phone": "", "gender": "", "lastName": "KKKK", "birthdate": null, "deletedAt": null, "firstName": "KKKKK", "branchOfficeId": null}',	'{}'),
(698,	4,	'Auth',	'LOGIN',	'Inicio de sesin para devops@glamadates.com',	'2025-06-08 16:22:43.160322',	NULL,	NULL),
(713,	4,	'Auth',	'LOGIN',	'Inicio de sesin para devops@glamadates.com',	'2025-06-09 10:53:57.397961',	NULL,	NULL),
(725,	18,	'Auth',	'LOGIN',	'Inicio de sesin para ailen@glamadates.com',	'2025-06-09 11:04:26.768755',	NULL,	NULL),
(738,	18,	'Auth',	'LOGIN',	'Inicio de sesin para ailen@glamadates.com',	'2025-06-09 11:16:19.826495',	NULL,	NULL),
(752,	18,	'Auth',	'LOGIN',	'Inicio de sesin para ailen@glamadates.com',	'2025-06-09 12:32:58.725847',	NULL,	NULL),
(753,	18,	'Appointment',	'CREAR',	'Create a new appointment',	'2025-06-09 12:33:12.665329',	NULL,	'{"advance": true, "package": "1", "discount": 2, "datetimeStart": "2025-06-09T20:30:00.000Z"}'),
(772,	4,	'Auth',	'LOGIN',	'Inicio de sesin para devops@glamadates.com',	'2025-06-09 14:22:58.724775',	NULL,	NULL),
(782,	4,	'Auth',	'LOGIN',	'Inicio de sesin para devops@glamadates.com',	'2025-06-09 15:00:24.465523',	NULL,	NULL),
(791,	4,	'Auth',	'LOGIN',	'Inicio de sesin para devops@glamadates.com',	'2025-06-13 17:48:23.803619',	NULL,	NULL),
(792,	4,	'Auth',	'LOGIN',	'Inicio de sesin para devops@glamadates.com',	'2025-06-13 17:48:32.303075',	NULL,	NULL),
(800,	4,	'Auth',	'LOGIN',	'Inicio de sesin para devops@glamadates.com',	'2025-06-14 20:58:49.97188',	NULL,	NULL),
(806,	4,	'SystemConfig',	'ACTUALIZAR',	'Update a specific system configuration',	'2025-06-14 21:08:26.60823',	'{"id": 1, "openDays": ["LUNES", "MARTES", "MIERCOLES", "JUEVES", "VIERNES"], "closingHour1": "12:00:00", "closingHour2": "20:00:00", "descountFull": 30, "openingHour1": "08:00:00", "openingHour2": "14:00:00", "descountPartial": 20, "intervalMinutes": 30, "maxReservationDays": 30}',	'{"id": 1, "openDays": ["LUNES", "MARTES", "MIERCOLES", "JUEVES", "VIERNES"], "closingHour1": "16:00:00", "closingHour2": "20:00:00", "descountFull": 30, "openingHour1": "08:00:00", "openingHour2": "18:00:00", "descountPartial": 20, "intervalMinutes": 30, "maxReservationDays": 30}'),
(814,	18,	'Appointment',	'CREAR',	'Create a new appointment',	'2025-06-14 23:24:00.415149',	NULL,	'{"advance": true, "package": "24", "discount": 2, "datetimeStart": "2025-06-16T15:00:00.000Z"}'),
(822,	4,	'Role',	'ACTUALIZAR',	'Update Role',	'2025-06-15 09:34:31.817085',	'{"id": 2, "role": "CLIENTE", "description": null}',	'{"role": "CLIENTE", "permissions": [1, 28, 27, 2, 29, 30, 50, 51, 6, 9, 17, 3, 25, 34, 43, 21, 47, 53]}'),
(829,	4,	'Auth',	'LOGIN',	'Inicio de sesin para devops@glamadates.com',	'2025-06-15 10:35:01.5216',	NULL,	NULL),
(836,	4,	'Appointment',	'ACTUALIZAR',	'Register cash payment for an appointment',	'2025-06-15 17:26:13.111464',	'{"id": 634, "state": "PENDIENTE", "total": 305, "advance": true, "pending": 244, "discount": 61, "datetimeEnd": "2025-06-16T17:40:00.000Z", "discountType": "PARCIAL", "datetimeStart": "2025-06-16T15:00:00.000Z"}',	'{"observation": ""}'),
(843,	18,	'Payment',	'CREAR',	'Save payment information',	'2025-06-15 17:39:07.360453',	NULL,	'{"paymentId": "115239891052", "paymentUrl": "2243585522-1046ee8b-ceb8-4ef3-8507-b9c6e07fa985"}'),
(844,	18,	'Payment',	'CREAR',	'Save payment information',	'2025-06-15 17:39:07.399948',	NULL,	'{"paymentId": "115239891052", "paymentUrl": "2243585522-1046ee8b-ceb8-4ef3-8507-b9c6e07fa985"}'),
(849,	18,	'Appointment',	'CREAR',	'Create a new appointment',	'2025-06-15 18:59:41.390952',	NULL,	'{"advance": true, "package": "5", "discount": null, "datetimeStart": "2025-06-15T22:00:00.000Z"}'),
(854,	18,	'Payment',	'CREAR',	'Save payment information',	'2025-06-15 19:19:10.492661',	NULL,	'{"paymentId": "114765065123", "paymentUrl": "2243585522-dd84c65d-a4e4-4805-8c9f-a5f7cb952cd9"}'),
(855,	18,	'Payment',	'CREAR',	'Save payment information',	'2025-06-15 19:19:10.538833',	NULL,	'{"paymentId": "114765065123", "paymentUrl": "2243585522-dd84c65d-a4e4-4805-8c9f-a5f7cb952cd9"}'),
(861,	18,	'Payment',	'CREAR',	'Save payment information',	'2025-06-15 20:17:04.255305',	NULL,	'{"paymentId": "115253001196", "paymentUrl": "2243585522-4e4c2a73-b565-4bc7-82af-0d390098b124"}'),
(866,	18,	'Appointment',	'CREAR',	'Create a new appointment',	'2025-06-15 20:26:38.902175',	NULL,	'{"advance": true, "package": "7", "discount": 1, "datetimeStart": "2025-06-16T20:00:00.000Z"}'),
(873,	18,	'Appointment',	'CREAR',	'Create a new appointment',	'2025-06-15 20:49:22.873865',	NULL,	'{"advance": true, "package": "1", "discount": 1, "datetimeStart": "2025-06-16T11:00:00.000Z"}'),
(878,	18,	'Appointment',	'CREAR',	'Create a new appointment',	'2025-06-15 21:08:38.836567',	NULL,	'{"advance": true, "package": "7", "discount": 1, "datetimeStart": "2025-06-17T14:00:00.000Z"}'),
(896,	18,	'Auth',	'LOGIN',	'Inicio de sesin para ailen@glamadates.com',	'2025-06-16 10:14:50.58405',	NULL,	NULL),
(458,	18,	'Appointment',	'CREAR',	'',	'2025-05-17 16:29:28.187258',	NULL,	'{"advance": true, "package": "5", "discount": null, "datetimeStart": "2025-05-20T20:00:00.000Z"}'),
(460,	28,	'Appointment',	'CREAR',	'',	'2025-05-17 16:33:49.568803',	NULL,	'{"advance": true, "package": "1", "discount": null, "datetimeStart": "2025-05-20T20:00:00.000Z"}'),
(461,	28,	'Appointment',	'CREAR',	'',	'2025-05-17 16:35:26.025158',	NULL,	'{"advance": true, "package": "2", "discount": null, "datetimeStart": "2025-05-20T19:30:00.000Z"}'),
(465,	4,	'Appointment',	'CREAR',	'',	'2025-05-17 17:12:00.557706',	NULL,	'{"package": "5", "datetimeStart": "2025-04-06T17:00:00.000Z"}'),
(502,	4,	'Payment',	'CREAR',	'',	'2025-05-19 15:24:53.4491',	NULL,	'{"paymentId": "1323399516", "paymentUrl": "2243585522-956ed771-3d7f-44e0-9c02-e9df63438806"}'),
(503,	4,	'Payment',	'CREAR',	'',	'2025-05-19 15:24:53.450524',	NULL,	'{"paymentId": "1323399516", "paymentUrl": "2243585522-956ed771-3d7f-44e0-9c02-e9df63438806"}'),
(504,	4,	'Payment',	'CREAR',	'',	'2025-05-19 15:26:07.119804',	NULL,	'{"paymentId": "111679573271", "paymentUrl": "2243585522-56748132-12e4-48df-970c-cf94a40d09e8"}'),
(505,	4,	'Payment',	'CREAR',	'',	'2025-05-19 15:26:07.183449',	NULL,	'{"paymentId": "111679573271", "paymentUrl": "2243585522-56748132-12e4-48df-970c-cf94a40d09e8"}'),
(525,	4,	'Payment',	'CREAR',	'',	'2025-05-20 18:57:32.609879',	NULL,	'{"paymentId": "111817457653", "paymentUrl": "2243585522-8667be2e-c9a3-4c78-8279-5b1939deccfe"}'),
(526,	4,	'Payment',	'CREAR',	'',	'2025-05-20 18:57:32.611119',	NULL,	'{"paymentId": "111817457653", "paymentUrl": "2243585522-8667be2e-c9a3-4c78-8279-5b1939deccfe"}'),
(624,	NULL,	'Category',	'CREAR',	'',	'2025-06-02 14:10:25.59871',	NULL,	'{"name": "probando", "description": "describiendo prueba"}'),
(638,	18,	'Auth',	'LOGIN',	'Inicio de sesin para ailen@glamadates.com',	'2025-06-02 16:13:20.097339',	NULL,	NULL),
(650,	NULL,	'Users',	'CREAR',	'',	'2025-06-03 09:32:12.616585',	NULL,	'{"role": "2", "email": "juan@glamadates.com", "phone": "", "gender": "M", "lastName": "PEREZ", "firstName": "JUAN", "categories": []}'),
(475,	18,	'Appointment',	'CREAR',	'',	'2025-05-17 20:50:52.595095',	NULL,	'{"advance": true, "package": "1", "discount": null, "datetimeStart": "2025-06-10T20:00:00.000Z"}'),
(663,	4,	'Category',	'BORRAR',	'',	'2025-06-03 10:41:26.208421',	'{"id": 21, "name": "luna", "description": ""}',	'{}'),
(677,	4,	'Workstation',	'ACTUALIZAR',	'',	'2025-06-03 10:54:15.785373',	'{"id": 10, "name": "ESTACION DE PRUEBA", "state": "ACTIVO", "description": null}',	'{"id": 10, "name": "ESTACION DE PRUEBA", "state": "INACTIVO", "categories": [3]}'),
(689,	4,	'User',	'BORRAR',	'Delete User',	'2025-06-03 11:56:08.449036',	'{"id": 34, "email": "hh@hhhh.hhh", "phone": "", "gender": "", "lastName": "HHHH", "birthdate": null, "deletedAt": null, "firstName": "HHH", "branchOfficeId": null}',	'{}'),
(699,	4,	'Auth',	'LOGIN',	'Inicio de sesin para devops@glamadates.com',	'2025-06-08 18:24:08.328815',	NULL,	NULL),
(714,	15,	'Auth',	'LOGIN',	'Inicio de sesin para facialpro@glamadates.com',	'2025-06-09 10:54:28.231897',	NULL,	NULL),
(726,	4,	'Role',	'ACTUALIZAR',	'Update Role',	'2025-06-09 11:08:40.46397',	'{"id": 2, "role": "CLIENTE", "description": null}',	'{"role": "CLIENTE", "permissions": [1, 28, 27, 2, 29, 30, 50, 51, 6, 9, 17, 3, 25, 34, 43, 21, 31, 32, 47]}'),
(739,	4,	'Auth',	'LOGIN',	'Inicio de sesin para devops@glamadates.com',	'2025-06-09 11:17:07.563178',	NULL,	NULL),
(754,	18,	'Auth',	'LOGIN',	'Inicio de sesin para ailen@glamadates.com',	'2025-06-09 13:18:53.939871',	NULL,	NULL),
(755,	18,	'Auth',	'LOGIN',	'Inicio de sesin para ailen@glamadates.com',	'2025-06-09 13:18:56.440481',	NULL,	NULL),
(773,	4,	'Auth',	'LOGIN',	'Inicio de sesin para devops@glamadates.com',	'2025-06-09 14:32:22.486992',	NULL,	NULL),
(783,	4,	'Auth',	'LOGIN',	'Inicio de sesin para devops@glamadates.com',	'2025-06-09 15:07:44.273142',	NULL,	NULL),
(793,	4,	'Auth',	'LOGIN',	'Inicio de sesin para devops@glamadates.com',	'2025-06-13 17:48:46.541855',	NULL,	NULL),
(801,	15,	'Auth',	'LOGIN',	'Inicio de sesin para facialpro@glamadates.com',	'2025-06-14 21:02:37.864476',	NULL,	NULL),
(807,	4,	'SystemConfig',	'ACTUALIZAR',	'Update a specific system configuration',	'2025-06-14 21:08:48.376163',	'{"id": 1, "openDays": ["LUNES", "MARTES", "MIERCOLES", "JUEVES", "VIERNES"], "closingHour1": "16:00:00", "closingHour2": "20:00:00", "descountFull": 30, "openingHour1": "08:00:00", "openingHour2": "18:00:00", "descountPartial": 20, "intervalMinutes": 30, "maxReservationDays": 30}',	'{"id": 1, "openDays": ["LUNES", "MARTES", "MIERCOLES", "JUEVES", "VIERNES"], "closingHour1": "20:00:00", "closingHour2": null, "descountFull": 30, "openingHour1": "08:00:00", "openingHour2": null, "descountPartial": 20, "intervalMinutes": 30, "maxReservationDays": 30}'),
(815,	18,	'Auth',	'LOGIN',	'Inicio de sesin para ailen@glamadates.com',	'2025-06-15 08:14:53.021534',	NULL,	NULL),
(823,	18,	'Auth',	'LOGIN',	'Inicio de sesin para ailen@glamadates.com',	'2025-06-15 09:34:42.544935',	NULL,	NULL),
(830,	4,	'Appointment',	'ACTUALIZAR',	'Register cash payment for an appointment',	'2025-06-15 10:38:51.33888',	'{"id": 635, "state": "PENDIENTE", "total": 305, "advance": true, "pending": 305, "discount": 0, "datetimeEnd": "2025-06-16T13:40:00.000Z", "discountType": "NINGUNO", "datetimeStart": "2025-06-16T11:00:00.000Z"}',	'{"observation": ""}'),
(837,	4,	'Appointment',	'ACTUALIZAR',	'Rearrange appointment',	'2025-06-15 17:28:00.564425',	'{"id": 629, "state": "PENDIENTE", "total": 95, "advance": true, "pending": 95, "discount": 0, "datetimeEnd": "2025-06-16T22:50:00.000Z", "discountType": "NINGUNO", "datetimeStart": "2025-06-16T22:00:00.000Z"}',	'{"id": 629, "datetimeOld": "2025-06-16T22:00:00.000Z", "datetimeStart": "2025-06-15T22:00:00.000Z"}'),
(845,	18,	'Auth',	'LOGIN',	'Inicio de sesin para ailen@glamadates.com',	'2025-06-15 18:33:05.554921',	NULL,	NULL),
(850,	18,	'Appointment',	'CREAR',	'Create a new appointment',	'2025-06-15 19:10:14.011239',	NULL,	'{"advance": true, "package": "1", "discount": 2, "datetimeStart": "2025-06-16T14:00:00.000Z"}'),
(856,	18,	'Appointment',	'CREAR',	'Create a new appointment',	'2025-06-15 19:22:19.400698',	NULL,	'{"advance": true, "package": "1", "discount": 1, "datetimeStart": "2025-06-16T11:00:00.000Z"}'),
(862,	18,	'Payment',	'CREAR',	'Save payment information',	'2025-06-15 20:17:04.259593',	NULL,	'{"paymentId": "115253001196", "paymentUrl": "2243585522-4e4c2a73-b565-4bc7-82af-0d390098b124"}'),
(867,	18,	'Appointment',	'CREAR',	'Create a new appointment',	'2025-06-15 20:31:16.657183',	NULL,	'{"advance": true, "package": "7", "discount": 1, "datetimeStart": "2025-06-17T11:00:00.000Z"}'),
(874,	18,	'Auth',	'LOGIN',	'Inicio de sesin para ailen@glamadates.com',	'2025-06-15 20:53:18.76607',	NULL,	NULL),
(875,	18,	'Appointment',	'CREAR',	'Create a new appointment',	'2025-06-15 20:53:30.206093',	NULL,	'{"advance": true, "package": "1", "discount": 1, "datetimeStart": "2025-06-16T12:00:00.000Z"}'),
(501,	18,	'Appointment',	'CREAR',	'',	'2025-05-19 15:24:22.058825',	NULL,	'{"advance": true, "package": "5", "discount": 2, "datetimeStart": "2025-05-19T22:00:00.000Z"}'),
(879,	18,	'Auth',	'LOGIN',	'Inicio de sesin para ailen@glamadates.com',	'2025-06-16 09:45:07.886682',	NULL,	NULL),
(897,	4,	'Auth',	'LOGIN',	'Inicio de sesin para devops@glamadates.com',	'2025-06-16 10:17:12.730366',	NULL,	NULL),
(508,	18,	'Appointment',	'CREAR',	'',	'2025-05-19 18:44:29.359069',	NULL,	'{"advance": true, "package": "5", "discount": null, "datetimeStart": "2025-06-17T22:00:00.000Z"}'),
(511,	18,	'Appointment',	'CREAR',	'',	'2025-05-20 10:05:43.425152',	NULL,	'{"advance": true, "package": "1", "discount": 2, "datetimeStart": "2025-05-20T19:30:00.000Z"}'),
(512,	18,	'Appointment',	'CREAR',	'',	'2025-05-20 10:06:05.566744',	NULL,	'{"advance": true, "package": "5", "discount": null, "datetimeStart": "2025-06-18T22:00:00.000Z"}'),
(522,	18,	'Appointment',	'CREAR',	'',	'2025-05-20 18:44:39.780839',	NULL,	'{"advance": true, "package": "6", "discount": null, "datetimeStart": "2025-06-13T22:00:00.000Z"}'),
(528,	18,	'Appointment',	'CREAR',	'',	'2025-05-25 19:07:24.271394',	NULL,	'{"advance": true, "package": "7", "discount": 1, "datetimeStart": "2025-05-26T11:00:00.000Z"}'),
(529,	4,	'Payment',	'CREAR',	'',	'2025-05-25 19:08:29.351898',	NULL,	'{"paymentId": "112810268114", "paymentUrl": "2243585522-b392795a-4ea5-4ecb-898d-22c3fa42ae81"}'),
(530,	4,	'Payment',	'CREAR',	'',	'2025-05-25 19:08:29.406651',	NULL,	'{"paymentId": "112810268114", "paymentUrl": "2243585522-b392795a-4ea5-4ecb-898d-22c3fa42ae81"}'),
(547,	4,	'Payment',	'CREAR',	'',	'2025-05-26 17:58:34.246773',	NULL,	'{"paymentId": "1323498122", "paymentUrl": "2243585522-ea7d1f66-2189-4930-9707-105b5fcb3823"}'),
(548,	4,	'Payment',	'CREAR',	'',	'2025-05-26 17:58:34.256883',	NULL,	'{"paymentId": "1323498122", "paymentUrl": "2243585522-ea7d1f66-2189-4930-9707-105b5fcb3823"}'),
(553,	4,	'Payment',	'CREAR',	'',	'2025-05-26 18:32:30.176184',	NULL,	'{"paymentId": "1336571087", "paymentUrl": "2243585522-1b7a28e5-103f-455a-96a9-b4949fd623a1"}'),
(554,	4,	'Payment',	'CREAR',	'',	'2025-05-26 18:32:30.238313',	NULL,	'{"paymentId": "1336571087", "paymentUrl": "2243585522-1b7a28e5-103f-455a-96a9-b4949fd623a1"}'),
(569,	4,	'Payment',	'CREAR',	'',	'2025-05-28 19:42:06.956987',	NULL,	'{"paymentId": "113137991772", "paymentUrl": "2243585522-e7f2a7f4-c17e-433b-9b0d-3819df4446bc"}'),
(570,	4,	'Payment',	'CREAR',	'',	'2025-05-28 19:42:06.958685',	NULL,	'{"paymentId": "113137991772", "paymentUrl": "2243585522-e7f2a7f4-c17e-433b-9b0d-3819df4446bc"}'),
(563,	31,	'Users',	'CREAR',	'',	'2025-05-26 23:28:10.075499',	NULL,	'{"role": "3", "email": "prueba2@glamadates.com", "phone": "", "gender": "O", "lastName": "FEOS", "firstName": "PROBANDO", "categories": []}'),
(541,	4,	'Package',	'CREAR',	'',	'2025-05-26 16:37:41.906121',	NULL,	'{"name": "probando", "price": 80, "duration": 30, "services": ["18"], "description": "probando el servicio"}'),
(559,	4,	'Users',	'CREAR',	'',	'2025-05-26 20:30:49.225854',	NULL,	'{"role": "4", "email": "prueba@glamadates.com", "phone": "", "gender": "", "lastName": "PRUEBA", "firstName": "USUARIO"}'),
(580,	4,	'Roles',	'CREAR',	'',	'2025-05-29 12:42:45.868704',	NULL,	'{"role": "PRUEBA", "description": "rol de prueba para las pruebas que se prueban", "permissions": [3, 6, 9, 13, 17, 21, 26, 27, 29, 30, 31, 32, 35, 36, 37, 38]}'),
(544,	18,	'Appointment',	'CREAR',	'',	'2025-05-26 17:55:59.713034',	NULL,	'{"advance": true, "package": "1", "discount": 1, "datetimeStart": "2025-05-26T21:00:00.000Z"}'),
(581,	4,	'Roles',	'BORRAR',	'',	'2025-05-29 12:43:49.277146',	NULL,	'{}'),
(546,	18,	'Appointment',	'CREAR',	'',	'2025-05-26 17:57:50.339934',	NULL,	'{"advance": true, "package": "5", "discount": 2, "datetimeStart": "2025-05-26T22:00:00.000Z"}'),
(583,	4,	'Roles',	'BORRAR',	'',	'2025-05-29 15:48:42.761519',	NULL,	'{}'),
(584,	4,	'Roles',	'CREAR',	'',	'2025-05-29 16:18:18.255436',	NULL,	'{"role": "SECRETARIO", "description": "descripcion de secretario", "permissions": [1, 2, 3, 4]}'),
(585,	4,	'Roles',	'BORRAR',	'',	'2025-05-29 16:19:18.296645',	NULL,	'{}'),
(552,	18,	'Appointment',	'CREAR',	'',	'2025-05-26 18:31:24.744011',	NULL,	'{"advance": true, "package": "1", "discount": 2, "datetimeStart": "2025-05-26T22:00:00.000Z"}'),
(589,	4,	'Workstation',	'BORRAR',	'',	'2025-05-29 19:16:09.132226',	NULL,	'{}'),
(625,	NULL,	'Category',	'BORRAR',	'',	'2025-06-02 14:11:11.86424',	NULL,	NULL),
(639,	4,	'Auth',	'LOGIN',	'Inicio de sesin para devops@glamadates.com',	'2025-06-02 16:14:59.994334',	NULL,	NULL),
(651,	4,	'Users',	'BORRAR',	'',	'2025-06-03 09:33:00.837958',	NULL,	'{}'),
(560,	4,	'Users',	'BORRAR',	'',	'2025-05-26 20:32:18.726921',	NULL,	'{}'),
(664,	4,	'Category',	'BORRAR',	'',	'2025-06-03 10:42:11.544423',	'{"id": 20, "name": "mm", "description": ""}',	'{}'),
(666,	4,	'Category',	'BORRAR',	'',	'2025-06-03 10:42:15.509328',	'{"id": 18, "name": "hhhh", "description": ""}',	'{}'),
(678,	4,	'Workstation',	'BORRAR',	'',	'2025-06-03 10:54:56.036063',	'{"id": 13, "name": "PRUEBA", "state": "INACTIVO", "description": null}',	'{}'),
(700,	4,	'Auth',	'LOGIN',	'Inicio de sesin para devops@glamadates.com',	'2025-06-08 20:11:21.082106',	NULL,	NULL),
(715,	4,	'Auth',	'LOGIN',	'Inicio de sesin para devops@glamadates.com',	'2025-06-09 10:55:01.472179',	NULL,	NULL),
(727,	18,	'Auth',	'LOGIN',	'Inicio de sesin para ailen@glamadates.com',	'2025-06-09 11:08:47.681334',	NULL,	NULL),
(568,	18,	'Appointment',	'CREAR',	'',	'2025-05-28 19:41:01.794789',	NULL,	'{"advance": true, "package": "24", "discount": null, "datetimeStart": "2025-05-30T11:00:00.000Z"}'),
(740,	18,	'Appointment',	'CREAR',	'Create a new appointment',	'2025-06-09 11:17:47.022777',	NULL,	'{"advance": true, "package": "5", "discount": 2, "datetimeStart": "2025-06-09T21:00:00.000Z"}'),
(756,	4,	'Auth',	'LOGIN',	'Inicio de sesin para devops@glamadates.com',	'2025-06-09 13:21:38.243703',	NULL,	NULL),
(774,	4,	'Auth',	'LOGIN',	'Inicio de sesin para devops@glamadates.com',	'2025-06-09 14:32:33.483258',	NULL,	NULL),
(784,	4,	'Auth',	'LOGIN',	'Inicio de sesin para devops@glamadates.com',	'2025-06-09 15:36:11.468521',	NULL,	NULL),
(794,	4,	'Auth',	'LOGIN',	'Inicio de sesin para devops@glamadates.com',	'2025-06-13 17:49:09.106856',	NULL,	NULL),
(802,	4,	'Auth',	'LOGIN',	'Inicio de sesin para devops@glamadates.com',	'2025-06-14 21:03:44.621452',	NULL,	NULL),
(808,	18,	'Auth',	'LOGIN',	'Inicio de sesin para ailen@glamadates.com',	'2025-06-14 21:10:30.437781',	NULL,	NULL),
(816,	4,	'Auth',	'LOGIN',	'Inicio de sesin para devops@glamadates.com',	'2025-06-15 08:36:44.884736',	NULL,	NULL),
(824,	18,	'Appointment',	'CREAR',	'Create a new appointment',	'2025-06-15 09:36:33.501996',	NULL,	'{"advance": true, "package": "1", "discount": null, "datetimeStart": "2025-06-18T16:00:00.000Z"}'),
(831,	4,	'Appointment',	'ACTUALIZAR',	'Rearrange appointment',	'2025-06-15 10:56:36.679881',	'{"id": 636, "state": "ACTIVO", "total": 95, "advance": true, "pending": 0, "discount": 0, "datetimeEnd": "2025-06-18T16:50:00.000Z", "discountType": "NINGUNO", "datetimeStart": "2025-06-18T16:00:00.000Z"}',	'{"id": 636, "datetimeOld": "2025-06-18T16:00:00.000Z", "datetimeStart": "2025-06-17T19:00:00.000Z"}'),
(838,	4,	'Appointment',	'ACTUALIZAR',	'Register cash payment for an appointment',	'2025-06-15 17:28:09.17015',	'{"id": 629, "state": "PENDIENTE", "total": 95, "advance": true, "pending": 95, "discount": 0, "datetimeEnd": "2025-06-15T22:50:00.000Z", "discountType": "NINGUNO", "datetimeStart": "2025-06-15T22:00:00.000Z"}',	'{"observation": ""}'),
(846,	18,	'Appointment',	'CREAR',	'Create a new appointment',	'2025-06-15 18:33:34.343212',	NULL,	'{"advance": true, "package": "24", "discount": null, "datetimeStart": "2025-06-16T14:00:00.000Z"}'),
(851,	18,	'Appointment',	'CREAR',	'Create a new appointment',	'2025-06-15 19:13:53.465662',	NULL,	'{"advance": true, "package": "5", "discount": 2, "datetimeStart": "2025-06-16T22:00:00.000Z"}'),
(857,	18,	'Auth',	'LOGIN',	'Inicio de sesin para ailen@glamadates.com',	'2025-06-15 19:52:58.573949',	NULL,	NULL),
(858,	18,	'Appointment',	'CREAR',	'Create a new appointment',	'2025-06-15 19:53:12.998178',	NULL,	'{"advance": true, "package": "7", "discount": 1, "datetimeStart": "2025-06-16T11:00:00.000Z"}'),
(863,	18,	'Appointment',	'CREAR',	'Create a new appointment',	'2025-06-15 20:17:36.788504',	NULL,	'{"advance": true, "package": "1", "discount": 1, "datetimeStart": "2025-06-16T11:00:00.000Z"}'),
(868,	18,	'Payment',	'CREAR',	'Save payment information',	'2025-06-15 20:33:17.63681',	NULL,	'{"paymentId": "115254414952", "paymentUrl": "2243585522-b176b445-42fd-4d01-8f3a-6a49eedbd16d"}'),
(869,	18,	'Payment',	'CREAR',	'Save payment information',	'2025-06-15 20:33:17.66345',	NULL,	'{"paymentId": "115254414952", "paymentUrl": "2243585522-b176b445-42fd-4d01-8f3a-6a49eedbd16d"}'),
(876,	18,	'Appointment',	'CREAR',	'Create a new appointment',	'2025-06-15 20:55:37.753089',	NULL,	'{"advance": true, "package": "1", "discount": 1, "datetimeStart": "2025-06-16T12:00:00.000Z"}'),
(892,	15,	'Auth',	'LOGIN',	'Inicio de sesin para facialpro@glamadates.com',	'2025-06-16 10:00:31.146763',	NULL,	NULL),
(590,	4,	'Workstation',	'CREAR',	'',	'2025-05-29 20:27:02.676931',	NULL,	'{"name": "ESTACION DE PRUEBA", "state": "ACTIVO", "categories": [3, 4]}'),
(591,	4,	'Workstation',	'CREAR',	'',	'2025-05-29 20:29:14.610182',	NULL,	'{"name": "PRUEBA2", "state": "ACTIVO", "categories": [10, 9]}'),
(592,	4,	'Workstation',	'CREAR',	'',	'2025-05-29 21:11:00.659577',	NULL,	'{"name": "IA ", "state": "ACTIVO", "categories": [9, 10], "description": "(insomnio y ansiedad)"}'),
(593,	4,	'Workstation',	'BORRAR',	'',	'2025-05-29 21:11:20.358798',	NULL,	'{}'),
(626,	NULL,	'Category',	'CREAR',	'',	'2025-06-02 14:14:12.502954',	NULL,	'{"name": "IA ", "description": "describiendo prueba"}'),
(640,	4,	'Auth',	'LOGIN',	'Inicio de sesin para devops@glamadates.com',	'2025-06-02 16:44:41.452851',	NULL,	NULL),
(600,	15,	'appointment',	'COMPLETAR_TURNO',	NULL,	'2025-05-30 14:43:58.006619',	'{"detail": {"id": 518, "isCompleted": false}, "estado": "PENDIENTE"}',	'{"detail": {"id": 518, "isCompleted": true}, "estado": "MOROSO"}'),
(652,	4,	'Category',	'ACTUALIZAR',	'',	'2025-06-03 09:43:58.057154',	'{"id": 22, "name": "f", "description": ""}',	'{"id": 22, "name": "f", "description": "en el chat"}'),
(665,	4,	'Category',	'BORRAR',	'',	'2025-06-03 10:42:13.509821',	'{"id": 19, "name": "lll", "description": ""}',	'{}'),
(667,	4,	'Category',	'BORRAR',	'',	'2025-06-03 10:42:18.233016',	'{"id": 17, "name": "kkk", "description": ""}',	'{}'),
(679,	4,	'Appointment',	'ACTUALIZAR',	'',	'2025-06-03 10:56:12.79636',	'{"id": 617, "state": "PENDIENTE", "total": 95, "advance": true, "pending": 95, "discount": 0, "datetimeEnd": "2025-06-19T22:50:00.000Z", "discountType": "NINGUNO", "datetimeStart": "2025-06-19T22:00:00.000Z"}',	'{"id": 617, "datetimeOld": "2025-06-19T22:00:00.000Z", "datetimeStart": "2025-06-03T20:00:00.000Z"}'),
(701,	4,	'Auth',	'LOGIN',	'Inicio de sesin para devops@glamadates.com',	'2025-06-09 09:39:27.133892',	NULL,	NULL),
(716,	4,	'Role',	'ACTUALIZAR',	'Update Role',	'2025-06-09 10:57:07.372118',	'{"id": 2, "role": "CLIENTE", "description": null}',	'{"role": "CLIENTE", "permissions": [1, 28, 27, 2, 29, 30, 3, 50, 51, 6, 9, 17]}'),
(728,	4,	'Role',	'ACTUALIZAR',	'Update Role',	'2025-06-09 11:09:42.472222',	'{"id": 2, "role": "CLIENTE", "description": null}',	'{"role": "CLIENTE", "permissions": [1, 28, 27, 2, 29, 30, 50, 51, 6, 9, 17, 3, 25, 34, 43, 21, 31, 47]}'),
(741,	4,	'Role',	'ACTUALIZAR',	'Update Role',	'2025-06-09 11:24:12.55743',	'{"id": 2, "role": "CLIENTE", "description": null}',	'{"role": "CLIENTE", "permissions": [1, 28, 27, 2, 29, 30, 50, 51, 6, 9, 17, 3, 25, 34, 43, 21, 47]}'),
(1,	18,	'Auth',	'CREAR',	'',	'2025-04-07 15:12:02.782785',	NULL,	'{"email": "ailen@glamadates.com", "password": "12345678"}'),
(2,	4,	'Auth',	'CREAR',	'',	'2025-04-07 15:29:44.959663',	NULL,	'{"email": "devops@glamadates.com", "password": "12345678"}'),
(3,	4,	'Auth',	'CREAR',	'',	'2025-04-07 15:29:45.071805',	NULL,	'{"email": "devops@glamadates.com", "password": "12345678"}'),
(4,	18,	'Auth',	'CREAR',	'',	'2025-04-07 15:43:56.695242',	NULL,	'{"email": "ailen@glamadates.com", "password": "12345678"}'),
(6,	18,	'Auth',	'CREAR',	'',	'2025-04-07 15:51:23.153908',	NULL,	'{"email": "ailen@glamadates.com", "password": "12345678"}'),
(13,	18,	'Auth',	'CREAR',	'',	'2025-04-07 16:11:59.735872',	NULL,	'{"email": "ailen@glamadates.com", "password": "12345678"}'),
(16,	18,	'Auth',	'CREAR',	'',	'2025-04-07 16:34:41.953292',	NULL,	'{"email": "ailen@glamadates.com", "password": "12345678"}'),
(17,	15,	'Auth',	'CREAR',	'',	'2025-04-07 16:35:32.983758',	NULL,	'{"email": "facialpro@glamadates.com", "password": "12345678"}'),
(18,	15,	'Auth',	'CREAR',	'',	'2025-04-07 16:37:03.372915',	NULL,	'{"email": "facialpro@glamadates.com", "password": "12345678"}'),
(19,	4,	'Auth',	'CREAR',	'',	'2025-04-07 16:47:14.91891',	NULL,	'{"email": "devops@glamadates.com", "password": "12345678"}'),
(20,	4,	'Auth',	'CREAR',	'',	'2025-04-07 16:47:22.211258',	NULL,	'{"email": "devops@glamadates.com", "password": "12345678"}'),
(21,	18,	'Auth',	'CREAR',	'',	'2025-04-08 10:55:52.538997',	NULL,	'{"email": "ailen@glamadates.com", "password": "12345678"}'),
(22,	18,	'Auth',	'CREAR',	'',	'2025-04-08 10:56:53.35538',	NULL,	'{"email": "ailen@glamadates.com", "password": "12345678"}'),
(24,	15,	'Auth',	'CREAR',	'',	'2025-04-08 10:57:44.545736',	NULL,	'{"email": "facialpro@glamadates.com", "password": "12345678"}'),
(25,	18,	'Auth',	'CREAR',	'',	'2025-04-08 14:08:35.254092',	NULL,	'{"email": "ailen@glamadates.com", "password": "12345678"}'),
(27,	18,	'Auth',	'CREAR',	'',	'2025-04-20 20:41:07.374692',	NULL,	'{"email": "ailen@glamadates.com", "password": "12345678"}'),
(28,	18,	'Auth',	'CREAR',	'',	'2025-04-20 21:54:08.335781',	NULL,	'{"email": "ailen@glamadates.com", "password": "12345678"}'),
(32,	15,	'Auth',	'CREAR',	'',	'2025-04-20 21:57:08.942915',	NULL,	'{"email": "facialpro@glamadates.com", "password": "12345678"}'),
(33,	4,	'Auth',	'CREAR',	'',	'2025-04-20 21:57:32.165573',	NULL,	'{"email": "devops@glamadates.com", "password": "12345678"}'),
(34,	15,	'Auth',	'CREAR',	'',	'2025-04-24 17:23:37.957536',	NULL,	'{"email": "facialpro@glamadates.com", "password": "12345678"}'),
(35,	18,	'Auth',	'CREAR',	'',	'2025-04-24 17:24:11.106944',	NULL,	'{"email": "ailen@glamadates.com", "password": "12345678"}'),
(39,	4,	'Auth',	'CREAR',	'',	'2025-04-24 17:41:09.756815',	NULL,	'{"email": "devops@glamadates.com", "password": "12345678"}'),
(40,	4,	'Auth',	'CREAR',	'',	'2025-04-24 17:42:48.462945',	NULL,	'{"email": "devops@glamadates.com", "password": "12345678"}'),
(41,	4,	'Auth',	'CREAR',	'',	'2025-04-24 17:43:11.188525',	NULL,	'{"email": "devops@glamadates.com", "password": "12345678"}'),
(42,	4,	'Auth',	'CREAR',	'',	'2025-04-24 17:43:22.787955',	NULL,	'{"email": "devops@glamadates.com", "password": "12345678"}'),
(43,	4,	'Auth',	'CREAR',	'',	'2025-04-24 17:44:07.590244',	NULL,	'{"email": "devops@glamadates.com", "password": "12345678"}'),
(44,	4,	'Auth',	'CREAR',	'',	'2025-04-24 17:48:53.498941',	NULL,	'{"email": "devops@glamadates.com", "password": "12345678"}'),
(45,	4,	'Auth',	'CREAR',	'',	'2025-04-24 17:50:15.208638',	NULL,	'{"email": "devops@glamadates.com", "password": "12345678"}'),
(46,	4,	'Auth',	'CREAR',	'',	'2025-04-24 17:53:25.274009',	NULL,	'{"email": "devops@glamadates.com", "password": "12345678"}'),
(47,	4,	'Auth',	'CREAR',	'',	'2025-04-24 17:53:43.182945',	NULL,	'{"email": "devops@glamadates.com", "password": "12345678"}'),
(48,	4,	'Auth',	'CREAR',	'',	'2025-04-24 17:53:48.146947',	NULL,	'{"email": "devops@glamadates.com", "password": "12345678"}'),
(49,	4,	'Auth',	'CREAR',	'',	'2025-04-24 17:54:35.464132',	NULL,	'{"email": "devops@glamadates.com", "password": "12345678"}'),
(50,	18,	'Auth',	'CREAR',	'',	'2025-04-24 18:32:53.767651',	NULL,	'{"email": "ailen@glamadates.com", "password": "12345678"}'),
(54,	18,	'Auth',	'CREAR',	'',	'2025-04-28 11:29:43.339176',	NULL,	'{"email": "ailen@glamadates.com", "password": "12345678"}'),
(61,	4,	'Auth',	'CREAR',	'',	'2025-04-28 16:10:17.806522',	NULL,	'{"email": "devops@glamadates.com", "password": "12345678"}'),
(62,	4,	'Auth',	'CREAR',	'',	'2025-04-28 16:10:26.035042',	NULL,	'{"email": "devops@glamadates.com", "password": "12345678"}'),
(63,	18,	'Auth',	'CREAR',	'',	'2025-04-28 16:10:32.596586',	NULL,	'{"email": "ailen@glamadates.com", "password": "12345678"}'),
(64,	18,	'Auth',	'CREAR',	'',	'2025-04-28 20:39:13.694993',	NULL,	'{"email": "ailen@glamadates.com", "password": "12345678"}'),
(67,	18,	'Auth',	'CREAR',	'',	'2025-04-28 22:42:02.335641',	NULL,	'{"email": "ailen@glamadates.com", "password": "12345678"}'),
(68,	18,	'Auth',	'CREAR',	'',	'2025-04-28 23:43:23.851022',	NULL,	'{"email": "ailen@glamadates.com", "password": "12345678"}'),
(69,	18,	'Auth',	'CREAR',	'',	'2025-04-29 17:15:23.731139',	NULL,	'{"email": "ailen@glamadates.com", "password": "12345678"}'),
(76,	4,	'Auth',	'CREAR',	'',	'2025-04-29 17:50:14.554333',	NULL,	'{"email": "devops@glamadates.com", "password": "12345678"}'),
(77,	15,	'Auth',	'CREAR',	'',	'2025-04-29 17:51:59.961511',	NULL,	'{"email": "facialpro@glamadates.com", "password": "12345678"}'),
(78,	15,	'Auth',	'CREAR',	'',	'2025-04-29 17:53:35.483617',	NULL,	'{"email": "facialpro@glamadates.com", "password": "12345678"}'),
(79,	15,	'Auth',	'CREAR',	'',	'2025-04-29 17:54:46.490961',	NULL,	'{"email": "facialpro@glamadates.com", "password": "12345678"}'),
(80,	15,	'Auth',	'CREAR',	'',	'2025-04-29 18:43:42.239757',	NULL,	'{"email": "facialpro@glamadates.com", "password": "12345678"}'),
(81,	15,	'Auth',	'CREAR',	'',	'2025-04-29 18:49:05.692288',	NULL,	'{"email": "facialpro@glamadates.com", "password": "12345678"}'),
(84,	18,	'Auth',	'CREAR',	'',	'2025-04-29 18:55:57.550633',	NULL,	'{"email": "ailen@glamadates.com", "password": "12345678"}'),
(88,	15,	'Auth',	'CREAR',	'',	'2025-04-29 19:27:04.56479',	NULL,	'{"email": "facialpro@glamadates.com", "password": "12345678"}'),
(91,	18,	'Auth',	'CREAR',	'',	'2025-04-30 16:20:42.47001',	NULL,	'{"email": "ailen@glamadates.com", "password": "12345678"}'),
(92,	15,	'Auth',	'CREAR',	'',	'2025-04-30 16:52:41.921324',	NULL,	'{"email": "facialpro@glamadates.com", "password": "12345678"}'),
(93,	18,	'Auth',	'CREAR',	'',	'2025-04-30 17:06:07.069362',	NULL,	'{"email": "ailen@glamadates.com", "password": "12345678"}'),
(95,	15,	'Auth',	'CREAR',	'',	'2025-04-30 17:06:41.008586',	NULL,	'{"email": "facialpro@glamadates.com", "password": "12345678"}'),
(96,	18,	'Auth',	'CREAR',	'',	'2025-04-30 17:08:20.048013',	NULL,	'{"email": "ailen@glamadates.com", "password": "12345678"}'),
(100,	15,	'Auth',	'CREAR',	'',	'2025-04-30 17:09:15.187968',	NULL,	'{"email": "facialpro@glamadates.com", "password": "12345678"}'),
(102,	18,	'Auth',	'CREAR',	'',	'2025-04-30 17:45:46.978258',	NULL,	'{"email": "ailen@glamadates.com", "password": "12345678"}'),
(106,	18,	'Auth',	'CREAR',	'',	'2025-04-30 20:06:51.398526',	NULL,	'{"email": "ailen@glamadates.com", "password": "12345678"}'),
(107,	15,	'Auth',	'CREAR',	'',	'2025-04-30 20:09:25.927359',	NULL,	'{"email": "facialpro@glamadates.com", "password": "12345678"}'),
(109,	18,	'Auth',	'CREAR',	'',	'2025-04-30 20:13:03.664509',	NULL,	'{"email": "ailen@glamadates.com", "password": "12345678"}'),
(110,	18,	'Auth',	'CREAR',	'',	'2025-05-05 09:31:13.639113',	NULL,	'{"email": "ailen@glamadates.com", "password": "12345678"}'),
(115,	18,	'Auth',	'CREAR',	'',	'2025-05-05 10:20:47.70394',	NULL,	'{"email": "ailen@glamadates.com", "password": "12345678"}'),
(121,	15,	'Auth',	'CREAR',	'',	'2025-05-05 10:24:53.932058',	NULL,	'{"email": "facialpro@glamadates.com", "password": "12345678"}'),
(123,	4,	'Auth',	'CREAR',	'',	'2025-05-05 10:25:52.948',	NULL,	'{"email": "devops@glamadates.com", "password": "12345678"}'),
(124,	4,	'Auth',	'CREAR',	'',	'2025-05-05 10:27:21.133242',	NULL,	'{"email": "devops@glamadates.com", "password": "12345678"}'),
(125,	18,	'Auth',	'CREAR',	'',	'2025-05-05 10:46:24.512455',	NULL,	'{"email": "ailen@glamadates.com", "password": "12345678"}'),
(127,	4,	'Auth',	'CREAR',	'',	'2025-05-05 10:47:29.066794',	NULL,	'{"email": "devops@glamadates.com", "password": "12345678"}'),
(128,	18,	'Auth',	'CREAR',	'',	'2025-05-05 10:47:47.740994',	NULL,	'{"email": "ailen@glamadates.com", "password": "12345678"}'),
(130,	4,	'Auth',	'CREAR',	'',	'2025-05-05 10:48:11.900743',	NULL,	'{"email": "devops@glamadates.com", "password": "12345678"}'),
(131,	4,	'Auth',	'CREAR',	'',	'2025-05-05 11:43:07.632198',	NULL,	'{"email": "devops@glamadates.com", "password": "12345678"}'),
(132,	4,	'Auth',	'CREAR',	'',	'2025-05-05 12:06:50.611502',	NULL,	'{"email": "devops@glamadates.com", "password": "12345678"}'),
(133,	4,	'Auth',	'CREAR',	'',	'2025-05-05 14:48:58.632553',	NULL,	'{"email": "devops@glamadates.com", "password": "12345678"}'),
(134,	4,	'Auth',	'CREAR',	'',	'2025-05-05 14:50:29.036901',	NULL,	'{"email": "devops@glamadates.com", "password": "12345678"}'),
(135,	4,	'Auth',	'CREAR',	'',	'2025-05-05 14:51:20.097598',	NULL,	'{"email": "devops@glamadates.com", "password": "12345678"}'),
(136,	4,	'Auth',	'CREAR',	'',	'2025-05-05 14:52:31.223192',	NULL,	'{"email": "devops@glamadates.com", "password": "12345678"}'),
(137,	4,	'Auth',	'CREAR',	'',	'2025-05-05 14:59:52.152492',	NULL,	'{"email": "devops@glamadates.com", "password": "12345678"}'),
(138,	4,	'Auth',	'CREAR',	'',	'2025-05-05 15:02:54.978016',	NULL,	'{"email": "devops@glamadates.com", "password": "12345678"}'),
(139,	4,	'Auth',	'CREAR',	'',	'2025-05-05 15:06:12.536171',	NULL,	'{"email": "devops@glamadates.com", "password": "12345678"}'),
(140,	4,	'Auth',	'CREAR',	'',	'2025-05-05 15:08:33.128228',	NULL,	'{"email": "devops@glamadates.com", "password": "12345678"}'),
(141,	4,	'Auth',	'CREAR',	'',	'2025-05-05 15:13:51.753379',	NULL,	'{"email": "devops@glamadates.com", "password": "12345678"}'),
(142,	4,	'Auth',	'CREAR',	'',	'2025-05-05 15:19:22.816925',	NULL,	'{"email": "devops@glamadates.com", "password": "12345678"}'),
(143,	4,	'Auth',	'CREAR',	'',	'2025-05-05 15:23:06.220983',	NULL,	'{"email": "devops@glamadates.com", "password": "12345678"}'),
(144,	4,	'Auth',	'CREAR',	'',	'2025-05-05 15:25:50.986342',	NULL,	'{"email": "devops@glamadates.com", "password": "12345678"}'),
(145,	18,	'Auth',	'CREAR',	'',	'2025-05-05 15:51:42.515465',	NULL,	'{"email": "ailen@glamadates.com", "password": "12345678"}'),
(149,	15,	'Auth',	'CREAR',	'',	'2025-05-05 15:56:47.5658',	NULL,	'{"email": "facialpro@glamadates.com", "password": "12345678"}'),
(151,	4,	'Auth',	'CREAR',	'',	'2025-05-05 16:00:23.111863',	NULL,	'{"email": "devops@glamadates.com", "password": "12345678"}'),
(152,	15,	'Auth',	'CREAR',	'',	'2025-05-05 16:08:51.304777',	NULL,	'{"email": "facialpro@glamadates.com", "password": "12345678"}'),
(153,	18,	'Auth',	'CREAR',	'',	'2025-05-05 16:11:39.680115',	NULL,	'{"email": "ailen@glamadates.com", "password": "12345678"}'),
(154,	18,	'Auth',	'CREAR',	'',	'2025-05-05 17:38:03.383919',	NULL,	'{"email": "ailen@glamadates.com", "password": "12345678"}'),
(156,	4,	'Auth',	'CREAR',	'',	'2025-05-05 17:38:45.240723',	NULL,	'{"email": "devops@glamadates.com", "password": "12345678"}'),
(157,	4,	'Auth',	'CREAR',	'',	'2025-05-05 17:43:34.284579',	NULL,	'{"email": "devops@glamadates.com", "password": "12345678"}'),
(158,	4,	'Auth',	'CREAR',	'',	'2025-05-05 18:46:18.278641',	NULL,	'{"email": "devops@glamadates.com", "password": "12345678"}'),
(159,	4,	'Auth',	'CREAR',	'',	'2025-05-05 21:18:58.711611',	NULL,	'{"email": "devops@glamadates.com", "password": "12345678"}'),
(160,	4,	'Auth',	'CREAR',	'',	'2025-05-05 21:38:30.539677',	NULL,	'{"email": "devops@glamadates.com", "password": "12345678"}'),
(161,	4,	'Auth',	'CREAR',	'',	'2025-05-05 22:42:51.875825',	NULL,	'{"email": "devops@glamadates.com", "password": "12345678"}'),
(162,	18,	'Auth',	'CREAR',	'',	'2025-05-06 20:07:35.11271',	NULL,	'{"email": "ailen@glamadates.com", "password": "12345678"}'),
(163,	4,	'Auth',	'CREAR',	'',	'2025-05-06 20:16:28.155252',	NULL,	'{"email": "devops@glamadates.com", "password": "12345678"}'),
(164,	18,	'Auth',	'CREAR',	'',	'2025-05-06 20:18:04.340438',	NULL,	'{"email": "ailen@glamadates.com", "password": "12345678"}'),
(165,	4,	'Auth',	'CREAR',	'',	'2025-05-06 20:32:09.854838',	NULL,	'{"email": "devops@glamadates.com", "password": "12345678"}'),
(166,	4,	'Auth',	'CREAR',	'',	'2025-05-06 21:09:29.7531',	NULL,	'{"email": "devops@glamadates.com", "password": "12345678"}'),
(171,	4,	'Auth',	'CREAR',	'',	'2025-05-07 14:22:16.564276',	NULL,	'{"email": "devops@glamadates.com", "password": "12345678"}'),
(174,	4,	'Auth',	'CREAR',	'',	'2025-05-07 14:42:04.025217',	NULL,	'{"email": "devops@glamadates.com", "password": "12345678"}'),
(177,	4,	'Auth',	'CREAR',	'',	'2025-05-07 15:13:39.590302',	NULL,	'{"email": "devops@glamadates.com", "password": "12345678"}'),
(178,	4,	'Auth',	'CREAR',	'',	'2025-05-07 15:14:44.455384',	NULL,	'{"email": "devops@glamadates.com", "password": "12345678"}'),
(179,	4,	'Auth',	'CREAR',	'',	'2025-05-07 15:17:09.182555',	NULL,	'{"email": "devops@glamadates.com", "password": "12345678"}'),
(180,	4,	'Auth',	'CREAR',	'',	'2025-05-07 15:19:52.246318',	NULL,	'{"email": "devops@glamadates.com", "password": "12345678"}'),
(183,	18,	'Auth',	'CREAR',	'',	'2025-05-07 15:38:04.873491',	NULL,	'{"email": "ailen@glamadates.com", "password": "12345678"}'),
(184,	18,	'Auth',	'CREAR',	'',	'2025-05-07 15:48:12.133531',	NULL,	'{"email": "ailen@glamadates.com", "password": "12345678"}'),
(190,	18,	'Auth',	'CREAR',	'',	'2025-05-07 17:00:05.349697',	NULL,	'{"email": "ailen@glamadates.com", "password": "12345678"}'),
(192,	4,	'Auth',	'CREAR',	'',	'2025-05-07 17:02:49.321989',	NULL,	'{"email": "devops@glamadates.com", "password": "12345678"}'),
(193,	18,	'Auth',	'CREAR',	'',	'2025-05-07 17:04:06.578926',	NULL,	'{"email": "ailen@glamadates.com", "password": "12345678"}'),
(195,	4,	'Auth',	'CREAR',	'',	'2025-05-07 17:04:30.942234',	NULL,	'{"email": "devops@glamadates.com", "password": "12345678"}'),
(196,	18,	'Auth',	'CREAR',	'',	'2025-05-07 17:09:33.722157',	NULL,	'{"email": "ailen@glamadates.com", "password": "12345678"}'),
(198,	28,	'Auth',	'CREAR',	'',	'2025-05-07 17:17:25.387796',	NULL,	'{"email": "juanjo@glamadates.com", "password": "12345678"}'),
(200,	4,	'Auth',	'CREAR',	'',	'2025-05-07 17:26:30.521292',	NULL,	'{"email": "devops@glamadates.com", "password": "12345678"}'),
(201,	15,	'Auth',	'CREAR',	'',	'2025-05-07 17:26:44.9876',	NULL,	'{"email": "facialpro@glamadates.com", "password": "12345678"}'),
(202,	4,	'Auth',	'CREAR',	'',	'2025-05-08 10:50:38.177951',	NULL,	'{"email": "devops@glamadates.com", "password": "12345678"}'),
(203,	18,	'Auth',	'CREAR',	'',	'2025-05-08 10:57:20.654186',	NULL,	'{"email": "ailen@glamadates.com", "password": "12345678"}'),
(207,	4,	'Auth',	'CREAR',	'',	'2025-05-08 11:01:29.233626',	NULL,	'{"email": "devops@glamadates.com", "password": "12345678"}'),
(208,	18,	'Auth',	'CREAR',	'',	'2025-05-08 11:03:05.989569',	NULL,	'{"email": "ailen@glamadates.com", "password": "12345678"}'),
(214,	4,	'Auth',	'CREAR',	'',	'2025-05-08 11:07:06.044828',	NULL,	'{"email": "devops@glamadates.com", "password": "12345678"}'),
(215,	18,	'Auth',	'CREAR',	'',	'2025-05-08 11:12:26.11585',	NULL,	'{"email": "ailen@glamadates.com", "password": "12345678"}'),
(219,	4,	'Auth',	'CREAR',	'',	'2025-05-08 11:14:12.293168',	NULL,	'{"email": "devops@glamadates.com", "password": "12345678"}'),
(220,	18,	'Auth',	'CREAR',	'',	'2025-05-08 11:14:57.601554',	NULL,	'{"email": "ailen@glamadates.com", "password": "12345678"}'),
(223,	4,	'Auth',	'CREAR',	'',	'2025-05-08 11:19:26.205041',	NULL,	'{"email": "devops@glamadates.com", "password": "12345678"}'),
(224,	18,	'Auth',	'CREAR',	'',	'2025-05-08 19:49:25.221132',	NULL,	'{"email": "ailen@glamadates.com", "password": "12345678"}'),
(229,	15,	'Auth',	'CREAR',	'',	'2025-05-08 19:57:46.670917',	NULL,	'{"email": "facialpro@glamadates.com", "password": "12345678"}'),
(231,	4,	'Auth',	'CREAR',	'',	'2025-05-08 19:58:53.484509',	NULL,	'{"email": "devops@glamadates.com", "password": "12345678"}'),
(232,	18,	'Auth',	'CREAR',	'',	'2025-05-09 13:15:21.285372',	NULL,	'{"email": "ailen@glamadates.com", "password": "12345678"}'),
(234,	4,	'Auth',	'CREAR',	'',	'2025-05-09 13:15:55.22775',	NULL,	'{"email": "devops@glamadates.com", "password": "12345678"}'),
(235,	18,	'Auth',	'CREAR',	'',	'2025-05-09 13:53:18.05357',	NULL,	'{"email": "ailen@glamadates.com", "password": "12345678"}'),
(237,	4,	'Auth',	'CREAR',	'',	'2025-05-09 13:53:56.216989',	NULL,	'{"email": "devops@glamadates.com", "password": "12345678"}'),
(238,	18,	'Auth',	'CREAR',	'',	'2025-05-09 14:13:55.876085',	NULL,	'{"email": "ailen@glamadates.com", "password": "12345678"}'),
(247,	4,	'Auth',	'CREAR',	'',	'2025-05-09 14:16:42.624473',	NULL,	'{"email": "devops@glamadates.com", "password": "12345678"}'),
(248,	4,	'Auth',	'CREAR',	'',	'2025-05-09 14:36:27.509687',	NULL,	'{"email": "devops@glamadates.com", "password": "12345678"}'),
(249,	4,	'Auth',	'CREAR',	'',	'2025-05-09 14:40:31.089257',	NULL,	'{"email": "devops@glamadates.com", "password": "12345678"}'),
(250,	4,	'Auth',	'CREAR',	'',	'2025-05-09 15:28:34.692428',	NULL,	'{"email": "devops@glamadates.com", "password": "12345678"}'),
(251,	4,	'Auth',	'CREAR',	'',	'2025-05-09 16:41:14.620102',	NULL,	'{"email": "devops@glamadates.com", "password": "12345678"}'),
(252,	4,	'Auth',	'CREAR',	'',	'2025-05-09 17:33:51.916706',	NULL,	'{"email": "devops@glamadates.com", "password": "12345678"}'),
(253,	4,	'Auth',	'CREAR',	'',	'2025-05-09 17:33:51.919962',	NULL,	'{"email": "devops@glamadates.com", "password": "12345678"}'),
(254,	18,	'Auth',	'CREAR',	'',	'2025-05-09 18:25:13.747917',	NULL,	'{"email": "ailen@glamadates.com", "password": "12345678"}'),
(255,	4,	'Auth',	'CREAR',	'',	'2025-05-09 18:25:59.474989',	NULL,	'{"email": "devops@glamadates.com", "password": "12345678"}'),
(256,	4,	'Auth',	'CREAR',	'',	'2025-05-12 11:47:15.130024',	NULL,	'{"email": "devops@glamadates.com", "password": "12345678"}'),
(257,	4,	'Auth',	'CREAR',	'',	'2025-05-12 12:36:37.82854',	NULL,	'{"email": "devops@glamadates.com", "password": "12345678"}'),
(258,	4,	'Auth',	'CREAR',	'',	'2025-05-12 12:44:25.856272',	NULL,	'{"email": "devops@glamadates.com", "password": "12345678"}'),
(259,	4,	'Auth',	'CREAR',	'',	'2025-05-12 12:44:55.753913',	NULL,	'{"email": "devops@glamadates.com", "password": "12345678"}'),
(260,	4,	'Auth',	'CREAR',	'',	'2025-05-12 12:45:25.09247',	NULL,	'{"email": "devops@glamadates.com", "password": "12345678"}'),
(261,	4,	'Auth',	'CREAR',	'',	'2025-05-12 12:45:50.716058',	NULL,	'{"email": "devops@glamadates.com", "password": "12345678"}'),
(262,	4,	'Auth',	'CREAR',	'',	'2025-05-12 12:46:40.406358',	NULL,	'{"email": "devops@glamadates.com", "password": "12345678"}'),
(263,	4,	'Auth',	'CREAR',	'',	'2025-05-12 12:51:46.208561',	NULL,	'{"email": "devops@glamadates.com", "password": "12345678"}'),
(264,	18,	'Auth',	'CREAR',	'',	'2025-05-12 16:02:21.611341',	NULL,	'{"email": "ailen@glamadates.com", "password": "12345678"}'),
(268,	4,	'Auth',	'CREAR',	'',	'2025-05-13 14:09:13.543654',	NULL,	'{"email": "devops@glamadates.com", "password": "12345678"}'),
(269,	4,	'Auth',	'CREAR',	'',	'2025-05-13 14:24:48.567786',	NULL,	'{"email": "devops@glamadates.com", "password": "12345678"}'),
(270,	4,	'Auth',	'CREAR',	'',	'2025-05-13 15:01:30.873924',	NULL,	'{"email": "devops@glamadates.com", "password": "12345678"}'),
(271,	18,	'Auth',	'CREAR',	'',	'2025-05-13 15:10:19.441714',	NULL,	'{"email": "ailen@glamadates.com", "password": "12345678"}'),
(272,	4,	'Auth',	'CREAR',	'',	'2025-05-13 15:11:04.275902',	NULL,	'{"email": "devops@glamadates.com", "password": "12345678"}'),
(273,	18,	'Auth',	'CREAR',	'',	'2025-05-13 15:22:25.041611',	NULL,	'{"email": "ailen@glamadates.com", "password": "12345678"}'),
(274,	4,	'Auth',	'CREAR',	'',	'2025-05-13 15:23:55.846879',	NULL,	'{"email": "devops@glamadates.com", "password": "12345678"}'),
(275,	4,	'Auth',	'CREAR',	'',	'2025-05-13 18:05:22.292404',	NULL,	'{"email": "devops@glamadates.com", "password": "12345678"}'),
(277,	4,	'Auth',	'CREAR',	'',	'2025-05-14 14:34:51.47119',	NULL,	'{"email": "devops@glamadates.com", "password": "12345678"}'),
(279,	4,	'Auth',	'CREAR',	'',	'2025-05-14 14:35:04.462146',	NULL,	'{"email": "devops@glamadates.com", "password": "12345678"}'),
(281,	4,	'Auth',	'CREAR',	'',	'2025-05-14 16:37:57.614062',	NULL,	'{"email": "devops@glamadates.com", "password": "12345678"}'),
(283,	4,	'Auth',	'CREAR',	'',	'2025-05-14 16:56:34.550986',	NULL,	'{"email": "devops@glamadates.com", "password": "12345678"}'),
(285,	4,	'Auth',	'CREAR',	'',	'2025-05-14 17:06:59.862525',	NULL,	'{"email": "devops@glamadates.com", "password": "12345678"}'),
(287,	4,	'Auth',	'CREAR',	'',	'2025-05-14 17:20:22.265088',	NULL,	'{"email": "devops@glamadates.com", "password": "12345678"}'),
(289,	4,	'Auth',	'CREAR',	'',	'2025-05-14 17:22:26.257715',	NULL,	'{"email": "devops@glamadates.com", "password": "12345678"}'),
(291,	18,	'Auth',	'CREAR',	'',	'2025-05-14 17:33:04.852831',	NULL,	'{"email": "ailen@glamadates.com", "password": "12345678"}'),
(298,	18,	'Auth',	'CREAR',	'',	'2025-05-14 18:36:23.475528',	NULL,	'{"email": "ailen@glamadates.com", "password": "12345678"}'),
(300,	4,	'Auth',	'CREAR',	'',	'2025-05-14 18:46:22.873506',	NULL,	'{"email": "devops@glamadates.com", "password": "12345678"}'),
(301,	18,	'Auth',	'CREAR',	'',	'2025-05-14 18:48:26.106895',	NULL,	'{"email": "ailen@glamadates.com", "password": "12345678"}'),
(627,	NULL,	'Category',	'BORRAR',	'',	'2025-06-02 14:14:16.27895',	NULL,	NULL),
(302,	4,	'Auth',	'CREAR',	'',	'2025-05-14 18:49:06.483765',	NULL,	'{"email": "devops@glamadates.com", "password": "12345678"}'),
(303,	18,	'Auth',	'CREAR',	'',	'2025-05-14 19:11:25.819708',	NULL,	'{"email": "ailen@glamadates.com", "password": "12345678"}'),
(307,	18,	'Auth',	'CREAR',	'',	'2025-05-14 19:38:57.338163',	NULL,	'{"email": "ailen@glamadates.com", "password": "12345678"}'),
(308,	4,	'Auth',	'CREAR',	'',	'2025-05-14 19:39:59.771686',	NULL,	'{"email": "devops@glamadates.com", "password": "12345678"}'),
(309,	18,	'Auth',	'CREAR',	'',	'2025-05-14 19:40:56.140488',	NULL,	'{"email": "ailen@glamadates.com", "password": "12345678"}'),
(313,	4,	'Auth',	'CREAR',	'',	'2025-05-14 20:02:54.076422',	NULL,	'{"email": "devops@glamadates.com", "password": "12345678"}'),
(314,	18,	'Auth',	'CREAR',	'',	'2025-05-14 20:04:01.030505',	NULL,	'{"email": "ailen@glamadates.com", "password": "12345678"}'),
(315,	4,	'Auth',	'CREAR',	'',	'2025-05-14 20:04:39.153056',	NULL,	'{"email": "devops@glamadates.com", "password": "12345678"}'),
(316,	18,	'Auth',	'CREAR',	'',	'2025-05-14 20:14:18.942178',	NULL,	'{"email": "ailen@glamadates.com", "password": "12345678"}'),
(318,	4,	'Auth',	'CREAR',	'',	'2025-05-14 20:14:44.931329',	NULL,	'{"email": "devops@glamadates.com", "password": "12345678"}'),
(319,	4,	'Auth',	'CREAR',	'',	'2025-05-14 20:27:25.520413',	NULL,	'{"email": "devops@glamadates.com", "password": "12345678"}'),
(320,	18,	'Auth',	'CREAR',	'',	'2025-05-14 22:40:18.082906',	NULL,	'{"email": "ailen@glamadates.com", "password": "12345678"}'),
(323,	4,	'Auth',	'CREAR',	'',	'2025-05-14 22:42:10.828202',	NULL,	'{"email": "devops@glamadates.com", "password": "12345678"}'),
(324,	18,	'Auth',	'CREAR',	'',	'2025-05-14 22:49:06.551803',	NULL,	'{"email": "ailen@glamadates.com", "password": "12345678"}'),
(328,	4,	'Auth',	'CREAR',	'',	'2025-05-14 22:50:15.307191',	NULL,	'{"email": "devops@glamadates.com", "password": "12345678"}'),
(329,	4,	'Auth',	'CREAR',	'',	'2025-05-14 23:04:10.478782',	NULL,	'{"email": "devops@glamadates.com", "password": "12345678"}'),
(330,	18,	'Auth',	'CREAR',	'',	'2025-05-14 23:06:23.110499',	NULL,	'{"email": "ailen@glamadates.com", "password": "12345678"}'),
(341,	4,	'Auth',	'CREAR',	'',	'2025-05-14 23:51:46.2368',	NULL,	'{"email": "devops@glamadates.com", "password": "12345678"}'),
(342,	18,	'Auth',	'CREAR',	'',	'2025-05-14 23:55:30.329258',	NULL,	'{"email": "ailen@glamadates.com", "password": "12345678"}'),
(463,	4,	'Auth',	'CREAR',	'',	'2025-05-17 17:05:08.756131',	NULL,	'{"email": "devops@glamadates.com", "password": "12345678"}'),
(346,	18,	'Auth',	'CREAR',	'',	'2025-05-15 11:05:34.768847',	NULL,	'{"email": "ailen@glamadates.com", "password": "12345678"}'),
(353,	18,	'Auth',	'CREAR',	'',	'2025-05-15 11:39:17.215113',	NULL,	'{"email": "ailen@glamadates.com", "password": "12345678"}'),
(354,	18,	'Auth',	'CREAR',	'',	'2025-05-15 16:45:44.034709',	NULL,	'{"email": "ailen@glamadates.com", "password": "12345678"}'),
(357,	4,	'Auth',	'CREAR',	'',	'2025-05-15 16:49:53.680314',	NULL,	'{"email": "devops@glamadates.com", "password": "12345678"}'),
(358,	4,	'Auth',	'CREAR',	'',	'2025-05-15 16:52:47.528645',	NULL,	'{"email": "devops@glamadates.com", "password": "12345678"}'),
(359,	18,	'Auth',	'CREAR',	'',	'2025-05-15 16:53:08.604852',	NULL,	'{"email": "ailen@glamadates.com", "password": "12345678"}'),
(361,	4,	'Auth',	'CREAR',	'',	'2025-05-15 16:53:57.176044',	NULL,	'{"email": "devops@glamadates.com", "password": "12345678"}'),
(362,	4,	'Auth',	'CREAR',	'',	'2025-05-15 17:03:56.24853',	NULL,	'{"email": "devops@glamadates.com", "password": "12345678"}'),
(363,	18,	'Auth',	'CREAR',	'',	'2025-05-15 17:05:25.8258',	NULL,	'{"email": "ailen@glamadates.com", "password": "12345678"}'),
(364,	4,	'Auth',	'CREAR',	'',	'2025-05-15 17:06:37.293788',	NULL,	'{"email": "devops@glamadates.com", "password": "12345678"}'),
(365,	18,	'Auth',	'CREAR',	'',	'2025-05-15 17:07:51.911349',	NULL,	'{"email": "ailen@glamadates.com", "password": "12345678"}'),
(366,	4,	'Auth',	'CREAR',	'',	'2025-05-15 17:08:22.264855',	NULL,	'{"email": "devops@glamadates.com", "password": "12345678"}'),
(367,	4,	'Auth',	'CREAR',	'',	'2025-05-15 17:10:04.721411',	NULL,	'{"email": "devops@glamadates.com", "password": "12345678"}'),
(368,	18,	'Auth',	'CREAR',	'',	'2025-05-15 17:10:25.129198',	NULL,	'{"email": "ailen@glamadates.com", "password": "12345678"}'),
(370,	18,	'Auth',	'CREAR',	'',	'2025-05-15 17:12:59.606688',	NULL,	'{"email": "ailen@glamadates.com", "password": "12345678"}'),
(377,	4,	'Auth',	'CREAR',	'',	'2025-05-15 17:18:29.434433',	NULL,	'{"email": "devops@glamadates.com", "password": "12345678"}'),
(378,	18,	'Auth',	'CREAR',	'',	'2025-05-15 17:19:12.899619',	NULL,	'{"email": "ailen@glamadates.com", "password": "12345678"}'),
(380,	4,	'Auth',	'CREAR',	'',	'2025-05-15 17:19:45.458682',	NULL,	'{"email": "devops@glamadates.com", "password": "12345678"}'),
(381,	15,	'Auth',	'CREAR',	'',	'2025-05-15 17:20:56.362646',	NULL,	'{"email": "facialpro@glamadates.com", "password": "12345678"}'),
(384,	18,	'Auth',	'CREAR',	'',	'2025-05-15 17:23:37.491998',	NULL,	'{"email": "ailen@glamadates.com", "password": "12345678"}'),
(385,	4,	'Auth',	'CREAR',	'',	'2025-05-15 17:24:55.792962',	NULL,	'{"email": "devops@glamadates.com", "password": "12345678"}'),
(386,	18,	'Auth',	'CREAR',	'',	'2025-05-15 17:32:54.37724',	NULL,	'{"email": "ailen@glamadates.com", "password": "12345678"}'),
(387,	4,	'Auth',	'CREAR',	'',	'2025-05-15 18:11:47.653143',	NULL,	'{"email": "devops@glamadates.com", "password": "12345678"}'),
(388,	18,	'Auth',	'CREAR',	'',	'2025-05-15 18:19:18.65948',	NULL,	'{"email": "ailen@glamadates.com", "password": "12345678"}'),
(389,	4,	'Auth',	'CREAR',	'',	'2025-05-15 18:44:26.815325',	NULL,	'{"email": "devops@glamadates.com", "password": "12345678"}'),
(390,	18,	'Auth',	'CREAR',	'',	'2025-05-15 18:45:03.185492',	NULL,	'{"email": "ailen@glamadates.com", "password": "12345678"}'),
(392,	4,	'Auth',	'CREAR',	'',	'2025-05-15 18:50:53.574011',	NULL,	'{"email": "devops@glamadates.com", "password": "12345678"}'),
(393,	18,	'Auth',	'CREAR',	'',	'2025-05-15 18:52:10.685069',	NULL,	'{"email": "ailen@glamadates.com", "password": "12345678"}'),
(464,	4,	'Auth',	'CREAR',	'',	'2025-05-17 17:11:59.49772',	NULL,	'{"email": "devops@glamadates.com", "password": "12345678"}'),
(405,	18,	'Auth',	'CREAR',	'',	'2025-05-15 20:03:30.825843',	NULL,	'{"email": "ailen@glamadates.com", "password": "12345678"}'),
(406,	18,	'Auth',	'CREAR',	'',	'2025-05-15 20:12:11.631476',	NULL,	'{"email": "ailen@glamadates.com", "password": "12345678"}'),
(407,	18,	'Auth',	'CREAR',	'',	'2025-05-15 20:19:22.235078',	NULL,	'{"email": "ailen@glamadates.com", "password": "12345678"}'),
(408,	18,	'Auth',	'CREAR',	'',	'2025-05-15 20:24:12.424506',	NULL,	'{"email": "ailen@glamadates.com", "password": "12345678"}'),
(409,	15,	'Auth',	'CREAR',	'',	'2025-05-15 20:35:39.587789',	NULL,	'{"email": "facialpro@glamadates.com", "password": "12345678"}'),
(410,	4,	'Auth',	'CREAR',	'',	'2025-05-15 20:37:07.574922',	NULL,	'{"email": "devops@glamadates.com", "password": "12345678"}'),
(411,	4,	'Auth',	'CREAR',	'',	'2025-05-15 20:38:11.962342',	NULL,	'{"email": "devops@glamadates.com", "password": "12345678"}'),
(412,	4,	'Auth',	'CREAR',	'',	'2025-05-15 20:38:33.119681',	NULL,	'{"email": "devops@glamadates.com", "password": "12345678"}'),
(413,	4,	'Auth',	'CREAR',	'',	'2025-05-15 20:42:03.254555',	NULL,	'{"email": "devops@glamadates.com", "password": "12345678"}'),
(414,	15,	'Auth',	'CREAR',	'',	'2025-05-15 21:29:00.612693',	NULL,	'{"email": "facialpro@glamadates.com", "password": "12345678"}'),
(415,	4,	'Auth',	'CREAR',	'',	'2025-05-15 21:30:02.589428',	NULL,	'{"email": "devops@glamadates.com", "password": "12345678"}'),
(416,	18,	'Auth',	'CREAR',	'',	'2025-05-15 21:32:40.608985',	NULL,	'{"email": "ailen@glamadates.com", "password": "12345678"}'),
(417,	4,	'Auth',	'CREAR',	'',	'2025-05-15 21:41:22.891332',	NULL,	'{"email": "devops@glamadates.com", "password": "12345678"}'),
(418,	4,	'Auth',	'CREAR',	'',	'2025-05-15 21:41:39.480838',	NULL,	'{"email": "devops@glamadates.com", "password": "12345678"}'),
(419,	18,	'Auth',	'CREAR',	'',	'2025-05-15 21:46:41.150245',	NULL,	'{"email": "ailen@glamadates.com", "password": "12345678"}'),
(420,	4,	'Auth',	'CREAR',	'',	'2025-05-15 22:07:39.690184',	NULL,	'{"email": "devops@glamadates.com", "password": "12345678"}'),
(421,	4,	'Auth',	'CREAR',	'',	'2025-05-15 22:07:58.711088',	NULL,	'{"email": "devops@glamadates.com", "password": "12345678"}'),
(422,	15,	'Auth',	'CREAR',	'',	'2025-05-15 22:08:29.522802',	NULL,	'{"email": "facialpro@glamadates.com", "password": "12345678"}'),
(423,	18,	'Auth',	'CREAR',	'',	'2025-05-15 22:28:20.923391',	NULL,	'{"email": "ailen@glamadates.com", "password": "12345678"}'),
(424,	15,	'Auth',	'CREAR',	'',	'2025-05-15 22:33:40.598634',	NULL,	'{"email": "facialpro@glamadates.com", "password": "12345678"}'),
(425,	15,	'Auth',	'CREAR',	'',	'2025-05-15 22:33:59.936802',	NULL,	'{"email": "facialpro@glamadates.com", "password": "12345678"}'),
(426,	18,	'Auth',	'CREAR',	'',	'2025-05-15 22:34:22.448903',	NULL,	'{"email": "ailen@glamadates.com", "password": "12345678"}'),
(427,	4,	'Auth',	'CREAR',	'',	'2025-05-15 22:34:48.232597',	NULL,	'{"email": "devops@glamadates.com", "password": "12345678"}'),
(428,	18,	'Auth',	'CREAR',	'',	'2025-05-15 23:12:12.642447',	NULL,	'{"email": "ailen@glamadates.com", "password": "12345678"}'),
(429,	28,	'Auth',	'CREAR',	'',	'2025-05-15 23:13:10.528537',	NULL,	'{"email": "juanjo@glamadates.com", "password": "12345678"}'),
(430,	18,	'Auth',	'CREAR',	'',	'2025-05-15 23:34:21.629666',	NULL,	'{"email": "ailen@glamadates.com", "password": "12345678"}'),
(431,	4,	'Auth',	'CREAR',	'',	'2025-05-15 23:43:45.69638',	NULL,	'{"email": "devops@glamadates.com", "password": "12345678"}'),
(433,	29,	'Auth',	'CREAR',	'',	'2025-05-15 23:49:53.917108',	NULL,	'{"email": "ailen2@glamadates.com", "password": "12345678"}'),
(434,	18,	'Auth',	'CREAR',	'',	'2025-05-15 23:51:25.974517',	NULL,	'{"email": "ailen@glamadates.com", "password": "12345678"}'),
(435,	29,	'Auth',	'CREAR',	'',	'2025-05-15 23:53:04.11432',	NULL,	'{"email": "ailen2@glamadates.com", "password": "12345678"}'),
(436,	4,	'Auth',	'CREAR',	'',	'2025-05-16 10:46:44.322124',	NULL,	'{"email": "devops@glamadates.com", "password": "12345678"}'),
(437,	4,	'Auth',	'CREAR',	'',	'2025-05-16 14:50:40.674774',	NULL,	'{"email": "devops@glamadates.com", "password": "12345678"}'),
(438,	4,	'Auth',	'CREAR',	'',	'2025-05-16 14:52:36.338617',	NULL,	'{"email": "devops@glamadates.com", "password": "12345678"}'),
(439,	4,	'Auth',	'CREAR',	'',	'2025-05-16 15:00:14.052427',	NULL,	'{"email": "devops@glamadates.com", "password": "12345678"}'),
(440,	4,	'Auth',	'CREAR',	'',	'2025-05-16 15:06:56.523983',	NULL,	'{"email": "devops@glamadates.com", "password": "12345678"}'),
(441,	4,	'Auth',	'CREAR',	'',	'2025-05-16 15:11:18.362788',	NULL,	'{"email": "devops@glamadates.com", "password": "12345678"}'),
(442,	4,	'Auth',	'CREAR',	'',	'2025-05-16 15:12:29.604293',	NULL,	'{"email": "devops@glamadates.com", "password": "12345678"}'),
(443,	4,	'Auth',	'CREAR',	'',	'2025-05-16 15:58:30.804413',	NULL,	'{"email": "devops@glamadates.com", "password": "12345678"}'),
(444,	4,	'Auth',	'CREAR',	'',	'2025-05-16 15:59:13.883276',	NULL,	'{"email": "devops@glamadates.com", "password": "12345678"}'),
(445,	4,	'Auth',	'CREAR',	'',	'2025-05-16 16:02:32.286083',	NULL,	'{"email": "devops@glamadates.com", "password": "12345678"}'),
(446,	4,	'Auth',	'CREAR',	'',	'2025-05-16 16:06:52.199777',	NULL,	'{"email": "devops@glamadates.com", "password": "12345678"}'),
(447,	4,	'Auth',	'CREAR',	'',	'2025-05-16 16:12:01.691443',	NULL,	'{"email": "devops@glamadates.com", "password": "12345678"}'),
(448,	4,	'Auth',	'CREAR',	'',	'2025-05-16 16:15:07.402059',	NULL,	'{"email": "devops@glamadates.com", "password": "12345678"}'),
(449,	4,	'Auth',	'CREAR',	'',	'2025-05-16 16:15:26.714177',	NULL,	'{"email": "devops@glamadates.com", "password": "12345678"}'),
(450,	4,	'Auth',	'CREAR',	'',	'2025-05-16 16:15:49.886176',	NULL,	'{"email": "devops@glamadates.com", "password": "12345678"}'),
(451,	4,	'Auth',	'CREAR',	'',	'2025-05-16 16:24:45.176055',	NULL,	'{"email": "devops@glamadates.com", "password": "12345678"}'),
(452,	4,	'Auth',	'CREAR',	'',	'2025-05-16 16:36:56.293913',	NULL,	'{"email": "devops@glamadates.com", "password": "12345678"}'),
(453,	4,	'Auth',	'CREAR',	'',	'2025-05-16 16:52:39.008221',	NULL,	'{"email": "devops@glamadates.com", "password": "12345678"}'),
(454,	18,	'Auth',	'CREAR',	'',	'2025-05-17 15:52:03.583413',	NULL,	'{"email": "ailen@glamadates.com", "password": "12345678"}'),
(455,	4,	'Auth',	'CREAR',	'',	'2025-05-17 15:55:39.67351',	NULL,	'{"email": "devops@glamadates.com", "password": "12345678"}'),
(456,	4,	'Auth',	'CREAR',	'',	'2025-05-17 16:17:32.823929',	NULL,	'{"email": "devops@glamadates.com", "password": "12345678"}'),
(457,	18,	'Auth',	'CREAR',	'',	'2025-05-17 16:28:52.25338',	NULL,	'{"email": "ailen@glamadates.com", "password": "12345678"}'),
(459,	28,	'Auth',	'CREAR',	'',	'2025-05-17 16:33:02.262314',	NULL,	'{"email": "juanjo@glamadates.com", "password": "12345678"}'),
(462,	4,	'Auth',	'CREAR',	'',	'2025-05-17 17:02:41.353862',	NULL,	'{"email": "devops@glamadates.com", "password": "12345678"}'),
(466,	4,	'Auth',	'CREAR',	'',	'2025-05-17 17:14:10.425726',	NULL,	'{"email": "devops@glamadates.com", "password": "12345678"}'),
(467,	4,	'Auth',	'CREAR',	'',	'2025-05-17 17:16:58.367783',	NULL,	'{"email": "devops@glamadates.com", "password": "12345678"}'),
(468,	4,	'Auth',	'CREAR',	'',	'2025-05-17 17:28:04.921365',	NULL,	'{"email": "devops@glamadates.com", "password": "12345678"}'),
(469,	4,	'Auth',	'CREAR',	'',	'2025-05-17 17:36:00.595752',	NULL,	'{"email": "devops@glamadates.com", "password": "12345678"}'),
(470,	4,	'Auth',	'CREAR',	'',	'2025-05-17 17:38:56.099075',	NULL,	'{"email": "devops@glamadates.com", "password": "12345678"}'),
(471,	4,	'Auth',	'CREAR',	'',	'2025-05-17 17:39:32.014642',	NULL,	'{"email": "devops@glamadates.com", "password": "12345678"}'),
(472,	4,	'Auth',	'CREAR',	'',	'2025-05-17 17:40:11.287472',	NULL,	'{"email": "devops@glamadates.com", "password": "12345678"}'),
(473,	4,	'Auth',	'CREAR',	'',	'2025-05-17 17:40:21.643418',	NULL,	'{"email": "devops@glamadates.com", "password": "12345678"}'),
(474,	18,	'Auth',	'CREAR',	'',	'2025-05-17 20:38:47.28001',	NULL,	'{"email": "ailen@glamadates.com", "password": "12345678"}'),
(476,	4,	'Auth',	'CREAR',	'',	'2025-05-17 22:38:27.044262',	NULL,	'{"email": "devops@glamadates.com", "password": "12345678"}'),
(477,	4,	'Auth',	'CREAR',	'',	'2025-05-17 22:40:01.809783',	NULL,	'{"email": "devops@glamadates.com", "password": "12345678"}'),
(478,	4,	'Auth',	'CREAR',	'',	'2025-05-17 22:40:33.76069',	NULL,	'{"email": "devops@glamadates.com", "password": "12345678"}'),
(479,	4,	'Auth',	'CREAR',	'',	'2025-05-17 22:41:42.712294',	NULL,	'{"email": "devops@glamadates.com", "password": "12345678"}'),
(480,	4,	'Auth',	'CREAR',	'',	'2025-05-17 22:41:50.861845',	NULL,	'{"email": "devops@glamadates.com", "password": "12345678"}'),
(481,	4,	'Auth',	'CREAR',	'',	'2025-05-17 22:45:25.810365',	NULL,	'{"email": "devops@glamadates.com", "password": "12345678"}'),
(482,	4,	'Auth',	'CREAR',	'',	'2025-05-18 19:46:44.944988',	NULL,	'{"email": "devops@glamadates.com", "password": "12345678"}'),
(483,	4,	'Auth',	'CREAR',	'',	'2025-05-18 19:56:34.954596',	NULL,	'{"email": "devops@glamadates.com", "password": "12345678"}'),
(484,	4,	'Auth',	'CREAR',	'',	'2025-05-18 19:57:44.049361',	NULL,	'{"email": "devops@glamadates.com", "password": "12345678"}'),
(485,	4,	'Auth',	'CREAR',	'',	'2025-05-18 20:22:34.759202',	NULL,	'{"email": "devops@glamadates.com", "password": "12345678"}'),
(486,	4,	'Auth',	'CREAR',	'',	'2025-05-18 20:23:46.05662',	NULL,	'{"email": "devops@glamadates.com", "password": "12345678"}'),
(487,	4,	'Auth',	'CREAR',	'',	'2025-05-18 23:26:00.43704',	NULL,	'{"email": "devops@glamadates.com", "password": "12345678"}'),
(488,	4,	'Auth',	'CREAR',	'',	'2025-05-18 23:27:09.597285',	NULL,	'{"email": "devops@glamadates.com", "password": "12345678"}'),
(489,	4,	'Auth',	'CREAR',	'',	'2025-05-19 10:21:02.202896',	NULL,	'{"email": "devops@glamadates.com", "password": "12345678"}'),
(490,	18,	'Auth',	'CREAR',	'',	'2025-05-19 10:31:25.741553',	NULL,	'{"email": "ailen@glamadates.com", "password": "12345678"}'),
(491,	4,	'Auth',	'CREAR',	'',	'2025-05-19 10:42:35.561046',	NULL,	'{"email": "devops@glamadates.com", "password": "12345678"}'),
(492,	4,	'Auth',	'CREAR',	'',	'2025-05-19 10:57:24.415647',	NULL,	'{"email": "devops@glamadates.com", "password": "12345678"}'),
(493,	4,	'Auth',	'CREAR',	'',	'2025-05-19 11:17:56.175456',	NULL,	'{"email": "devops@glamadates.com", "password": "12345678"}'),
(494,	4,	'Auth',	'CREAR',	'',	'2025-05-19 11:18:06.040052',	NULL,	'{"email": "devops@glamadates.com", "password": "12345678"}'),
(495,	4,	'Auth',	'CREAR',	'',	'2025-05-19 12:04:17.558666',	NULL,	'{"email": "devops@glamadates.com", "password": "12345678"}'),
(496,	4,	'Auth',	'CREAR',	'',	'2025-05-19 12:24:07.860396',	NULL,	'{"email": "devops@glamadates.com", "password": "12345678"}'),
(497,	4,	'Auth',	'CREAR',	'',	'2025-05-19 12:59:42.234825',	NULL,	'{"email": "devops@glamadates.com", "password": "12345678"}'),
(498,	4,	'Auth',	'CREAR',	'',	'2025-05-19 13:08:55.391057',	NULL,	'{"email": "devops@glamadates.com", "password": "12345678"}'),
(499,	4,	'Auth',	'CREAR',	'',	'2025-05-19 15:19:59.30224',	NULL,	'{"email": "devops@glamadates.com", "password": "12345678"}'),
(500,	18,	'Auth',	'CREAR',	'',	'2025-05-19 15:23:21.462971',	NULL,	'{"email": "ailen@glamadates.com", "password": "12345678"}'),
(506,	4,	'Auth',	'CREAR',	'',	'2025-05-19 15:34:58.060558',	NULL,	'{"email": "devops@glamadates.com", "password": "12345678"}'),
(507,	18,	'Auth',	'CREAR',	'',	'2025-05-19 18:41:33.79957',	NULL,	'{"email": "ailen@glamadates.com", "password": "12345678"}'),
(509,	4,	'Auth',	'CREAR',	'',	'2025-05-20 09:46:56.1177',	NULL,	'{"email": "devops@glamadates.com", "password": "12345678"}'),
(510,	18,	'Auth',	'CREAR',	'',	'2025-05-20 10:05:23.375358',	NULL,	'{"email": "ailen@glamadates.com", "password": "12345678"}'),
(513,	4,	'Auth',	'CREAR',	'',	'2025-05-20 10:06:59.350452',	NULL,	'{"email": "devops@glamadates.com", "password": "12345678"}'),
(514,	18,	'Auth',	'CREAR',	'',	'2025-05-20 10:26:31.463572',	NULL,	'{"email": "ailen@glamadates.com", "password": "12345678"}'),
(515,	4,	'Auth',	'CREAR',	'',	'2025-05-20 11:45:41.186717',	NULL,	'{"email": "devops@glamadates.com", "password": "12345678"}'),
(516,	18,	'Auth',	'CREAR',	'',	'2025-05-20 12:15:04.814496',	NULL,	'{"email": "ailen@glamadates.com", "password": "12345678"}'),
(517,	18,	'Auth',	'CREAR',	'',	'2025-05-20 14:28:37.580991',	NULL,	'{"email": "ailen@glamadates.com", "password": "12345678"}'),
(518,	4,	'Auth',	'CREAR',	'',	'2025-05-20 14:29:43.86641',	NULL,	'{"email": "devops@glamadates.com", "password": "12345678"}'),
(519,	4,	'Auth',	'CREAR',	'',	'2025-05-20 15:41:04.258412',	NULL,	'{"email": "devops@glamadates.com", "password": "12345678"}'),
(520,	18,	'Auth',	'CREAR',	'',	'2025-05-20 16:33:52.631961',	NULL,	'{"email": "ailen@glamadates.com", "password": "12345678"}'),
(521,	18,	'Auth',	'CREAR',	'',	'2025-05-20 18:28:13.043525',	NULL,	'{"email": "ailen@glamadates.com", "password": "12345678"}'),
(523,	4,	'Auth',	'CREAR',	'',	'2025-05-20 18:46:33.49204',	NULL,	'{"email": "devops@glamadates.com", "password": "12345678"}'),
(524,	18,	'Auth',	'CREAR',	'',	'2025-05-20 18:48:02.648295',	NULL,	'{"email": "ailen@glamadates.com", "password": "12345678"}'),
(527,	18,	'Auth',	'CREAR',	'',	'2025-05-25 19:01:53.716336',	NULL,	'{"email": "ailen@glamadates.com", "password": "12345678"}'),
(531,	4,	'Auth',	'CREAR',	'',	'2025-05-25 19:11:07.205482',	NULL,	'{"email": "devops@glamadates.com", "password": "12345678"}'),
(532,	4,	'Auth',	'CREAR',	'',	'2025-05-26 09:19:39.569781',	NULL,	'{"email": "devops@glamadates.com", "password": "12345678"}'),
(533,	18,	'Auth',	'CREAR',	'',	'2025-05-26 09:27:53.593255',	NULL,	'{"email": "ailen@glamadates.com", "password": "12345678"}'),
(534,	4,	'Auth',	'CREAR',	'',	'2025-05-26 09:59:15.578427',	NULL,	'{"email": "devops@glamadates.com", "password": "12345678"}'),
(535,	4,	'Auth',	'CREAR',	'',	'2025-05-26 12:19:11.005177',	NULL,	'{"email": "devops@glamadates.com", "password": "12345678"}'),
(536,	18,	'Auth',	'CREAR',	'',	'2025-05-26 12:52:12.131908',	NULL,	'{"email": "ailen@glamadates.com", "password": "12345678"}'),
(537,	4,	'Auth',	'CREAR',	'',	'2025-05-26 13:35:04.794545',	NULL,	'{"email": "devops@glamadates.com", "password": "12345678"}'),
(538,	18,	'Auth',	'CREAR',	'',	'2025-05-26 14:30:41.110819',	NULL,	'{"email": "ailen@glamadates.com", "password": "12345678"}'),
(539,	4,	'Auth',	'CREAR',	'',	'2025-05-26 14:42:49.683863',	NULL,	'{"email": "devops@glamadates.com", "password": "12345678"}'),
(540,	4,	'Auth',	'CREAR',	'',	'2025-05-26 15:51:43.440404',	NULL,	'{"email": "devops@glamadates.com", "password": "12345678"}'),
(542,	4,	'Auth',	'CREAR',	'',	'2025-05-26 17:03:42.311299',	NULL,	'{"email": "devops@glamadates.com", "password": "12345678"}'),
(543,	18,	'Auth',	'CREAR',	'',	'2025-05-26 17:55:30.541699',	NULL,	'{"email": "ailen@glamadates.com", "password": "12345678"}'),
(545,	18,	'Auth',	'CREAR',	'',	'2025-05-26 17:57:38.536599',	NULL,	'{"email": "ailen@glamadates.com", "password": "12345678"}'),
(549,	15,	'Auth',	'CREAR',	'',	'2025-05-26 17:58:57.177728',	NULL,	'{"email": "facialpro@glamadates.com", "password": "12345678"}'),
(550,	4,	'Auth',	'CREAR',	'',	'2025-05-26 18:01:04.242336',	NULL,	'{"email": "devops@glamadates.com", "password": "12345678"}'),
(551,	18,	'Auth',	'CREAR',	'',	'2025-05-26 18:30:23.919796',	NULL,	'{"email": "ailen@glamadates.com", "password": "12345678"}'),
(555,	15,	'Auth',	'CREAR',	'',	'2025-05-26 18:34:19.849188',	NULL,	'{"email": "facialpro@glamadates.com", "password": "12345678"}'),
(556,	4,	'Auth',	'CREAR',	'',	'2025-05-26 18:35:25.178396',	NULL,	'{"email": "devops@glamadates.com", "password": "12345678"}'),
(557,	18,	'Auth',	'CREAR',	'',	'2025-05-26 18:38:19.720392',	NULL,	'{"email": "ailen@glamadates.com", "password": "12345678"}'),
(558,	4,	'Auth',	'CREAR',	'',	'2025-05-26 20:12:45.601875',	NULL,	'{"email": "devops@glamadates.com", "password": "12345678"}'),
(561,	4,	'Auth',	'CREAR',	'',	'2025-05-26 21:13:49.687196',	NULL,	'{"email": "devops@glamadates.com", "password": "12345678"}'),
(562,	4,	'Auth',	'CREAR',	'',	'2025-05-26 23:27:22.587769',	NULL,	'{"email": "devops@glamadates.com", "password": "12345678"}'),
(564,	4,	'Auth',	'CREAR',	'',	'2025-05-27 20:31:34.261325',	NULL,	'{"email": "devops@glamadates.com", "password": "12345678"}'),
(565,	4,	'Auth',	'CREAR',	'',	'2025-05-28 16:38:00.667091',	NULL,	'{"email": "devops@glamadates.com", "password": "12345678"}'),
(566,	18,	'Auth',	'CREAR',	'',	'2025-05-28 19:25:32.363838',	NULL,	'{"email": "ailen@glamadates.com", "password": "12345678"}'),
(567,	18,	'Auth',	'CREAR',	'',	'2025-05-28 19:39:59.668553',	NULL,	'{"email": "ailen@glamadates.com", "password": "12345678"}'),
(571,	4,	'Auth',	'CREAR',	'',	'2025-05-28 19:46:34.873602',	NULL,	'{"email": "devops@glamadates.com", "password": "12345678"}'),
(572,	4,	'Auth',	'CREAR',	'',	'2025-05-29 11:07:07.717387',	NULL,	'{"email": "devops@glamadates.com", "password": "12345678"}'),
(573,	4,	'Auth',	'CREAR',	'',	'2025-05-29 12:13:54.405064',	NULL,	'{"email": "devops@glamadates.com", "password": "12345678"}'),
(574,	4,	'Auth',	'CREAR',	'',	'2025-05-29 12:27:50.402904',	NULL,	'{"email": "devops@glamadates.com", "password": "12345678"}'),
(575,	4,	'Auth',	'CREAR',	'',	'2025-05-29 12:28:32.551448',	NULL,	'{"email": "devops@glamadates.com", "password": "12345678"}'),
(576,	4,	'Auth',	'CREAR',	'',	'2025-05-29 12:29:17.220379',	NULL,	'{"email": "devops@glamadates.com", "password": "12345678"}'),
(577,	4,	'Auth',	'CREAR',	'',	'2025-05-29 12:34:44.667097',	NULL,	'{"email": "devops@glamadates.com", "password": "12345678"}'),
(578,	4,	'Auth',	'CREAR',	'',	'2025-05-29 12:35:42.612063',	NULL,	'{"email": "devops@glamadates.com", "password": "12345678"}'),
(579,	4,	'Auth',	'CREAR',	'',	'2025-05-29 12:41:15.177392',	NULL,	'{"email": "devops@glamadates.com", "password": "12345678"}'),
(582,	4,	'Auth',	'CREAR',	'',	'2025-05-29 15:37:36.04626',	NULL,	'{"email": "devops@glamadates.com", "password": "12345678"}'),
(586,	4,	'Auth',	'CREAR',	'',	'2025-05-29 16:47:55.691869',	NULL,	'{"email": "devops@glamadates.com", "password": "12345678"}'),
(587,	4,	'Auth',	'CREAR',	'',	'2025-05-29 17:58:08.87304',	NULL,	'{"email": "devops@glamadates.com", "password": "12345678"}'),
(588,	4,	'Auth',	'CREAR',	'',	'2025-05-29 18:57:40.099135',	NULL,	'{"email": "devops@glamadates.com", "password": "12345678"}'),
(594,	4,	'Auth',	'CREAR',	'',	'2025-05-29 21:45:16.093307',	NULL,	'{"email": "devops@glamadates.com", "password": "12345678"}'),
(595,	4,	'Auth',	'CREAR',	'',	'2025-05-29 22:40:26.293185',	NULL,	'{"email": "devops@glamadates.com", "password": "12345678"}'),
(596,	4,	'Auth',	'CREAR',	'',	'2025-05-29 23:16:55.068705',	NULL,	'{"email": "devops@glamadates.com", "password": "12345678"}'),
(597,	4,	'Auth',	'CREAR',	'',	'2025-05-29 23:25:08.590413',	NULL,	'{"email": "devops@glamadates.com", "password": "12345678"}'),
(598,	18,	'Auth',	'CREAR',	'',	'2025-05-30 14:37:56.102848',	NULL,	'{"email": "ailen@glamadates.com", "password": "12345678"}'),
(599,	15,	'Auth',	'CREAR',	'',	'2025-05-30 14:43:03.724467',	NULL,	'{"email": "facialpro@glamadates.com", "password": "12345678"}'),
(601,	4,	'Auth',	'CREAR',	'',	'2025-05-30 14:44:20.749778',	NULL,	'{"email": "devops@glamadates.com", "password": "12345678"}'),
(602,	4,	'Auth',	'CREAR',	'',	'2025-06-02 08:17:09.9444',	NULL,	'{"email": "devops@glamadates.com", "password": "12345678"}'),
(603,	4,	'Auth',	'CREAR',	'',	'2025-06-02 08:19:18.50799',	NULL,	'{"email": "devops@glamadates.com", "password": "12345678"}'),
(604,	4,	'Auth',	'CREAR',	'',	'2025-06-02 08:26:01.784206',	NULL,	'{"email": "devops@glamadates.com", "password": "12345678"}'),
(605,	4,	'Auth',	'CREAR',	'',	'2025-06-02 08:26:42.727784',	NULL,	'{"email": "devops@glamadates.com", "password": "12345678"}'),
(606,	4,	'Auth',	'CREAR',	'',	'2025-06-02 08:53:50.337997',	NULL,	'{"email": "devops@glamadates.com", "password": "12345678"}'),
(607,	4,	'Auth',	'CREAR',	'',	'2025-06-02 08:54:57.44535',	NULL,	'{"email": "devops@glamadates.com", "password": "12345678"}'),
(608,	4,	'Auth',	'CREAR',	'',	'2025-06-02 08:58:56.928937',	NULL,	'{"email": "devops@glamadates.com", "password": "12345678"}'),
(609,	4,	'Auth',	'CREAR',	'',	'2025-06-02 10:10:48.424194',	NULL,	'{"email": "devops@glamadates.com", "password": "12345678"}'),
(610,	4,	'Auth',	'CREAR',	'',	'2025-06-02 10:11:19.968316',	NULL,	'{"email": "devops@glamadates.com", "password": "12345678"}'),
(611,	4,	'Auth',	'CREAR',	'',	'2025-06-02 10:17:03.979364',	NULL,	'{"email": "devops@glamadates.com", "password": "12345678"}'),
(612,	4,	'Auth',	'CREAR',	'',	'2025-06-02 11:09:09.711599',	NULL,	'{"email": "devops@glamadates.com", "password": "12345678"}'),
(613,	4,	'Auth',	'CREAR',	'',	'2025-06-02 11:15:29.316336',	NULL,	'{"email": "devops@glamadates.com", "password": "12345678"}'),
(614,	4,	'Auth',	'CREAR',	'',	'2025-06-02 12:15:20.489913',	NULL,	'{"email": "devops@glamadates.com", "password": "12345678"}'),
(615,	4,	'Auth',	'CREAR',	'',	'2025-06-02 12:47:08.932589',	NULL,	'{"email": "devops@glamadates.com", "password": "12345678"}'),
(628,	NULL,	'Category',	'CREAR',	'',	'2025-06-02 14:27:00.633155',	NULL,	'{"name": "a", "description": ""}'),
(641,	NULL,	'Category',	'CREAR',	'',	'2025-06-02 16:55:12.847523',	NULL,	'{"name": "hhhh", "description": ""}'),
(653,	4,	'Category',	'BORRAR',	'',	'2025-06-03 09:44:15.328542',	'{"id": 22, "name": "f", "description": "en el chat"}',	'{}'),
(668,	4,	'Service',	'CREAR',	'',	'2025-06-03 10:43:43.966935',	NULL,	'{"name": "michiterapia", "price": 100, "category": "10", "duration": 60, "description": "relajacion con gatitos"}'),
(680,	4,	'Auth',	'LOGIN',	'Inicio de sesin para devops@glamadates.com',	'2025-06-03 11:26:29.275985',	NULL,	NULL),
(702,	4,	'Auth',	'LOGIN',	'Inicio de sesin para devops@glamadates.com',	'2025-06-09 10:07:34.650426',	NULL,	NULL),
(717,	18,	'Auth',	'LOGIN',	'Inicio de sesin para ailen@glamadates.com',	'2025-06-09 10:57:52.606125',	NULL,	NULL),
(729,	18,	'Auth',	'LOGIN',	'Inicio de sesin para ailen@glamadates.com',	'2025-06-09 11:09:56.1453',	NULL,	NULL),
(742,	18,	'Auth',	'LOGIN',	'Inicio de sesin para ailen@glamadates.com',	'2025-06-09 11:24:25.064729',	NULL,	NULL),
(757,	18,	'Payment',	'CREAR',	'Save payment information',	'2025-06-09 13:32:06.76219',	NULL,	'{"paymentId": "114015048969", "paymentUrl": "2243585522-cc23a158-5e0f-4e79-95a8-5c2a464e2c48"}'),
(775,	18,	'Appointment',	'ACTUALIZAR',	'Rearrange appointment',	'2025-06-09 14:35:13.389919',	'{"id": 619, "state": "ACTIVO", "total": 70, "advance": true, "pending": 0, "discount": 14, "datetimeEnd": "2025-06-09T19:50:00.000Z", "discountType": "PARCIAL", "datetimeStart": "2025-06-09T19:00:00.000Z"}',	'{"id": 619, "datetimeOld": "2025-06-09T19:00:00.000Z", "datetimeStart": "2025-06-11T22:00:00.000Z"}'),
(785,	4,	'Workstation',	'ACTUALIZAR',	'Update workstation by ID',	'2025-06-09 15:39:48.093586',	'{"id": 10, "name": "ESTACION DE PRUEBA", "state": "INACTIVO", "description": null}',	'{"id": 10, "name": "ESTACION DE PRUEBA", "state": "ACTIVO", "categories": [3]}'),
(795,	4,	'Auth',	'LOGIN',	'Inicio de sesin para devops@glamadates.com',	'2025-06-14 20:20:27.819735',	NULL,	NULL),
(803,	4,	'SystemConfig',	'ACTUALIZAR',	'Update a specific system configuration',	'2025-06-14 21:05:29.477558',	'{"id": 1, "openDays": ["LUNES", "MARTES", "MIERCOLES", "JUEVES", "VIERNES"], "closingHour1": "20:00:00", "closingHour2": null, "descountFull": 30, "openingHour1": "08:00:00", "openingHour2": null, "descountPartial": 20, "intervalMinutes": 30, "maxReservationDays": 30}',	'{"id": 1, "openDays": ["LUNES", "MARTES", "MIERCOLES", "JUEVES", "VIERNES"], "closingHour1": "12:00:00", "closingHour2": "20:00:00", "descountFull": 30, "openingHour1": "08:00:00", "openingHour2": "14:00:00", "descountPartial": 20, "intervalMinutes": 30, "maxReservationDays": 30}'),
(809,	4,	'Auth',	'LOGIN',	'Inicio de sesin para devops@glamadates.com',	'2025-06-14 21:11:32.177597',	NULL,	NULL),
(817,	4,	'SystemConfig',	'ACTUALIZAR',	'Update a specific system configuration',	'2025-06-15 08:36:59.217645',	'{"id": 1, "openDays": ["LUNES", "MARTES", "MIERCOLES", "JUEVES", "VIERNES"], "closingHour1": "20:00:00", "closingHour2": null, "descountFull": 30, "openingHour1": "08:00:00", "openingHour2": null, "descountPartial": 20, "intervalMinutes": 30, "maxReservationDays": 30}',	'{"id": 1, "openDays": ["LUNES", "MARTES", "MIERCOLES", "JUEVES", "VIERNES", "DOMINGO"], "closingHour1": "20:00:00", "closingHour2": null, "descountFull": 30, "openingHour1": "08:00:00", "openingHour2": null, "descountPartial": 20, "intervalMinutes": 30, "maxReservationDays": 30}'),
(818,	18,	'Auth',	'LOGIN',	'Inicio de sesin para ailen@glamadates.com',	'2025-06-15 08:37:09.213966',	NULL,	NULL),
(825,	4,	'Auth',	'LOGIN',	'Inicio de sesin para devops@glamadates.com',	'2025-06-15 09:37:06.60254',	NULL,	NULL),
(832,	4,	'Appointment',	'ACTUALIZAR',	'Rearrange appointment',	'2025-06-15 11:07:39.167677',	'{"id": 635, "state": "ACTIVO", "total": 305, "advance": true, "pending": 0, "discount": 0, "datetimeEnd": "2025-06-16T13:40:00.000Z", "discountType": "NINGUNO", "datetimeStart": "2025-06-16T11:00:00.000Z"}',	'{"id": 635, "datetimeOld": "2025-06-16T11:00:00.000Z", "datetimeStart": "2025-06-15T20:00:00.000Z"}'),
(839,	18,	'Auth',	'LOGIN',	'Inicio de sesin para ailen@glamadates.com',	'2025-06-15 17:31:29.24246',	NULL,	NULL),
(840,	18,	'Appointment',	'CREAR',	'Create a new appointment',	'2025-06-15 17:31:56.609612',	NULL,	'{"advance": true, "package": "5", "discount": null, "datetimeStart": "2025-06-17T22:00:00.000Z"}'),
(847,	18,	'Appointment',	'CREAR',	'Create a new appointment',	'2025-06-15 18:36:11.771137',	NULL,	'{"advance": true, "package": "24", "discount": null, "datetimeStart": "2025-06-16T12:00:00.000Z"}'),
(852,	18,	'Payment',	'CREAR',	'Save payment information',	'2025-06-15 19:17:11.069579',	NULL,	'{"paymentId": "114764921011", "paymentUrl": "2243585522-b1a5f6ee-879f-4a02-b287-02524dd9eef9"}'),
(859,	18,	'Appointment',	'CREAR',	'Create a new appointment',	'2025-06-15 20:04:56.428274',	NULL,	'{"advance": true, "package": "7", "discount": 1, "datetimeStart": "2025-06-16T17:00:00.000Z"}'),
(865,	18,	'Payment',	'CREAR',	'Save payment information',	'2025-06-15 20:25:55.64429',	NULL,	'{"paymentId": "114770715673", "paymentUrl": "2243585522-ea682ebf-81d3-4729-956f-b607f3578266"}'),
(870,	18,	'Appointment',	'CREAR',	'Create a new appointment',	'2025-06-15 20:35:14.461642',	NULL,	'{"advance": true, "package": "7", "discount": 1, "datetimeStart": "2025-06-17T12:00:00.000Z"}'),
(877,	18,	'Appointment',	'CREAR',	'Create a new appointment',	'2025-06-15 21:06:17.409563',	NULL,	'{"advance": true, "package": "7", "discount": 1, "datetimeStart": "2025-06-17T13:00:00.000Z"}'),
(880,	18,	'Appointment',	'CREAR',	'Create a new appointment',	'2025-06-16 09:46:04.430835',	NULL,	'{"advance": true, "package": "1", "discount": 1, "datetimeStart": "2025-06-16T13:00:00.000Z"}'),
(881,	18,	'Appointment',	'CREAR',	'Create a new appointment',	'2025-06-16 09:47:58.913818',	NULL,	'{"advance": true, "package": "5", "discount": 1, "datetimeStart": "2025-06-17T15:00:00.000Z"}'),
(882,	18,	'Payment',	'CREAR',	'Save payment information',	'2025-06-16 09:48:32.14579',	NULL,	'{"paymentId": "1337638199", "paymentUrl": "2243585522-a2864494-9052-4269-9ddf-fb2cb140663d"}'),
(883,	18,	'Payment',	'CREAR',	'Save payment information',	'2025-06-16 09:48:32.155492',	NULL,	'{"paymentId": "1337638199", "paymentUrl": "2243585522-a2864494-9052-4269-9ddf-fb2cb140663d"}'),
(884,	18,	'Appointment',	'CREAR',	'Create a new appointment',	'2025-06-16 09:50:12.24199',	NULL,	'{"advance": true, "package": "6", "discount": 1, "datetimeStart": "2025-06-17T16:00:00.000Z"}'),
(885,	18,	'Payment',	'CREAR',	'Save payment information',	'2025-06-16 09:50:26.108112',	NULL,	'{"paymentId": "1337638235", "paymentUrl": "2243585522-17f2657f-80d8-4b78-bca9-946ee7bc273b"}'),
(886,	18,	'Payment',	'CREAR',	'Save payment information',	'2025-06-16 09:50:26.109385',	NULL,	'{"paymentId": "1337638235", "paymentUrl": "2243585522-17f2657f-80d8-4b78-bca9-946ee7bc273b"}'),
(887,	18,	'Payment',	'CREAR',	'Save payment information',	'2025-06-16 09:53:10.823849',	NULL,	'{"paymentId": "115292352790", "paymentUrl": "2243585522-8b4884f0-d4c5-4b9d-90e0-19916ad45af5"}'),
(888,	18,	'Payment',	'CREAR',	'Save payment information',	'2025-06-16 09:53:10.829964',	NULL,	'{"paymentId": "115292352790", "paymentUrl": "2243585522-8b4884f0-d4c5-4b9d-90e0-19916ad45af5"}'),
(889,	18,	'Appointment',	'CREAR',	'Create a new appointment',	'2025-06-16 09:53:58.31122',	NULL,	'{"advance": true, "package": "23", "discount": 1, "datetimeStart": "2025-06-17T16:00:00.000Z"}'),
(890,	18,	'Payment',	'CREAR',	'Save payment information',	'2025-06-16 09:54:29.664769',	NULL,	'{"paymentId": "1337645985", "paymentUrl": "2243585522-6a8f2c00-6d03-43a0-97a8-9cca5bbbf310"}'),
(891,	18,	'Payment',	'CREAR',	'Save payment information',	'2025-06-16 09:54:29.665597',	NULL,	'{"paymentId": "1337645985", "paymentUrl": "2243585522-6a8f2c00-6d03-43a0-97a8-9cca5bbbf310"}'),
(894,	4,	'SystemConfig',	'ACTUALIZAR',	'Update a specific system configuration',	'2025-06-16 10:12:23.315179',	'{"id": 1, "openDays": ["LUNES", "MARTES", "MIERCOLES", "JUEVES", "VIERNES", "DOMINGO"], "closingHour1": "20:00:00", "closingHour2": null, "descountFull": 30, "openingHour1": "08:00:00", "openingHour2": null, "descountPartial": 20, "intervalMinutes": 30, "maxReservationDays": 30}',	'{"id": 1, "openDays": ["LUNES", "MARTES", "MIERCOLES", "JUEVES", "VIERNES"], "closingHour1": "20:00:00", "closingHour2": null, "descountFull": 30, "openingHour1": "08:00:00", "openingHour2": null, "descountPartial": 20, "intervalMinutes": 30, "maxReservationDays": 30}'),
(895,	4,	'Appointment',	'ACTUALIZAR',	'Rearrange appointment',	'2025-06-16 10:13:00.970484',	'{"id": 641, "state": "ACTIVO", "total": 70, "advance": true, "pending": 0, "discount": 0, "datetimeEnd": "2025-06-15T22:50:00.000Z", "discountType": "NINGUNO", "datetimeStart": "2025-06-15T22:00:00.000Z"}',	'{"id": 641, "datetimeOld": "2025-06-15T22:00:00.000Z", "datetimeStart": "2025-06-17T18:00:00.000Z"}'),
(898,	4,	'Appointment',	'ACTUALIZAR',	'Rearrange appointment',	'2025-06-16 10:27:21.498656',	'{"id": 640, "state": "ACTIVO", "total": 95, "advance": true, "pending": 0, "discount": 19, "datetimeEnd": "2025-06-15T22:50:00.000Z", "discountType": "PARCIAL", "datetimeStart": "2025-06-15T22:00:00.000Z"}',	'{"id": 640, "datetimeOld": "2025-06-15T22:00:00.000Z", "datetimeStart": "2025-06-17T15:00:00.000Z"}'),
(899,	4,	'Appointment',	'ACTUALIZAR',	'Rearrange appointment',	'2025-06-16 10:28:47.023667',	'{"id": 635, "state": "ACTIVO", "total": 305, "advance": true, "pending": 0, "discount": 0, "datetimeEnd": "2025-06-15T22:40:00.000Z", "discountType": "NINGUNO", "datetimeStart": "2025-06-15T20:00:00.000Z"}',	'{"id": 635, "datetimeOld": "2025-06-15T20:00:00.000Z", "datetimeStart": "2025-06-27T20:00:00.000Z"}'),
(900,	4,	'Appointment',	'ACTUALIZAR',	'Rearrange appointment',	'2025-06-16 10:29:16.691793',	'{"id": 629, "state": "ACTIVO", "total": 95, "advance": true, "pending": 0, "discount": 0, "datetimeEnd": "2025-06-15T22:50:00.000Z", "discountType": "NINGUNO", "datetimeStart": "2025-06-15T22:00:00.000Z"}',	'{"id": 629, "datetimeOld": "2025-06-15T22:00:00.000Z", "datetimeStart": "2025-06-16T15:00:00.000Z"}'),
(901,	4,	'Auth',	'LOGIN',	'Inicio de sesin para devops@glamadates.com',	'2025-06-16 10:31:06.997319',	NULL,	NULL),
(902,	18,	'Auth',	'LOGIN',	'Inicio de sesin para ailen@glamadates.com',	'2025-06-16 20:13:47.811167',	NULL,	NULL),
(903,	18,	'Appointment',	'CREAR',	'Create a new appointment',	'2025-06-16 20:17:13.449611',	NULL,	'{"advance": true, "package": "1", "discount": 1, "datetimeStart": "2025-06-17T11:00:00.000Z"}'),
(904,	18,	'Appointment',	'CREAR',	'Create a new appointment',	'2025-06-16 20:17:15.955174',	NULL,	'{"advance": true, "package": "1", "discount": 1, "datetimeStart": "2025-06-17T11:00:00.000Z"}'),
(905,	18,	'Payment',	'CREAR',	'Save payment information',	'2025-06-16 20:17:51.427303',	NULL,	'{"paymentId": "1337705155", "paymentUrl": "2243585522-1ace4df4-8f0f-4e11-b60b-f13194178658"}'),
(906,	18,	'Payment',	'CREAR',	'Save payment information',	'2025-06-16 20:17:51.478865',	NULL,	'{"paymentId": "1337705155", "paymentUrl": "2243585522-1ace4df4-8f0f-4e11-b60b-f13194178658"}'),
(907,	18,	'Appointment',	'ACTUALIZAR',	'Rearrange appointment',	'2025-06-16 20:21:26.357482',	'{"id": 662, "state": "ACTIVO", "total": 95, "advance": true, "pending": 0, "discount": 28.5, "datetimeEnd": "2025-06-17T11:50:00.000Z", "discountType": "TOTAL", "datetimeStart": "2025-06-17T11:00:00.000Z"}',	'{"id": 662, "datetimeOld": "2025-06-17T11:00:00.000Z", "datetimeStart": "2025-07-01T20:00:00.000Z"}'),
(908,	4,	'Auth',	'LOGIN',	'Inicio de sesin para devops@glamadates.com',	'2025-06-16 20:30:45.792817',	NULL,	NULL),
(909,	4,	'Appointment',	'ACTUALIZAR',	'Rearrange appointment',	'2025-06-16 20:31:46.078379',	'{"id": 657, "state": "PENDIENTE", "total": 95, "advance": true, "pending": 66.5, "discount": 28.5, "datetimeEnd": "2025-06-16T13:50:00.000Z", "discountType": "TOTAL", "datetimeStart": "2025-06-16T13:00:00.000Z"}',	'{"id": 657, "datetimeOld": "2025-06-16T13:00:00.000Z", "datetimeStart": "2025-06-17T11:00:00.000Z"}'),
(910,	18,	'Auth',	'LOGIN',	'Inicio de sesin para ailen@glamadates.com',	'2025-06-16 20:32:32.008321',	NULL,	NULL),
(911,	15,	'Auth',	'LOGIN',	'Inicio de sesin para facialpro@glamadates.com',	'2025-06-16 20:33:59.708637',	NULL,	NULL),
(912,	15,	'appointment',	'COMPLETAR_TURNO',	NULL,	'2025-06-16 20:34:51.86671',	'{"detail": {"id": 600, "isCompleted": false}, "estado": "ACTIVO"}',	'{"detail": {"id": 600, "isCompleted": true}, "estado": "EN PROGRESO - PAGADO"}'),
(913,	15,	'appointment',	'COMPLETAR_TURNO',	NULL,	'2025-06-16 20:35:03.902719',	'{"detail": {"id": 600, "isCompleted": true}, "estado": "EN PROGRESO - PAGADO"}',	'{"detail": {"id": 600, "isCompleted": true}, "estado": "EN PROGRESO - PAGADO"}'),
(914,	13,	'Auth',	'LOGIN',	'Inicio de sesin para pelopro@glamadates.com',	'2025-06-16 20:39:01.605459',	NULL,	NULL),
(915,	13,	'appointment',	'COMPLETAR_TURNO',	NULL,	'2025-06-16 20:39:16.426306',	'{"detail": {"id": 599, "isCompleted": false}, "estado": "EN PROGRESO - PAGADO"}',	'{"detail": {"id": 599, "isCompleted": true}, "estado": "COMPLETADO"}'),
(916,	3,	'Auth',	'LOGIN',	'Inicio de sesin para cami@cami.com',	'2025-06-17 09:56:10.760988',	NULL,	NULL),
(917,	29,	'Auth',	'LOGIN',	'Inicio de sesin para ailen2@glamadates.com',	'2025-06-17 09:57:07.773455',	NULL,	NULL),
(918,	18,	'Auth',	'LOGIN',	'Inicio de sesin para ailen@glamadates.com',	'2025-06-17 09:58:10.465887',	NULL,	NULL),
(919,	15,	'Auth',	'LOGIN',	'Inicio de sesin para facialpro@glamadates.com',	'2025-06-17 09:58:48.057771',	NULL,	NULL),
(920,	15,	'appointment',	'COMPLETAR_TURNO',	NULL,	'2025-06-17 10:21:00.478961',	'{"detail": {"id": 594, "isCompleted": false}, "estado": "PENDIENTE"}',	'{"detail": {"id": 594, "isCompleted": true}, "estado": "MOROSO"}'),
(921,	15,	'Auth',	'LOGIN',	'Inicio de sesin para facialpro@glamadates.com',	'2025-06-17 13:12:17.799083',	NULL,	NULL),
(922,	15,	'appointment',	'COMPLETAR_TURNO',	NULL,	'2025-06-17 13:28:13.448047',	'{"detail": {"id": 535, "isCompleted": false}, "estado": "ACTIVO"}',	'{"detail": {"id": 535, "isCompleted": true}, "estado": "COMPLETADO"}'),
(923,	15,	'appointment',	'COMPLETAR_TURNO',	NULL,	'2025-06-17 13:28:35.791552',	'{"detail": {"id": 589, "isCompleted": false}, "estado": "ACTIVO"}',	'{"detail": {"id": 589, "isCompleted": true}, "estado": "COMPLETADO"}'),
(924,	15,	'appointment',	'COMPLETAR_TURNO',	NULL,	'2025-06-17 13:28:45.412692',	'{"detail": {"id": 590, "isCompleted": false}, "estado": "PENDIENTE"}',	'{"detail": {"id": 590, "isCompleted": true}, "estado": "MOROSO"}'),
(925,	18,	'Auth',	'LOGIN',	'Inicio de sesin para ailen@glamadates.com',	'2025-06-17 13:29:07.903996',	NULL,	NULL),
(926,	18,	'Payment',	'CREAR',	'Save payment information',	'2025-06-17 13:30:01.080352',	NULL,	'{"paymentId": "115435123070", "paymentUrl": "2243585522-3f1239f8-ff1f-4163-88a3-9770f49edfc1"}'),
(927,	18,	'Payment',	'CREAR',	'Save payment information',	'2025-06-17 13:30:01.081415',	NULL,	'{"paymentId": "115435123070", "paymentUrl": "2243585522-3f1239f8-ff1f-4163-88a3-9770f49edfc1"}'),
(928,	4,	'Auth',	'LOGIN',	'Inicio de sesin para devops@glamadates.com',	'2025-06-17 13:47:53.269894',	NULL,	NULL),
(929,	18,	'Auth',	'LOGIN',	'Inicio de sesin para ailen@glamadates.com',	'2025-06-17 14:02:29.217137',	NULL,	NULL),
(930,	18,	'Appointment',	'CREAR',	'Create a new appointment',	'2025-06-17 14:02:45.832655',	NULL,	'{"advance": true, "package": "5", "discount": null, "datetimeStart": "2025-06-18T16:00:00.000Z"}'),
(931,	18,	'Appointment',	'CREAR',	'Create a new appointment',	'2025-06-17 14:03:20.557186',	NULL,	'{"advance": true, "package": "23", "discount": null, "datetimeStart": "2025-06-18T17:00:00.000Z"}'),
(932,	18,	'Appointment',	'ACTUALIZAR',	'Rearrange appointment',	'2025-06-17 14:52:35.191286',	'{"id": 637, "state": "ACTIVO", "total": 70, "advance": true, "pending": 0, "discount": 0, "datetimeEnd": "2025-06-17T22:50:00.000Z", "discountType": "NINGUNO", "datetimeStart": "2025-06-17T22:00:00.000Z"}',	'{"id": 637, "datetimeOld": "2025-06-17T22:00:00.000Z", "datetimeStart": "2025-06-17T19:00:00.000Z"}'),
(933,	18,	'Appointment',	'ACTUALIZAR',	'Rearrange appointment',	'2025-06-17 14:53:47.265463',	'{"id": 664, "state": "PENDIENTE", "total": 195, "advance": true, "pending": 195, "discount": 0, "datetimeEnd": "2025-06-18T18:40:00.000Z", "discountType": "NINGUNO", "datetimeStart": "2025-06-18T17:00:00.000Z"}',	'{"id": 664, "datetimeEnd": "2025-06-17T22:00:00.000Z", "datetimeStart": "2025-06-17T22:00:00.000Z"}'),
(934,	18,	'Appointment',	'CREAR',	'Create a new appointment',	'2025-06-17 14:56:39.815044',	NULL,	'{"advance": true, "package": "24", "discount": null, "datetimeStart": "2025-07-04T20:00:00.000Z"}'),
(936,	18,	'Payment',	'CREAR',	'Save payment information',	'2025-06-17 14:57:18.667534',	NULL,	'{"paymentId": "114960083455", "paymentUrl": "2243585522-6c8da290-b77f-4796-9dc2-be50ed4b2829"}'),
(935,	18,	'Payment',	'CREAR',	'Save payment information',	'2025-06-17 14:57:18.66675',	NULL,	'{"paymentId": "114960083455", "paymentUrl": "2243585522-6c8da290-b77f-4796-9dc2-be50ed4b2829"}'),
(937,	18,	'Appointment',	'ACTUALIZAR',	'Cancel appointment',	'2025-06-17 14:57:57.136033',	'{"id": 625, "state": "PENDIENTE", "total": 95, "advance": true, "pending": 95, "discount": 0, "datetimeEnd": "2025-07-03T22:50:00.000Z", "discountType": "NINGUNO", "datetimeStart": "2025-07-03T22:00:00.000Z"}',	'{}'),
(938,	15,	'Auth',	'LOGIN',	'Inicio de sesin para facialpro@glamadates.com',	'2025-06-17 15:00:20.880945',	NULL,	NULL),
(939,	15,	'appointment',	'COMPLETAR_TURNO',	NULL,	'2025-06-17 15:02:09.735442',	'{"detail": {"id": 605, "isCompleted": false}, "estado": "PENDIENTE"}',	'{"detail": {"id": 605, "isCompleted": true}, "estado": "EN PROGRESO - NO PAGADO"}'),
(975,	4,	'Auth',	'LOGIN',	'Inicio de sesin para devops@glamadates.com',	'2025-06-19 01:02:04.350044',	NULL,	NULL),
(976,	18,	'Auth',	'LOGIN',	'Inicio de sesin para ailen@glamadates.com',	'2025-06-19 01:06:06.708463',	NULL,	NULL),
(940,	15,	'appointment',	'COMPLETAR_TURNO',	NULL,	'2025-06-17 15:02:17.707265',	'{"detail": {"id": 605, "isCompleted": true}, "estado": "EN PROGRESO - NO PAGADO"}',	'{"detail": {"id": 605, "isCompleted": true}, "estado": "EN PROGRESO - NO PAGADO"}'),
(941,	15,	'appointment',	'COMPLETAR_TURNO',	NULL,	'2025-06-17 15:02:47.026561',	'{"detail": {"id": 572, "isCompleted": false}, "estado": "ACTIVO"}',	'{"detail": {"id": 572, "isCompleted": true}, "estado": "COMPLETADO"}'),
(942,	15,	'Auth',	'LOGIN',	'Inicio de sesin para facialpro@glamadates.com',	'2025-06-17 15:03:04.502509',	NULL,	NULL),
(943,	4,	'Auth',	'LOGIN',	'Inicio de sesin para devops@glamadates.com',	'2025-06-17 15:03:14.540646',	NULL,	NULL),
(944,	4,	'Role',	'ACTUALIZAR',	'Update Role',	'2025-06-17 15:04:34.831698',	'{"id": 3, "role": "PROFESIONAL", "description": null}',	'{"role": "PROFESIONAL", "permissions": [28, 30, 31, 33, 9, 17]}'),
(945,	15,	'Auth',	'LOGIN',	'Inicio de sesin para facialpro@glamadates.com',	'2025-06-17 15:04:43.254338',	NULL,	NULL),
(946,	4,	'Auth',	'LOGIN',	'Inicio de sesin para devops@glamadates.com',	'2025-06-17 15:06:07.966249',	NULL,	NULL),
(947,	4,	'Appointment',	'ACTUALIZAR',	'Register cash payment for an appointment',	'2025-06-17 15:09:40.993193',	'{"id": 664, "state": "EN PROGRESO - NO PAGADO", "total": 195, "advance": true, "pending": 195, "discount": 0, "datetimeEnd": "2025-06-17T23:40:00.000Z", "discountType": "NINGUNO", "datetimeStart": "2025-06-17T22:00:00.000Z"}',	'{"observation": ""}'),
(948,	4,	'Auth',	'LOGIN',	'Inicio de sesin para devops@glamadates.com',	'2025-06-18 16:41:59.788587',	NULL,	NULL),
(949,	4,	'Appointment',	'ACTUALIZAR',	'Rearrange appointment',	'2025-06-18 16:47:37.443401',	'{"id": 653, "state": "PENDIENTE", "total": 95, "advance": true, "pending": 66.5, "discount": 28.5, "datetimeEnd": "2025-06-16T12:50:00.000Z", "discountType": "TOTAL", "datetimeStart": "2025-06-16T12:00:00.000Z"}',	'{"id": 653, "datetimeOld": "2025-06-16T12:00:00.000Z", "datetimeStart": "2025-06-18T22:00:00.000Z"}'),
(950,	4,	'Appointment',	'ACTUALIZAR',	'Update pending appointments to inactive',	'2025-06-18 16:50:15.036277',	NULL,	'{}'),
(951,	4,	'Auth',	'LOGIN',	'Inicio de sesin para devops@glamadates.com',	'2025-06-18 17:42:45.399924',	NULL,	NULL),
(952,	4,	'Workstation',	'BORRAR',	'Delete workstation by ID',	'2025-06-18 18:41:14.810393',	'{"id": 13, "name": "PRUEBA", "state": "ELIMINADO", "description": null}',	'{}'),
(953,	4,	'Auth',	'LOGIN',	'Inicio de sesin para devops@glamadates.com',	'2025-06-18 18:43:50.773475',	NULL,	NULL),
(954,	4,	'Workstation',	'ACTUALIZAR',	'Update workstation by ID',	'2025-06-18 18:57:33.995015',	'{"id": 1, "name": "SILLA MULTIUSO", "state": "ACTIVO", "description": "DESCRIPCION DE SILLA MULTIUSO"}',	'{"id": 1, "name": "SILLA MULTIUSO", "state": "INACTIVO", "categories": [1, 7], "description": "DESCRIPCION DE SILLA MULTIUSO"}'),
(955,	4,	'Workstation',	'ACTUALIZAR',	'Update workstation by ID',	'2025-06-18 18:57:43.017989',	'{"id": 1, "name": "SILLA MULTIUSO", "state": "INACTIVO", "description": "DESCRIPCION DE SILLA MULTIUSO"}',	'{"id": 1, "name": "SILLA MULTIUSO", "state": "ACTIVO", "categories": [7, 1], "description": "DESCRIPCION DE SILLA MULTIUSO"}'),
(956,	4,	'Payment',	'ACTUALIZAR',	'Cancel a payment',	'2025-06-18 19:12:16.002792',	'{"id": 381, "amount": 305, "status": "COMPLETADO", "datetime": "2025-06-17T17:57:18.505Z", "paymentURL": "2243585522-6c8da290-b77f-4796-9dc2-be50ed4b2829", "observation": "", "paymentType": "TOTAL", "paymentMethod": "MERCADOPAGO", "transactionId": "114960083455"}',	'{"observation": "probando cancelaciones"}'),
(957,	15,	'Auth',	'LOGIN',	'Inicio de sesin para facialpro@glamadates.com',	'2025-06-18 22:36:55.378243',	NULL,	NULL),
(958,	15,	'appointment',	'COMPLETAR_TURNO',	NULL,	'2025-06-18 22:44:20.286595',	'{"detail": {"id": 536, "isCompleted": false}, "estado": "ACTIVO"}',	'{"detail": {"id": 536, "isCompleted": true}, "estado": "COMPLETADO"}'),
(959,	15,	'appointment',	'COMPLETAR_TURNO',	NULL,	'2025-06-18 22:44:35.234054',	'{"detail": {"id": 580, "isCompleted": false}, "estado": "ACTIVO"}',	'{"detail": {"id": 580, "isCompleted": true}, "estado": "COMPLETADO"}'),
(960,	15,	'appointment',	'COMPLETAR_TURNO',	NULL,	'2025-06-18 22:44:46.40856',	'{"detail": {"id": 598, "isCompleted": false}, "estado": "ACTIVO"}',	'{"detail": {"id": 598, "isCompleted": true}, "estado": "COMPLETADO"}'),
(961,	15,	'appointment',	'COMPLETAR_TURNO',	NULL,	'2025-06-18 22:44:56.924493',	'{"detail": {"id": 597, "isCompleted": false}, "estado": "ACTIVO"}',	'{"detail": {"id": 597, "isCompleted": true}, "estado": "COMPLETADO"}'),
(962,	15,	'appointment',	'COMPLETAR_TURNO',	NULL,	'2025-06-18 22:45:10.977351',	'{"detail": {"id": 590, "isCompleted": true}, "estado": "ACTIVO"}',	'{"detail": {"id": 590, "isCompleted": true}, "estado": "COMPLETADO"}'),
(963,	15,	'appointment',	'COMPLETAR_TURNO',	NULL,	'2025-06-18 22:46:07.092982',	'{"detail": {"id": 582, "isCompleted": false}, "estado": "PENDIENTE"}',	'{"detail": {"id": 582, "isCompleted": true}, "estado": "MOROSO"}'),
(964,	15,	'appointment',	'COMPLETAR_TURNO',	NULL,	'2025-06-18 22:46:16.21991',	'{"detail": {"id": 557, "isCompleted": false}, "estado": "ACTIVO"}',	'{"detail": {"id": 557, "isCompleted": true}, "estado": "EN PROGRESO - PAGADO"}'),
(965,	15,	'appointment',	'COMPLETAR_TURNO',	NULL,	'2025-06-18 22:46:25.424079',	'{"detail": {"id": 588, "isCompleted": false}, "estado": "ACTIVO"}',	'{"detail": {"id": 588, "isCompleted": true}, "estado": "COMPLETADO"}'),
(966,	15,	'appointment',	'COMPLETAR_TURNO',	NULL,	'2025-06-18 22:46:33.788254',	'{"detail": {"id": 560, "isCompleted": false}, "estado": "ACTIVO"}',	'{"detail": {"id": 560, "isCompleted": true}, "estado": "EN PROGRESO - PAGADO"}'),
(967,	15,	'appointment',	'COMPLETAR_TURNO',	NULL,	'2025-06-18 22:46:42.289996',	'{"detail": {"id": 586, "isCompleted": false}, "estado": "PENDIENTE"}',	'{"detail": {"id": 586, "isCompleted": true}, "estado": "MOROSO"}'),
(968,	15,	'appointment',	'COMPLETAR_TURNO',	NULL,	'2025-06-18 22:46:54.573583',	'{"detail": {"id": 585, "isCompleted": false}, "estado": "PENDIENTE"}',	'{"detail": {"id": 585, "isCompleted": true}, "estado": "MOROSO"}'),
(969,	15,	'appointment',	'COMPLETAR_TURNO',	NULL,	'2025-06-18 22:47:03.716611',	'{"detail": {"id": 584, "isCompleted": false}, "estado": "PENDIENTE"}',	'{"detail": {"id": 584, "isCompleted": true}, "estado": "MOROSO"}'),
(970,	15,	'appointment',	'COMPLETAR_TURNO',	NULL,	'2025-06-18 22:50:30.742229',	'{"detail": {"id": 577, "isCompleted": false}, "estado": "PENDIENTE"}',	'{"detail": {"id": 577, "isCompleted": true}, "estado": "EN PROGRESO - NO PAGADO"}'),
(971,	15,	'appointment',	'COMPLETAR_TURNO',	NULL,	'2025-06-18 22:50:40.480666',	'{"detail": {"id": 563, "isCompleted": false}, "estado": "ACTIVO"}',	'{"detail": {"id": 563, "isCompleted": true}, "estado": "EN PROGRESO - PAGADO"}'),
(972,	15,	'appointment',	'COMPLETAR_TURNO',	NULL,	'2025-06-18 22:50:50.210451',	'{"detail": {"id": 574, "isCompleted": false}, "estado": "ACTIVO"}',	'{"detail": {"id": 574, "isCompleted": true}, "estado": "EN PROGRESO - PAGADO"}'),
(973,	15,	'appointment',	'COMPLETAR_TURNO',	NULL,	'2025-06-18 22:51:00.941712',	'{"detail": {"id": 566, "isCompleted": false}, "estado": "ACTIVO"}',	'{"detail": {"id": 566, "isCompleted": true}, "estado": "EN PROGRESO - PAGADO"}'),
(974,	18,	'Auth',	'LOGIN',	'Inicio de sesin para ailen@glamadates.com',	'2025-06-19 01:00:25.914542',	NULL,	NULL),
(977,	18,	'Appointment',	'CREAR',	'Create a new appointment',	'2025-06-19 01:11:57.20114',	NULL,	'{"advance": true, "package": "5", "discount": null, "datetimeStart": "2025-06-19T22:00:00.000Z"}'),
(978,	18,	'Payment',	'CREAR',	'Save payment information',	'2025-06-19 01:12:44.609547',	NULL,	'{"paymentId": "1337910147", "paymentUrl": "2243585522-4b09739d-8a33-4c76-ad45-a9744c098748"}'),
(979,	18,	'Payment',	'CREAR',	'Save payment information',	'2025-06-19 01:12:44.666505',	NULL,	'{"paymentId": "1337910147", "paymentUrl": "2243585522-4b09739d-8a33-4c76-ad45-a9744c098748"}'),
(980,	18,	'Auth',	'LOGIN',	'Inicio de sesin para ailen@glamadates.com',	'2025-06-19 01:16:55.923247',	NULL,	NULL),
(981,	18,	'Auth',	'LOGIN',	'Inicio de sesin para ailen@glamadates.com',	'2025-06-19 01:17:53.213801',	NULL,	NULL),
(982,	18,	'Appointment',	'CREAR',	'Create a new appointment',	'2025-06-19 01:23:31.711214',	NULL,	'{"advance": true, "package": "7", "discount": 1, "datetimeStart": "2025-06-19T11:00:00.000Z"}'),
(983,	18,	'Payment',	'CREAR',	'Save payment information',	'2025-06-19 01:24:10.933147',	NULL,	'{"paymentId": "1337910189", "paymentUrl": "2243585522-657e7d9b-6812-4bc0-b3b0-f29125a79d17"}'),
(984,	18,	'Payment',	'CREAR',	'Save payment information',	'2025-06-19 01:24:10.945062',	NULL,	'{"paymentId": "1337910189", "paymentUrl": "2243585522-657e7d9b-6812-4bc0-b3b0-f29125a79d17"}'),
(985,	18,	'Appointment',	'ACTUALIZAR',	'Rearrange appointment',	'2025-06-19 01:27:47.419956',	'{"id": 666, "state": "ACTIVO", "total": 70, "advance": true, "pending": 0, "discount": 0, "datetimeEnd": "2025-06-19T22:50:00.000Z", "discountType": "NINGUNO", "datetimeStart": "2025-06-19T22:00:00.000Z"}',	'{"id": 666, "datetimeOld": "2025-06-19T22:00:00.000Z", "datetimeStart": "2025-06-19T12:00:00.000Z"}'),
(986,	18,	'Appointment',	'CREAR',	'Create a new appointment',	'2025-06-19 01:29:51.392604',	NULL,	'{"advance": true, "package": "1", "discount": 2, "datetimeStart": "2025-06-19T11:00:00.000Z"}'),
(987,	18,	'Appointment',	'ACTUALIZAR',	'Cancel appointment',	'2025-06-19 01:30:39.13403',	'{"id": 668, "state": "PENDIENTE", "total": 95, "advance": true, "pending": 76, "discount": 19, "datetimeEnd": "2025-06-19T11:50:00.000Z", "discountType": "PARCIAL", "datetimeStart": "2025-06-19T11:00:00.000Z"}',	'{}'),
(988,	18,	'Appointment',	'ACTUALIZAR',	'Rearrange appointment',	'2025-06-19 01:33:49.364829',	'{"id": 576, "state": "ACTIVO", "total": 200, "advance": true, "pending": 0, "discount": 0, "datetimeEnd": "2025-06-25T21:00:00.000Z", "discountType": "NINGUNO", "datetimeStart": "2025-06-25T20:00:00.000Z"}',	'{"id": 576, "datetimeEnd": "2025-06-19T22:00:00.000Z", "datetimeStart": "2025-06-19T22:00:00.000Z"}'),
(989,	18,	'Appointment',	'CREAR',	'Create a new appointment',	'2025-06-19 01:36:32.816385',	NULL,	'{"advance": true, "package": "1", "discount": null, "datetimeStart": "2025-06-20T22:00:00.000Z"}'),
(990,	18,	'Appointment',	'CREAR',	'Create a new appointment',	'2025-06-19 01:38:02.951597',	NULL,	'{"advance": true, "package": "23", "discount": 1, "datetimeStart": "2025-06-19T12:00:00.000Z"}'),
(991,	18,	'Payment',	'CREAR',	'Save payment information',	'2025-06-19 01:38:35.103789',	NULL,	'{"paymentId": "115144081455", "paymentUrl": "2243585522-40532770-5ff3-4b23-830f-c2be2a91a462"}'),
(992,	18,	'Payment',	'CREAR',	'Save payment information',	'2025-06-19 01:38:35.114149',	NULL,	'{"paymentId": "115144081455", "paymentUrl": "2243585522-40532770-5ff3-4b23-830f-c2be2a91a462"}'),
(993,	15,	'Auth',	'LOGIN',	'Inicio de sesin para facialpro@glamadates.com',	'2025-06-19 01:39:37.368726',	NULL,	NULL),
(994,	15,	'appointment',	'COMPLETAR_TURNO',	NULL,	'2025-06-19 01:40:42.812777',	'{"detail": {"id": 614, "isCompleted": false}, "estado": "ACTIVO"}',	'{"detail": {"id": 614, "isCompleted": true}, "estado": "EN PROGRESO - PAGADO"}'),
(995,	15,	'appointment',	'COMPLETAR_TURNO',	NULL,	'2025-06-19 01:41:54.230448',	'{"detail": {"id": 607, "isCompleted": false}, "estado": "ACTIVO"}',	'{"detail": {"id": 607, "isCompleted": true}, "estado": "EN PROGRESO - PAGADO"}'),
(996,	4,	'Auth',	'LOGIN',	'Inicio de sesin para devops@glamadates.com',	'2025-06-19 01:42:56.856632',	NULL,	NULL),
(997,	4,	'Appointment',	'ACTUALIZAR',	'Register cash payment for an appointment',	'2025-06-19 01:44:55.28947',	'{"id": 669, "state": "PENDIENTE", "total": 95, "advance": true, "pending": 95, "discount": 0, "datetimeEnd": "2025-06-20T22:50:00.000Z", "discountType": "NINGUNO", "datetimeStart": "2025-06-20T22:00:00.000Z"}',	'{"observation": "pago adelantado"}'),
(998,	4,	'Appointment',	'ACTUALIZAR',	'Rearrange appointment',	'2025-06-19 01:47:27.531856',	'{"id": 669, "state": "ACTIVO", "total": 95, "advance": true, "pending": 0, "discount": 0, "datetimeEnd": "2025-06-20T22:50:00.000Z", "discountType": "NINGUNO", "datetimeStart": "2025-06-20T22:00:00.000Z"}',	'{"id": 669, "package": "7", "datetimeOld": "2025-06-20T22:00:00.000Z", "datetimeStart": "2025-06-19T21:00:00.000Z"}'),
(999,	4,	'Category',	'CREAR',	'Create Category',	'2025-06-19 01:50:33.968399',	NULL,	'{"name": "", "description": ""}'),
(1000,	4,	'Category',	'ACTUALIZAR',	'Update Category',	'2025-06-19 01:50:45.827442',	'{"id": 25, "name": "", "description": ""}',	'{"id": 25, "name": "", "description": ""}'),
(1001,	4,	'Category',	'BORRAR',	'Delete Category',	'2025-06-19 01:50:49.945691',	'{"id": 25, "name": "", "description": ""}',	'{}'),
(1002,	4,	'Payment',	'ACTUALIZAR',	'Cancel a payment',	'2025-06-19 01:55:29.714684',	'{"id": 385, "amount": 95, "status": "COMPLETADO", "datetime": "2025-06-19T04:44:55.132Z", "paymentURL": "2243585522-0d952c48-ede5-4172-a0ec-f8aa98ed3ab8", "observation": "pago adelantado", "paymentType": "TOTAL", "paymentMethod": "EFECTIVO", "transactionId": "EF12013697"}',	'{"observation": "devolucion"}'),
(1003,	4,	'User',	'BORRAR',	'Delete User',	'2025-06-19 01:56:46.565489',	'{"id": 31, "email": "prueba2@glamadates.com", "phone": "", "gender": "M", "lastName": "ANDOLIONI", "birthdate": null, "deletedAt": null, "firstName": "PROBANDO", "branchOfficeId": null}',	'{}'),
(1004,	4,	'SystemConfig',	'ACTUALIZAR',	'Update a specific system configuration',	'2025-06-19 01:57:31.631222',	'{"id": 1, "openDays": ["LUNES", "MARTES", "MIERCOLES", "JUEVES", "VIERNES"], "closingHour1": "20:00:00", "closingHour2": null, "descountFull": 30, "openingHour1": "08:00:00", "openingHour2": null, "descountPartial": 20, "intervalMinutes": 30, "maxReservationDays": 30}',	'{"id": 1, "openDays": ["LUNES", "MARTES", "MIERCOLES", "JUEVES", "VIERNES"], "closingHour1": "20:00:00", "closingHour2": null, "descountFull": 30, "openingHour1": "08:00:00", "openingHour2": null, "descountPartial": 20, "intervalMinutes": 30, "maxReservationDays": 60}'),
(1005,	4,	'SystemConfig',	'ACTUALIZAR',	'Update a specific system configuration',	'2025-06-19 01:58:01.276094',	'{"id": 1, "openDays": ["LUNES", "MARTES", "MIERCOLES", "JUEVES", "VIERNES"], "closingHour1": "20:00:00", "closingHour2": null, "descountFull": 30, "openingHour1": "08:00:00", "openingHour2": null, "descountPartial": 20, "intervalMinutes": 30, "maxReservationDays": 60}',	'{"id": 1, "openDays": ["LUNES", "MARTES", "MIERCOLES", "JUEVES", "VIERNES"], "closingHour1": "12:00:00", "closingHour2": "20:00:00", "descountFull": 30, "openingHour1": "08:00:00", "openingHour2": "14:00:00", "descountPartial": 20, "intervalMinutes": 30, "maxReservationDays": 60}'),
(1045,	36,	'Auth',	'LOGIN',	'Inicio de sesin para clau@glamadates.com',	'2025-06-19 12:20:59.946129',	NULL,	NULL),
(1006,	4,	'SystemConfig',	'ACTUALIZAR',	'Update a specific system configuration',	'2025-06-19 01:58:13.530996',	'{"id": 1, "openDays": ["LUNES", "MARTES", "MIERCOLES", "JUEVES", "VIERNES"], "closingHour1": "12:00:00", "closingHour2": "20:00:00", "descountFull": 30, "openingHour1": "08:00:00", "openingHour2": "14:00:00", "descountPartial": 20, "intervalMinutes": 30, "maxReservationDays": 60}',	'{"id": 1, "openDays": ["LUNES", "MARTES", "MIERCOLES", "JUEVES", "VIERNES"], "closingHour1": "12:00:00", "closingHour2": "20:00:00", "descountFull": 30, "openingHour1": "08:00:00", "openingHour2": "14:00:00", "descountPartial": 20, "intervalMinutes": 30, "maxReservationDays": 60}'),
(1007,	18,	'Auth',	'LOGIN',	'Inicio de sesin para ailen@glamadates.com',	'2025-06-19 02:05:39.872339',	NULL,	NULL),
(1008,	4,	'Auth',	'LOGIN',	'Inicio de sesin para devops@glamadates.com',	'2025-06-19 08:33:49.659181',	NULL,	NULL),
(1009,	4,	'Auth',	'LOGIN',	'Inicio de sesin para devops@glamadates.com',	'2025-06-19 11:11:41.138216',	NULL,	NULL),
(1010,	4,	'Auth',	'LOGIN',	'Inicio de sesin para devops@glamadates.com',	'2025-06-19 11:13:42.167519',	NULL,	NULL),
(1011,	28,	'Auth',	'LOGIN',	'Inicio de sesin para juanjo@glamadates.com',	'2025-06-19 11:14:55.319971',	NULL,	NULL),
(1012,	28,	'Appointment',	'CREAR',	'Create a new appointment',	'2025-06-19 11:15:30.472322',	NULL,	'{"advance": true, "package": "1", "discount": 1, "datetimeStart": "2025-06-19T17:00:00.000Z"}'),
(1013,	4,	'Auth',	'LOGIN',	'Inicio de sesin para devops@glamadates.com',	'2025-06-19 11:16:01.98302',	NULL,	NULL),
(1014,	4,	'SystemConfig',	'ACTUALIZAR',	'Update a specific system configuration',	'2025-06-19 11:16:27.729932',	'{"id": 1, "openDays": ["LUNES", "MARTES", "MIERCOLES", "JUEVES", "VIERNES"], "closingHour1": "12:00:00", "closingHour2": "20:00:00", "descountFull": 30, "openingHour1": "08:00:00", "openingHour2": "14:00:00", "descountPartial": 20, "intervalMinutes": 30, "maxReservationDays": 60}',	'{"id": 1, "openDays": ["LUNES", "MARTES", "MIERCOLES", "JUEVES", "VIERNES"], "closingHour1": "20:00:00", "closingHour2": null, "descountFull": 30, "openingHour1": "08:00:00", "openingHour2": null, "descountPartial": 20, "intervalMinutes": 30, "maxReservationDays": 30}'),
(1015,	28,	'Auth',	'LOGIN',	'Inicio de sesin para juanjo@glamadates.com',	'2025-06-19 11:16:44.523291',	NULL,	NULL),
(1016,	28,	'Appointment',	'CREAR',	'Create a new appointment',	'2025-06-19 11:16:56.450168',	NULL,	'{"advance": true, "package": "1", "discount": 1, "datetimeStart": "2025-06-19T14:30:00.000Z"}'),
(1017,	28,	'Payment',	'CREAR',	'Save payment information',	'2025-06-19 11:17:27.729879',	NULL,	'{"paymentId": "115178376723", "paymentUrl": "2243585522-6eb21b5a-59c2-4b2c-b81a-9a5bde3cc427"}'),
(1018,	28,	'Payment',	'CREAR',	'Save payment information',	'2025-06-19 11:17:27.779127',	NULL,	'{"paymentId": "115178376723", "paymentUrl": "2243585522-6eb21b5a-59c2-4b2c-b81a-9a5bde3cc427"}'),
(1019,	4,	'Auth',	'LOGIN',	'Inicio de sesin para devops@glamadates.com',	'2025-06-19 11:18:12.192732',	NULL,	NULL),
(1020,	4,	'User',	'CREAR',	'Create User',	'2025-06-19 11:19:38.958003',	NULL,	'{"role": "2", "email": "clau@glamadates.com", "phone": "", "gender": "F", "lastName": "MULLER", "firstName": "CLAUDIA", "categories": []}'),
(1021,	36,	'Auth',	'LOGIN',	'Inicio de sesin para clau@glamadates.com',	'2025-06-19 11:20:08.268889',	NULL,	NULL),
(1022,	36,	'Appointment',	'CREAR',	'Create a new appointment',	'2025-06-19 11:20:42.532088',	NULL,	'{"advance": true, "package": "5", "discount": null, "datetimeStart": "2025-07-03T22:00:00.000Z"}'),
(1023,	36,	'Appointment',	'CREAR',	'Create a new appointment',	'2025-06-19 11:21:03.912344',	NULL,	'{"advance": true, "package": "1", "discount": null, "datetimeStart": "2025-07-02T11:00:00.000Z"}'),
(1024,	18,	'Auth',	'LOGIN',	'Inicio de sesin para ailen@glamadates.com',	'2025-06-19 11:23:17.981706',	NULL,	NULL),
(1025,	4,	'Auth',	'LOGIN',	'Inicio de sesin para devops@glamadates.com',	'2025-06-19 11:30:05.376243',	NULL,	NULL),
(1026,	4,	'Appointment',	'ACTUALIZAR',	'Update professional and workstation details of an appointment',	'2025-06-19 11:45:48.18981',	'{"id": 606, "state": "ACTIVO", "total": 70, "advance": true, "pending": 0, "discount": 14, "datetimeEnd": "2025-05-19T22:50:00.000Z", "discountType": "PARCIAL", "datetimeStart": "2025-05-19T22:00:00.000Z"}',	'{"employee": "5", "workstation": "2"}'),
(1027,	4,	'Appointment',	'ACTUALIZAR',	'Update professional and workstation details of an appointment',	'2025-06-19 11:45:48.718511',	'{"id": 608, "state": "CANCELADO", "total": 0, "advance": true, "pending": 0, "discount": 0, "datetimeEnd": "2025-06-17T22:50:00.000Z", "discountType": "NINGUNO", "datetimeStart": "2025-06-17T22:00:00.000Z"}',	'{"employee": "7", "workstation": "4"}'),
(1028,	4,	'Appointment',	'ACTUALIZAR',	'Update professional and workstation details of an appointment',	'2025-06-19 11:45:48.817241',	NULL,	'{"employee": "15", "workstation": "8"}'),
(1029,	4,	'Appointment',	'ACTUALIZAR',	'Update professional and workstation details of an appointment',	'2025-06-19 11:46:00.38485',	'{"id": 606, "state": "ACTIVO", "total": 70, "advance": true, "pending": 0, "discount": 14, "datetimeEnd": "2025-05-19T22:50:00.000Z", "discountType": "PARCIAL", "datetimeStart": "2025-05-19T22:00:00.000Z"}',	'{"employee": "14", "workstation": "2"}'),
(1030,	4,	'Appointment',	'ACTUALIZAR',	'Update professional and workstation details of an appointment',	'2025-06-19 11:46:00.509361',	'{"id": 608, "state": "CANCELADO", "total": 0, "advance": true, "pending": 0, "discount": 0, "datetimeEnd": "2025-06-17T22:50:00.000Z", "discountType": "NINGUNO", "datetimeStart": "2025-06-17T22:00:00.000Z"}',	'{"employee": "7", "workstation": "4"}'),
(1031,	4,	'Appointment',	'ACTUALIZAR',	'Update professional and workstation details of an appointment',	'2025-06-19 11:46:00.625383',	NULL,	'{"employee": "15", "workstation": "8"}'),
(1032,	4,	'Appointment',	'ACTUALIZAR',	'Update professional and workstation details of an appointment',	'2025-06-19 11:46:52.505829',	'{"id": 608, "state": "CANCELADO", "total": 0, "advance": true, "pending": 0, "discount": 0, "datetimeEnd": "2025-06-17T22:50:00.000Z", "discountType": "NINGUNO", "datetimeStart": "2025-06-17T22:00:00.000Z"}',	'{"employee": "7", "workstation": "4"}'),
(1033,	4,	'Appointment',	'ACTUALIZAR',	'Update professional and workstation details of an appointment',	'2025-06-19 11:46:53.097918',	'{"id": 606, "state": "ACTIVO", "total": 70, "advance": true, "pending": 0, "discount": 14, "datetimeEnd": "2025-05-19T22:50:00.000Z", "discountType": "PARCIAL", "datetimeStart": "2025-05-19T22:00:00.000Z"}',	'{"employee": "5", "workstation": "2"}'),
(1034,	4,	'Appointment',	'ACTUALIZAR',	'Update professional and workstation details of an appointment',	'2025-06-19 11:46:53.182225',	NULL,	'{"employee": "15", "workstation": "8"}'),
(1035,	36,	'Auth',	'LOGIN',	'Inicio de sesin para clau@glamadates.com',	'2025-06-19 12:04:03.526923',	NULL,	NULL),
(1036,	36,	'Auth',	'LOGIN',	'Inicio de sesin para clau@glamadates.com',	'2025-06-19 12:05:17.172499',	NULL,	NULL),
(1037,	18,	'Auth',	'LOGIN',	'Inicio de sesin para ailen@glamadates.com',	'2025-06-19 12:06:08.496096',	NULL,	NULL),
(1038,	18,	'Auth',	'LOGIN',	'Inicio de sesin para ailen@glamadates.com',	'2025-06-19 12:06:58.438318',	NULL,	NULL),
(1039,	18,	'Auth',	'LOGIN',	'Inicio de sesin para ailen@glamadates.com',	'2025-06-19 12:09:08.560848',	NULL,	NULL),
(1040,	18,	'Auth',	'LOGIN',	'Inicio de sesin para ailen@glamadates.com',	'2025-06-19 12:11:51.338613',	NULL,	NULL),
(1041,	18,	'Auth',	'LOGIN',	'Inicio de sesin para ailen@glamadates.com',	'2025-06-19 12:12:39.825098',	NULL,	NULL),
(1042,	18,	'Auth',	'LOGIN',	'Inicio de sesin para ailen@glamadates.com',	'2025-06-19 12:18:38.42728',	NULL,	NULL),
(1043,	18,	'Auth',	'LOGIN',	'Inicio de sesin para ailen@glamadates.com',	'2025-06-19 12:18:56.771681',	NULL,	NULL),
(1044,	18,	'Auth',	'LOGIN',	'Inicio de sesin para ailen@glamadates.com',	'2025-06-19 12:19:28.338441',	NULL,	NULL),
(1046,	36,	'Appointment',	'CREAR',	'Create a new appointment',	'2025-06-19 12:23:40.718166',	NULL,	'{"advance": true, "package": "23", "discount": 1, "datetimeStart": "2025-06-19T15:30:00.000Z"}'),
(1047,	36,	'Appointment',	'CREAR',	'Create a new appointment',	'2025-06-19 12:25:46.41409',	NULL,	'{"advance": true, "package": "5", "discount": null, "datetimeStart": "2025-07-01T22:00:00.000Z"}'),
(1048,	36,	'Payment',	'CREAR',	'Save payment information',	'2025-06-19 12:26:07.234657',	NULL,	'{"paymentId": "1323782796", "paymentUrl": "2243585522-3e250ba2-977f-4fcf-8c54-b611e4a68504"}'),
(1049,	36,	'Payment',	'CREAR',	'Save payment information',	'2025-06-19 12:26:07.263104',	NULL,	'{"paymentId": "1323782796", "paymentUrl": "2243585522-3e250ba2-977f-4fcf-8c54-b611e4a68504"}'),
(1050,	36,	'Payment',	'CREAR',	'Save payment information',	'2025-06-19 12:28:01.814482',	NULL,	'{"paymentId": "115673318250", "paymentUrl": "2243585522-1e03b7ab-4555-47d3-b097-4841e83429d3"}'),
(1051,	36,	'Payment',	'CREAR',	'Save payment information',	'2025-06-19 12:28:01.864936',	NULL,	'{"paymentId": "115673318250", "paymentUrl": "2243585522-1e03b7ab-4555-47d3-b097-4841e83429d3"}'),
(1052,	36,	'Appointment',	'ACTUALIZAR',	'Rearrange appointment',	'2025-06-19 12:29:22.812035',	'{"id": 677, "state": "ACTIVO", "total": 70, "advance": true, "pending": 0, "discount": 0, "datetimeEnd": "2025-07-01T22:50:00.000Z", "discountType": "NINGUNO", "datetimeStart": "2025-07-01T22:00:00.000Z"}',	'{"id": 677, "datetimeOld": "2025-07-01T22:00:00.000Z", "datetimeStart": "2025-06-27T22:00:00.000Z"}'),
(1053,	4,	'Auth',	'LOGIN',	'Inicio de sesin para devops@glamadates.com',	'2025-06-19 12:31:16.601871',	NULL,	NULL),
(1054,	36,	'Auth',	'LOGIN',	'Inicio de sesin para clau@glamadates.com',	'2025-06-19 12:39:36.736879',	NULL,	NULL),
(1055,	36,	'Appointment',	'CREAR',	'Create a new appointment',	'2025-06-19 12:42:05.953698',	NULL,	'{"advance": true, "package": "23", "discount": 1, "datetimeStart": "2025-06-19T16:30:00.000Z"}'),
(1056,	36,	'Appointment',	'CREAR',	'Create a new appointment',	'2025-06-19 12:43:54.601288',	NULL,	'{"advance": true, "package": "5", "discount": null, "datetimeStart": "2025-06-24T22:00:00.000Z"}'),
(1057,	36,	'Payment',	'CREAR',	'Save payment information',	'2025-06-19 12:44:12.192893',	NULL,	'{"paymentId": "1337928047", "paymentUrl": "2243585522-4d4b72f7-d5d1-407b-85be-a12cda8a1123"}'),
(1058,	36,	'Payment',	'CREAR',	'Save payment information',	'2025-06-19 12:44:12.193933',	NULL,	'{"paymentId": "1337928047", "paymentUrl": "2243585522-4d4b72f7-d5d1-407b-85be-a12cda8a1123"}'),
(1059,	36,	'Appointment',	'ACTUALIZAR',	'Rearrange appointment',	'2025-06-19 12:45:37.584247',	'{"id": 679, "state": "ACTIVO", "total": 70, "advance": true, "pending": 0, "discount": 0, "datetimeEnd": "2025-06-24T22:50:00.000Z", "discountType": "NINGUNO", "datetimeStart": "2025-06-24T22:00:00.000Z"}',	'{"id": 679, "datetimeOld": "2025-06-24T22:00:00.000Z", "datetimeStart": "2025-06-19T21:00:00.000Z"}'),
(1060,	36,	'Appointment',	'ACTUALIZAR',	'Cancel appointment',	'2025-06-19 12:46:28.025209',	'{"id": 678, "state": "PENDIENTE", "total": 195, "advance": true, "pending": 136.5, "discount": 58.5, "datetimeEnd": "2025-06-19T18:10:00.000Z", "discountType": "TOTAL", "datetimeStart": "2025-06-19T16:30:00.000Z"}',	'{}'),
(1061,	36,	'Appointment',	'ACTUALIZAR',	'Rearrange appointment',	'2025-06-19 12:47:32.539784',	'{"id": 673, "state": "PENDIENTE", "total": 70, "advance": true, "pending": 70, "discount": 0, "datetimeEnd": "2025-07-03T22:50:00.000Z", "discountType": "NINGUNO", "datetimeStart": "2025-07-03T22:00:00.000Z"}',	'{"id": 673, "datetimeEnd": "2025-06-24T22:00:00.000Z", "datetimeStart": "2025-06-24T22:00:00.000Z"}'),
(1062,	36,	'Payment',	'CREAR',	'Save payment information',	'2025-06-19 12:49:05.090448',	NULL,	'{"paymentId": "115190180085", "paymentUrl": "2243585522-d0d49b6f-a869-4836-90d6-797d747b6494"}'),
(1063,	36,	'Payment',	'CREAR',	'Save payment information',	'2025-06-19 12:49:05.112831',	NULL,	'{"paymentId": "115190180085", "paymentUrl": "2243585522-d0d49b6f-a869-4836-90d6-797d747b6494"}'),
(1064,	15,	'Auth',	'LOGIN',	'Inicio de sesin para facialpro@glamadates.com',	'2025-06-19 12:51:17.078723',	NULL,	NULL),
(1065,	15,	'appointment',	'COMPLETAR_TURNO',	NULL,	'2025-06-19 12:52:32.106483',	'{"detail": {"id": 620, "isCompleted": false}, "estado": "ACTIVO"}',	'{"detail": {"id": 620, "isCompleted": true}, "estado": "EN PROGRESO - PAGADO"}'),
(1066,	15,	'appointment',	'COMPLETAR_TURNO',	NULL,	'2025-06-19 12:52:54.141899',	'{"detail": {"id": 624, "isCompleted": false}, "estado": "ACTIVO"}',	'{"detail": {"id": 624, "isCompleted": true}, "estado": "COMPLETADO"}'),
(1067,	4,	'Auth',	'LOGIN',	'Inicio de sesin para devops@glamadates.com',	'2025-06-19 13:11:29.702869',	NULL,	NULL),
(1068,	4,	'Auth',	'LOGIN',	'Inicio de sesin para devops@glamadates.com',	'2025-06-19 13:12:12.79516',	NULL,	NULL),
(1069,	4,	'Appointment',	'ACTUALIZAR',	'Register cash payment for an appointment',	'2025-06-19 13:13:47.398671',	'{"id": 673, "state": "PENDIENTE", "total": 70, "advance": true, "pending": 70, "discount": 0, "datetimeEnd": "2025-06-24T22:50:00.000Z", "discountType": "NINGUNO", "datetimeStart": "2025-06-24T22:00:00.000Z"}',	'{"observation": "pagada por adelantado"}'),
(1070,	4,	'Appointment',	'ACTUALIZAR',	'Update professional and workstation details of an appointment',	'2025-06-19 13:14:59.571996',	'{"id": 624, "state": "PENDIENTE", "total": 95, "advance": true, "pending": 76, "discount": 19, "datetimeEnd": "2025-06-09T22:50:00.000Z", "discountType": "PARCIAL", "datetimeStart": "2025-06-09T22:00:00.000Z"}',	'{"employee": "15", "workstation": "8"}'),
(1071,	36,	'Auth',	'LOGIN',	'Inicio de sesin para clau@glamadates.com',	'2025-06-19 13:16:12.882016',	NULL,	NULL),
(1072,	36,	'Appointment',	'CREAR',	'Create a new appointment',	'2025-06-19 13:16:27.200764',	NULL,	'{"advance": true, "package": "1", "discount": 2, "datetimeStart": "2025-06-19T21:00:00.000Z"}'),
(1073,	4,	'Auth',	'LOGIN',	'Inicio de sesin para devops@glamadates.com',	'2025-06-19 13:16:46.907134',	NULL,	NULL),
(1074,	4,	'Appointment',	'ACTUALIZAR',	'Register cash payment for an appointment',	'2025-06-19 13:18:15.956515',	'{"id": 680, "state": "PENDIENTE", "total": 95, "advance": true, "pending": 76, "discount": 19, "datetimeEnd": "2025-06-19T21:50:00.000Z", "discountType": "PARCIAL", "datetimeStart": "2025-06-19T21:00:00.000Z"}',	'{"observation": "pagado en el salon"}'),
(1075,	4,	'Appointment',	'ACTUALIZAR',	'Update professional and workstation details of an appointment',	'2025-06-19 13:19:36.99321',	'{"id": 625, "state": "CANCELADO", "total": 95, "advance": true, "pending": 0, "discount": 0, "datetimeEnd": "2025-07-03T22:50:00.000Z", "discountType": "NINGUNO", "datetimeStart": "2025-07-03T22:00:00.000Z"}',	'{"employee": "13", "workstation": "1"}'),
(1076,	4,	'Appointment',	'ACTUALIZAR',	'Update pending appointments to inactive',	'2025-06-19 13:21:16.54759',	NULL,	'{}'),
(1077,	18,	'Auth',	'LOGIN',	'Inicio de sesin para ailen@glamadates.com',	'2025-07-24 23:06:49.990637',	NULL,	NULL),
(1078,	18,	'Auth',	'LOGIN',	'Inicio de sesin para ailen@glamadates.com',	'2025-07-27 11:07:09.059037',	NULL,	NULL),
(1079,	4,	'Auth',	'LOGIN',	'Inicio de sesin para devops@glamadates.com',	'2025-07-27 11:08:46.527709',	NULL,	NULL),
(1080,	4,	'Appointment',	'ACTUALIZAR',	'Register cash payment for an appointment',	'2025-07-27 11:09:32.423436',	'{"id": 655, "state": "MOROSO", "total": 200, "advance": true, "pending": 140, "discount": 60, "datetimeEnd": "2025-06-17T14:00:00.000Z", "discountType": "TOTAL", "datetimeStart": "2025-06-17T13:00:00.000Z"}',	'{"observation": ""}'),
(1179,	4,	'Service',	'CREAR',	'Create Service',	'2025-07-28 10:09:31.866257',	NULL,	'{"name": "prueba servicio", "price": 500, "category": "9", "duration": 30, "description": "descripcion de prueba"}'),
(1081,	4,	'Appointment',	'ACTUALIZAR',	'Register cash payment for an appointment',	'2025-07-27 11:09:38.348808',	'{"id": 654, "state": "PENDIENTE", "total": 95, "advance": true, "pending": 66.5, "discount": 28.5, "datetimeEnd": "2025-06-16T12:50:00.000Z", "discountType": "TOTAL", "datetimeStart": "2025-06-16T12:00:00.000Z"}',	'{"observation": ""}'),
(1082,	4,	'Appointment',	'ACTUALIZAR',	'Register cash payment for an appointment',	'2025-07-27 11:09:41.686534',	'{"id": 652, "state": "PENDIENTE", "total": 95, "advance": true, "pending": 66.5, "discount": 28.5, "datetimeEnd": "2025-06-16T11:50:00.000Z", "discountType": "TOTAL", "datetimeStart": "2025-06-16T11:00:00.000Z"}',	'{"observation": ""}'),
(1084,	4,	'Appointment',	'ACTUALIZAR',	'Register cash payment for an appointment',	'2025-07-27 11:09:48.016266',	'{"id": 647, "state": "MOROSO", "total": 200, "advance": true, "pending": 140, "discount": 60, "datetimeEnd": "2025-06-16T19:00:00.000Z", "discountType": "TOTAL", "datetimeStart": "2025-06-16T18:00:00.000Z"}',	'{"observation": ""}'),
(1086,	4,	'Appointment',	'ACTUALIZAR',	'Register cash payment for an appointment',	'2025-07-27 11:09:53.145817',	'{"id": 645, "state": "MOROSO", "total": 200, "advance": true, "pending": 140, "discount": 60, "datetimeEnd": "2025-06-16T12:00:00.000Z", "discountType": "TOTAL", "datetimeStart": "2025-06-16T11:00:00.000Z"}',	'{"observation": ""}'),
(1087,	4,	'Appointment',	'ACTUALIZAR',	'Register cash payment for an appointment',	'2025-07-27 11:09:57.47735',	'{"id": 644, "state": "PENDIENTE", "total": 95, "advance": true, "pending": 66.5, "discount": 28.5, "datetimeEnd": "2025-06-16T11:50:00.000Z", "discountType": "TOTAL", "datetimeStart": "2025-06-16T11:00:00.000Z"}',	'{"observation": ""}'),
(1089,	4,	'Appointment',	'ACTUALIZAR',	'Register cash payment for an appointment',	'2025-07-27 11:10:02.665942',	'{"id": 642, "state": "PENDIENTE", "total": 95, "advance": true, "pending": 76, "discount": 19, "datetimeEnd": "2025-06-16T14:50:00.000Z", "discountType": "PARCIAL", "datetimeStart": "2025-06-16T14:00:00.000Z"}',	'{"observation": ""}'),
(1083,	4,	'Appointment',	'ACTUALIZAR',	'Register cash payment for an appointment',	'2025-07-27 11:09:45.727755',	'{"id": 648, "state": "PENDIENTE", "total": 95, "advance": true, "pending": 66.5, "discount": 28.5, "datetimeEnd": "2025-06-16T11:50:00.000Z", "discountType": "TOTAL", "datetimeStart": "2025-06-16T11:00:00.000Z"}',	'{"observation": ""}'),
(1085,	4,	'Appointment',	'ACTUALIZAR',	'Register cash payment for an appointment',	'2025-07-27 11:09:50.606187',	'{"id": 646, "state": "MOROSO", "total": 200, "advance": true, "pending": 140, "discount": 60, "datetimeEnd": "2025-06-16T18:00:00.000Z", "discountType": "TOTAL", "datetimeStart": "2025-06-16T17:00:00.000Z"}',	'{"observation": ""}'),
(1088,	4,	'Appointment',	'ACTUALIZAR',	'Register cash payment for an appointment',	'2025-07-27 11:10:00.32721',	'{"id": 643, "state": "MOROSO", "total": 70, "advance": true, "pending": 56, "discount": 14, "datetimeEnd": "2025-06-16T22:50:00.000Z", "discountType": "PARCIAL", "datetimeStart": "2025-06-16T22:00:00.000Z"}',	'{"observation": ""}'),
(1090,	4,	'Appointment',	'ACTUALIZAR',	'Register cash payment for an appointment',	'2025-07-27 11:10:10.788666',	'{"id": 639, "state": "EN PROGRESO - NO PAGADO", "total": 305, "advance": true, "pending": 305, "discount": 0, "datetimeEnd": "2025-06-16T14:40:00.000Z", "discountType": "NINGUNO", "datetimeStart": "2025-06-16T12:00:00.000Z"}',	'{"observation": ""}'),
(1091,	4,	'Appointment',	'ACTUALIZAR',	'Register cash payment for an appointment',	'2025-07-27 11:10:13.674318',	'{"id": 627, "state": "PENDIENTE", "total": 95, "advance": true, "pending": 76, "discount": 19, "datetimeEnd": "2025-06-09T21:20:00.000Z", "discountType": "PARCIAL", "datetimeStart": "2025-06-09T20:30:00.000Z"}',	'{"observation": ""}'),
(1092,	4,	'Appointment',	'ACTUALIZAR',	'Register cash payment for an appointment',	'2025-07-27 11:10:15.375347',	'{"id": 626, "state": "PENDIENTE", "total": 95, "advance": true, "pending": 76, "discount": 19, "datetimeEnd": "2025-06-09T20:50:00.000Z", "discountType": "PARCIAL", "datetimeStart": "2025-06-09T20:00:00.000Z"}',	'{"observation": ""}'),
(1093,	4,	'Appointment',	'ACTUALIZAR',	'Register cash payment for an appointment',	'2025-07-27 11:10:18.534235',	'{"id": 624, "state": "PENDIENTE", "total": 95, "advance": true, "pending": 76, "discount": 19, "datetimeEnd": "2025-06-09T22:50:00.000Z", "discountType": "PARCIAL", "datetimeStart": "2025-06-09T22:00:00.000Z"}',	'{"observation": ""}'),
(1094,	4,	'Appointment',	'ACTUALIZAR',	'Register cash payment for an appointment',	'2025-07-27 11:10:20.193718',	'{"id": 621, "state": "PENDIENTE", "total": 95, "advance": true, "pending": 76, "discount": 19, "datetimeEnd": "2025-06-09T22:50:00.000Z", "discountType": "PARCIAL", "datetimeStart": "2025-06-09T22:00:00.000Z"}',	'{"observation": ""}'),
(1095,	4,	'Appointment',	'ACTUALIZAR',	'Register cash payment for an appointment',	'2025-07-27 11:10:22.525',	'{"id": 620, "state": "PENDIENTE", "total": 70, "advance": true, "pending": 56, "discount": 14, "datetimeEnd": "2025-06-09T21:50:00.000Z", "discountType": "PARCIAL", "datetimeStart": "2025-06-09T21:00:00.000Z"}',	'{"observation": ""}'),
(1096,	4,	'Appointment',	'ACTUALIZAR',	'Register cash payment for an appointment',	'2025-07-27 11:13:44.099495',	'{"id": 609, "state": "PENDIENTE", "total": 95, "advance": true, "pending": 76, "discount": 19, "datetimeEnd": "2025-06-20T22:50:00.000Z", "discountType": "PARCIAL", "datetimeStart": "2025-06-20T22:00:00.000Z"}',	'{"observation": ""}'),
(1097,	4,	'Appointment',	'ACTUALIZAR',	'Register cash payment for an appointment',	'2025-07-27 11:13:47.849246',	'{"id": 603, "state": "PENDIENTE", "total": 70, "advance": true, "pending": 70, "discount": 0, "datetimeEnd": "2025-04-06T17:50:00.000Z", "discountType": "NINGUNO", "datetimeStart": "2025-04-06T17:00:00.000Z"}',	'{"observation": ""}'),
(1098,	4,	'Appointment',	'ACTUALIZAR',	'Register cash payment for an appointment',	'2025-07-27 11:13:53.78035',	'{"id": 602, "state": "PENDIENTE", "total": 120, "advance": true, "pending": 120, "discount": 0, "datetimeEnd": "2025-05-20T20:50:00.000Z", "discountType": "NINGUNO", "datetimeStart": "2025-05-20T19:30:00.000Z"}',	'{"observation": ""}'),
(1099,	4,	'Appointment',	'ACTUALIZAR',	'Register cash payment for an appointment',	'2025-07-27 11:13:56.119238',	'{"id": 601, "state": "PENDIENTE", "total": 95, "advance": true, "pending": 95, "discount": 0, "datetimeEnd": "2025-05-20T20:50:00.000Z", "discountType": "NINGUNO", "datetimeStart": "2025-05-20T20:00:00.000Z"}',	'{"observation": ""}'),
(1100,	4,	'Appointment',	'ACTUALIZAR',	'Register cash payment for an appointment',	'2025-07-27 11:13:58.599374',	'{"id": 600, "state": "PENDIENTE", "total": 70, "advance": true, "pending": 70, "discount": 0, "datetimeEnd": "2025-05-20T20:50:00.000Z", "discountType": "NINGUNO", "datetimeStart": "2025-05-20T20:00:00.000Z"}',	'{"observation": ""}'),
(1101,	4,	'Appointment',	'ACTUALIZAR',	'Register cash payment for an appointment',	'2025-07-27 11:23:04.327547',	'{"id": 592, "state": "MOROSO", "total": 70, "advance": true, "pending": 70, "discount": 0, "datetimeEnd": "2025-05-30T18:50:00.000Z", "discountType": "NINGUNO", "datetimeStart": "2025-05-30T18:00:00.000Z"}',	'{"observation": ""}'),
(1102,	4,	'Appointment',	'ACTUALIZAR',	'Register cash payment for an appointment',	'2025-07-27 11:27:58.594721',	'{"id": 563, "state": "CANCELADO", "total": 70, "advance": true, "pending": 66.5, "discount": 3.5, "datetimeEnd": "2025-05-09T22:20:00.000Z", "discountType": "PARCIAL", "datetimeStart": "2025-05-09T21:30:00.000Z"}',	'{"observation": ""}'),
(1103,	4,	'Appointment',	'ACTUALIZAR',	'Register cash payment for an appointment',	'2025-07-27 11:28:01.444618',	'{"id": 558, "state": "INACTIVO", "total": 95, "advance": true, "pending": 90.25, "discount": 4.75, "datetimeEnd": "2025-05-09T19:50:00.000Z", "discountType": "PARCIAL", "datetimeStart": "2025-05-09T19:00:00.000Z"}',	'{"observation": ""}'),
(1104,	4,	'Appointment',	'ACTUALIZAR',	'Register cash payment for an appointment',	'2025-07-27 11:28:03.755248',	'{"id": 554, "state": "INACTIVO", "total": 200, "advance": true, "pending": 190, "discount": 10, "datetimeEnd": "2025-05-08T19:30:00.000Z", "discountType": "PARCIAL", "datetimeStart": "2025-05-08T18:30:00.000Z"}',	'{"observation": ""}'),
(1105,	4,	'Appointment',	'ACTUALIZAR',	'Register cash payment for an appointment',	'2025-07-27 11:28:11.053386',	'{"id": 545, "state": "INACTIVO", "total": 95, "advance": true, "pending": 90.25, "discount": 4.75, "datetimeEnd": "2025-05-07T22:20:00.000Z", "discountType": "PARCIAL", "datetimeStart": "2025-05-07T21:30:00.000Z"}',	'{"observation": ""}'),
(1106,	4,	'Appointment',	'ACTUALIZAR',	'Register cash payment for an appointment',	'2025-07-27 11:30:01.349428',	'{"id": 542, "state": "CANCELADO", "total": 70, "advance": true, "pending": 70, "discount": 0, "datetimeEnd": "2025-05-13T18:20:00.000Z", "discountType": "NINGUNO", "datetimeStart": "2025-05-13T17:30:00.000Z"}',	'{"observation": ""}'),
(1107,	4,	'Appointment',	'ACTUALIZAR',	'Register cash payment for an appointment',	'2025-07-27 11:30:03.709124',	'{"id": 541, "state": "PENDIENTE", "total": 70, "advance": true, "pending": 70, "discount": 0, "datetimeEnd": "2025-05-21T22:50:00.000Z", "discountType": "NINGUNO", "datetimeStart": "2025-05-21T22:00:00.000Z"}',	'{"observation": ""}'),
(1108,	4,	'Appointment',	'ACTUALIZAR',	'Register cash payment for an appointment',	'2025-07-27 11:30:05.879597',	'{"id": 528, "state": "CANCELADO", "total": 70, "advance": false, "pending": 70, "discount": 0, "datetimeEnd": "2025-05-16T20:50:00.000Z", "discountType": "NINGUNO", "datetimeStart": "2025-05-16T20:00:00.000Z"}',	'{"observation": ""}'),
(1109,	4,	'Appointment',	'ACTUALIZAR',	'Register cash payment for an appointment',	'2025-07-27 11:30:07.860959',	'{"id": 527, "state": "CANCELADO", "total": 70, "advance": true, "pending": 70, "discount": 0, "datetimeEnd": "2025-05-12T20:20:00.000Z", "discountType": "NINGUNO", "datetimeStart": "2025-05-12T19:30:00.000Z"}',	'{"observation": ""}'),
(1110,	4,	'Appointment',	'ACTUALIZAR',	'Register cash payment for an appointment',	'2025-07-27 11:30:10.026093',	'{"id": 526, "state": "CANCELADO", "total": 70, "advance": true, "pending": 70, "discount": 0, "datetimeEnd": "2025-05-12T20:20:00.000Z", "discountType": "NINGUNO", "datetimeStart": "2025-05-12T19:30:00.000Z"}',	'{"observation": ""}'),
(1111,	4,	'Appointment',	'ACTUALIZAR',	'Register cash payment for an appointment',	'2025-07-27 11:30:11.996237',	'{"id": 524, "state": "INACTIVO", "total": 95, "advance": true, "pending": 85.5, "discount": 9.5, "datetimeEnd": "2025-03-24T22:50:00.000Z", "discountType": "TOTAL", "datetimeStart": "2025-03-24T22:00:00.000Z"}',	'{"observation": ""}'),
(1112,	4,	'Appointment',	'ACTUALIZAR',	'Register cash payment for an appointment',	'2025-07-27 11:30:14.006057',	'{"id": 523, "state": "CANCELADO", "total": 200, "advance": true, "pending": 200, "discount": 0, "datetimeEnd": "2025-04-01T21:00:00.000Z", "discountType": "NINGUNO", "datetimeStart": "2025-04-01T20:00:00.000Z"}',	'{"observation": ""}'),
(1113,	4,	'Appointment',	'ACTUALIZAR',	'Register cash payment for an appointment',	'2025-07-27 11:30:22.155947',	'{"id": 521, "state": "CANCELADO", "total": 95, "advance": true, "pending": 95, "discount": 0, "datetimeEnd": "2025-03-27T16:50:00.000Z", "discountType": "NINGUNO", "datetimeStart": "2025-03-27T16:00:00.000Z"}',	'{"observation": ""}'),
(1114,	4,	'Appointment',	'ACTUALIZAR',	'Register cash payment for an appointment',	'2025-07-27 11:30:24.306491',	'{"id": 520, "state": "CANCELADO", "total": 95, "advance": true, "pending": 95, "discount": 0, "datetimeEnd": "2025-03-27T16:50:00.000Z", "discountType": "NINGUNO", "datetimeStart": "2025-03-27T16:00:00.000Z"}',	'{"observation": ""}'),
(1115,	4,	'Appointment',	'ACTUALIZAR',	'Register cash payment for an appointment',	'2025-07-27 11:30:29.40619',	'{"id": 518, "state": "CANCELADO", "total": 95, "advance": true, "pending": 95, "discount": 0, "datetimeEnd": "2025-03-10T20:50:00.000Z", "discountType": "NINGUNO", "datetimeStart": "2025-03-10T20:00:00.000Z"}',	'{"observation": ""}'),
(1116,	4,	'Appointment',	'ACTUALIZAR',	'Register cash payment for an appointment',	'2025-07-27 11:32:54.055042',	'{"id": 517, "state": "CANCELADO", "total": 95, "advance": true, "pending": 90.25, "discount": 4.75, "datetimeEnd": "2025-03-10T20:50:00.000Z", "discountType": "PARCIAL", "datetimeStart": "2025-03-10T20:00:00.000Z"}',	'{"observation": ""}'),
(1117,	4,	'Appointment',	'ACTUALIZAR',	'Register cash payment for an appointment',	'2025-07-27 11:32:56.095046',	'{"id": 515, "state": "CANCELADO", "total": 90, "advance": true, "pending": 90, "discount": 0, "datetimeEnd": "2025-03-11T18:30:00.000Z", "discountType": "NINGUNO", "datetimeStart": "2025-03-11T18:00:00.000Z"}',	'{"observation": ""}'),
(1118,	4,	'Appointment',	'ACTUALIZAR',	'Register cash payment for an appointment',	'2025-07-27 11:32:58.665551',	'{"id": 514, "state": "CANCELADO", "total": 70, "advance": true, "pending": 70, "discount": 0, "datetimeEnd": "2025-03-26T18:50:00.000Z", "discountType": "NINGUNO", "datetimeStart": "2025-03-26T18:00:00.000Z"}',	'{"observation": ""}'),
(1119,	4,	'Appointment',	'ACTUALIZAR',	'Register cash payment for an appointment',	'2025-07-27 11:33:01.20476',	'{"id": 512, "state": "CANCELADO", "total": 95, "advance": true, "pending": 90.25, "discount": 4.75, "datetimeEnd": "2025-03-10T22:50:00.000Z", "discountType": "PARCIAL", "datetimeStart": "2025-03-10T22:00:00.000Z"}',	'{"observation": ""}'),
(1120,	4,	'Appointment',	'ACTUALIZAR',	'Register cash payment for an appointment',	'2025-07-27 11:33:03.075083',	'{"id": 510, "state": "CANCELADO", "total": 80, "advance": true, "pending": 80, "discount": 0, "datetimeEnd": "2025-04-03T19:00:00.000Z", "discountType": "NINGUNO", "datetimeStart": "2025-04-03T18:00:00.000Z"}',	'{"observation": ""}'),
(1121,	4,	'Appointment',	'ACTUALIZAR',	'Register cash payment for an appointment',	'2025-07-27 11:33:04.886093',	'{"id": 509, "state": "CANCELADO", "total": 95, "advance": true, "pending": 95, "discount": 0, "datetimeEnd": "2025-03-27T16:50:00.000Z", "discountType": "NINGUNO", "datetimeStart": "2025-03-27T16:00:00.000Z"}',	'{"observation": ""}'),
(1122,	4,	'Appointment',	'ACTUALIZAR',	'Register cash payment for an appointment',	'2025-07-27 11:33:06.793877',	'{"id": 508, "state": "COMPLETADO", "total": 100, "advance": true, "pending": 100, "discount": 0, "datetimeEnd": "2025-03-06T16:50:00.000Z", "discountType": "NINGUNO", "datetimeStart": "2025-03-06T16:00:00.000Z"}',	'{"observation": ""}'),
(1123,	4,	'Appointment',	'ACTUALIZAR',	'Register cash payment for an appointment',	'2025-07-27 11:33:08.851116',	'{"id": 507, "state": "MOROSO", "total": 100, "advance": true, "pending": 100, "discount": 0, "datetimeEnd": "2025-03-27T22:50:00.000Z", "discountType": "NINGUNO", "datetimeStart": "2025-03-27T22:00:00.000Z"}',	'{"observation": ""}'),
(1124,	4,	'Appointment',	'ACTUALIZAR',	'Register cash payment for an appointment',	'2025-07-27 11:33:11.261562',	'{"id": 506, "state": "COMPLETADO", "total": 70, "advance": true, "pending": 70, "discount": 0, "datetimeEnd": "2025-03-05T22:50:00.000Z", "discountType": "NINGUNO", "datetimeStart": "2025-03-05T22:00:00.000Z"}',	'{"observation": ""}'),
(1125,	4,	'Appointment',	'ACTUALIZAR',	'Register cash payment for an appointment',	'2025-07-27 11:33:13.751261',	'{"id": 504, "state": "CANCELADO", "total": 80, "advance": true, "pending": 76, "discount": 4, "datetimeEnd": "2025-03-03T18:00:00.000Z", "discountType": "PARCIAL", "datetimeStart": "2025-03-03T17:00:00.000Z"}',	'{"observation": ""}'),
(1126,	4,	'Auth',	'LOGIN',	'Inicio de sesin para devops@glamadates.com',	'2025-07-27 12:41:43.139339',	NULL,	NULL),
(1127,	4,	'Appointment',	'ACTUALIZAR',	'Register cash payment for an appointment',	'2025-07-27 12:42:21.052753',	'{"id": 502, "state": "COMPLETADO", "total": 70, "advance": true, "pending": 63, "discount": 7, "datetimeEnd": "2025-02-28T22:50:00.000Z", "discountType": "TOTAL", "datetimeStart": "2025-02-28T22:00:00.000Z"}',	'{"observation": ""}'),
(1128,	4,	'Appointment',	'ACTUALIZAR',	'Register cash payment for an appointment',	'2025-07-27 12:42:24.4325',	'{"id": 501, "state": "CANCELADO", "total": 95, "advance": true, "pending": 85.5, "discount": 9.5, "datetimeEnd": "2025-02-26T20:20:00.000Z", "discountType": "TOTAL", "datetimeStart": "2025-02-26T19:30:00.000Z"}',	'{"observation": ""}'),
(1129,	4,	'Appointment',	'ACTUALIZAR',	'Register cash payment for an appointment',	'2025-07-27 12:42:26.492515',	'{"id": 496, "state": "CANCELADO", "total": 70, "advance": true, "pending": 70, "discount": 0, "datetimeEnd": "2025-02-28T22:50:00.000Z", "discountType": "NINGUNO", "datetimeStart": "2025-02-28T22:00:00.000Z"}',	'{"observation": ""}'),
(1130,	4,	'Appointment',	'ACTUALIZAR',	'Register cash payment for an appointment',	'2025-07-27 12:42:30.202219',	'{"id": 495, "state": "CANCELADO", "total": 95, "advance": true, "pending": 95, "discount": 0, "datetimeEnd": "2025-02-28T21:50:00.000Z", "discountType": "NINGUNO", "datetimeStart": "2025-02-28T21:00:00.000Z"}',	'{"observation": ""}'),
(1131,	4,	'Appointment',	'ACTUALIZAR',	'Register cash payment for an appointment',	'2025-07-27 12:42:33.212644',	'{"id": 494, "state": "CANCELADO", "total": 80, "advance": true, "pending": 80, "discount": 0, "datetimeEnd": "2025-02-28T22:00:00.000Z", "discountType": "NINGUNO", "datetimeStart": "2025-02-28T21:00:00.000Z"}',	'{"observation": ""}'),
(1132,	4,	'Appointment',	'ACTUALIZAR',	'Register cash payment for an appointment',	'2025-07-27 12:42:35.834905',	'{"id": 493, "state": "CANCELADO", "total": 80, "advance": true, "pending": 80, "discount": 0, "datetimeEnd": "2025-02-28T22:00:00.000Z", "discountType": "NINGUNO", "datetimeStart": "2025-02-28T21:00:00.000Z"}',	'{"observation": ""}'),
(1133,	4,	'Appointment',	'ACTUALIZAR',	'Register cash payment for an appointment',	'2025-07-27 12:42:38.313092',	'{"id": 492, "state": "CANCELADO", "total": 80, "advance": true, "pending": 80, "discount": 0, "datetimeEnd": "2025-02-28T22:00:00.000Z", "discountType": "NINGUNO", "datetimeStart": "2025-02-28T21:00:00.000Z"}',	'{"observation": ""}'),
(1134,	4,	'Appointment',	'ACTUALIZAR',	'Register cash payment for an appointment',	'2025-07-27 12:42:40.781873',	'{"id": 491, "state": "CANCELADO", "total": 80, "advance": true, "pending": 80, "discount": 0, "datetimeEnd": "2025-02-28T22:00:00.000Z", "discountType": "NINGUNO", "datetimeStart": "2025-02-28T21:00:00.000Z"}',	'{"observation": ""}'),
(1135,	4,	'Appointment',	'ACTUALIZAR',	'Register cash payment for an appointment',	'2025-07-27 12:42:43.052156',	'{"id": 490, "state": "CANCELADO", "total": 95, "advance": true, "pending": 95, "discount": 0, "datetimeEnd": "2025-02-28T21:50:00.000Z", "discountType": "NINGUNO", "datetimeStart": "2025-02-28T21:00:00.000Z"}',	'{"observation": ""}'),
(1180,	4,	'Service',	'CREAR',	'Create Service',	'2025-07-28 10:23:02.911582',	NULL,	'{"name": "masaje relajante maximo", "price": 600, "category": "10", "duration": 30, "description": "masaje relajante maximo"}'),
(1136,	4,	'Appointment',	'ACTUALIZAR',	'Register cash payment for an appointment',	'2025-07-27 12:42:45.151646',	'{"id": 489, "state": "CANCELADO", "total": 80, "advance": true, "pending": 80, "discount": 0, "datetimeEnd": "2025-02-28T22:00:00.000Z", "discountType": "NINGUNO", "datetimeStart": "2025-02-28T21:00:00.000Z"}',	'{"observation": ""}'),
(1138,	4,	'Appointment',	'ACTUALIZAR',	'Register cash payment for an appointment',	'2025-07-27 12:42:49.022157',	'{"id": 487, "state": "COMPLETADO", "total": 95, "advance": true, "pending": 95, "discount": 0, "datetimeEnd": "2025-02-20T14:50:00.000Z", "discountType": "NINGUNO", "datetimeStart": "2025-02-20T14:00:00.000Z"}',	'{"observation": ""}'),
(1137,	4,	'Appointment',	'ACTUALIZAR',	'Register cash payment for an appointment',	'2025-07-27 12:42:47.301886',	'{"id": 488, "state": "CANCELADO", "total": 95, "advance": true, "pending": 95, "discount": 0, "datetimeEnd": "2025-02-28T21:50:00.000Z", "discountType": "NINGUNO", "datetimeStart": "2025-02-28T21:00:00.000Z"}',	'{"observation": ""}'),
(1139,	4,	'Appointment',	'ACTUALIZAR',	'Register cash payment for an appointment',	'2025-07-27 12:42:50.922034',	'{"id": 486, "state": "COMPLETADO", "total": 95, "advance": true, "pending": 95, "discount": 0, "datetimeEnd": "2025-02-20T14:50:00.000Z", "discountType": "NINGUNO", "datetimeStart": "2025-02-20T14:00:00.000Z"}',	'{"observation": ""}'),
(1140,	4,	'Appointment',	'ACTUALIZAR',	'Register cash payment for an appointment',	'2025-07-27 12:42:53.112389',	'{"id": 485, "state": "CANCELADO", "total": 95, "advance": true, "pending": 95, "discount": 0, "datetimeEnd": "2025-02-28T21:50:00.000Z", "discountType": "NINGUNO", "datetimeStart": "2025-02-28T21:00:00.000Z"}',	'{"observation": ""}'),
(1141,	4,	'Appointment',	'ACTUALIZAR',	'Register cash payment for an appointment',	'2025-07-27 12:42:55.212899',	'{"id": 484, "state": "CANCELADO", "total": 80, "advance": true, "pending": 80, "discount": 0, "datetimeEnd": "2025-02-28T19:30:00.000Z", "discountType": "NINGUNO", "datetimeStart": "2025-02-28T18:30:00.000Z"}',	'{"observation": ""}'),
(1142,	4,	'Appointment',	'ACTUALIZAR',	'Register cash payment for an appointment',	'2025-07-27 12:42:57.492528',	'{"id": 483, "state": "CANCELADO", "total": 120, "advance": true, "pending": 120, "discount": 0, "datetimeEnd": "2025-02-28T20:20:00.000Z", "discountType": "NINGUNO", "datetimeStart": "2025-02-28T19:00:00.000Z"}',	'{"observation": ""}'),
(1143,	15,	'Auth',	'LOGIN',	'Inicio de sesin para facialpro@glamadates.com',	'2025-07-27 12:43:52.63856',	NULL,	NULL),
(1144,	15,	'appointment',	'COMPLETAR_TURNO',	NULL,	'2025-07-27 12:44:20.77692',	'{"detail": {"id": 607, "isCompleted": true}, "estado": "EN PROGRESO - PAGADO"}',	'{"detail": {"id": 607, "isCompleted": true}, "estado": "EN PROGRESO - PAGADO"}'),
(1145,	15,	'appointment',	'COMPLETAR_TURNO',	NULL,	'2025-07-27 12:44:31.526556',	'{"detail": {"id": 621, "isCompleted": false}, "estado": "ACTIVO"}',	'{"detail": {"id": 621, "isCompleted": true}, "estado": "COMPLETADO"}'),
(1146,	15,	'appointment',	'COMPLETAR_TURNO',	NULL,	'2025-07-27 12:44:40.908554',	'{"detail": {"id": 569, "isCompleted": false}, "estado": "ACTIVO"}',	'{"detail": {"id": 569, "isCompleted": true}, "estado": "EN PROGRESO - PAGADO"}'),
(1147,	4,	'Auth',	'LOGIN',	'Inicio de sesin para devops@glamadates.com',	'2025-07-27 12:50:28.224808',	NULL,	NULL),
(1148,	18,	'Auth',	'LOGIN',	'Inicio de sesin para ailen@glamadates.com',	'2025-07-28 07:27:29.978751',	NULL,	NULL),
(1149,	18,	'Appointment',	'CREAR',	'Create a new appointment',	'2025-07-28 07:37:57.427614',	NULL,	'{"advance": true, "package": "5", "discount": null, "datetimeStart": "2025-07-28T11:30:00.000Z"}'),
(1150,	18,	'Appointment',	'CREAR',	'Create a new appointment',	'2025-07-28 07:48:18.680176',	NULL,	'{"advance": true, "package": "23", "discount": 1, "datetimeStart": "2025-07-28T11:30:00.000Z"}'),
(1151,	18,	'Appointment',	'CREAR',	'Create a new appointment',	'2025-07-28 07:50:24.398461',	NULL,	'{"advance": true, "package": "5", "discount": null, "datetimeStart": "2025-08-11T22:00:00.000Z"}'),
(1152,	18,	'Payment',	'CREAR',	'Save payment information',	'2025-07-28 07:50:55.74122',	NULL,	'{"paymentId": "1324214482", "paymentUrl": "2243585522-d234f239-9bb0-47cf-87a0-226e863cd4a7"}'),
(1153,	18,	'Payment',	'CREAR',	'Save payment information',	'2025-07-28 07:50:55.767164',	NULL,	'{"paymentId": "1324214482", "paymentUrl": "2243585522-d234f239-9bb0-47cf-87a0-226e863cd4a7"}'),
(1154,	4,	'Auth',	'LOGIN',	'Inicio de sesin para devops@glamadates.com',	'2025-07-28 07:53:08.372333',	NULL,	NULL),
(1155,	4,	'Appointment',	'ACTUALIZAR',	'Update pending appointments to inactive',	'2025-07-28 07:53:51.127244',	NULL,	'{}'),
(1156,	4,	'Appointment',	'ACTUALIZAR',	'Update pending appointments to inactive',	'2025-07-28 08:12:28.849223',	NULL,	'{}'),
(1157,	4,	'Appointment',	'ACTUALIZAR',	'Update pending appointments to inactive',	'2025-07-28 08:14:35.278989',	NULL,	'{}'),
(1158,	4,	'Appointment',	'ACTUALIZAR',	'Update pending appointments to inactive',	'2025-07-28 08:16:07.100598',	NULL,	'{}'),
(1159,	4,	'Appointment',	'ACTUALIZAR',	'Update pending appointments to inactive',	'2025-07-28 08:18:17.067544',	NULL,	'{}'),
(1160,	18,	'Auth',	'LOGIN',	'Inicio de sesin para ailen@glamadates.com',	'2025-07-28 08:20:39.650416',	NULL,	NULL),
(1161,	18,	'Appointment',	'CREAR',	'Create a new appointment',	'2025-07-28 08:24:01.648035',	NULL,	'{"advance": true, "package": "5", "discount": null, "datetimeStart": "2025-07-28T12:00:00.000Z"}'),
(1162,	18,	'Appointment',	'CREAR',	'Create a new appointment',	'2025-07-28 08:24:19.153452',	NULL,	'{"advance": true, "package": "23", "discount": 1, "datetimeStart": "2025-07-28T12:00:00.000Z"}'),
(1163,	18,	'Appointment',	'CREAR',	'Create a new appointment',	'2025-07-28 08:39:40.690343',	NULL,	'{"advance": true, "package": "6", "discount": null, "datetimeStart": "2025-08-21T20:00:00.000Z"}'),
(1165,	18,	'Payment',	'CREAR',	'Save payment information',	'2025-07-28 08:39:59.703091',	NULL,	'{"paymentId": "1324215532", "paymentUrl": "2243585522-7728aeeb-96ae-4b44-ad06-abdf96a6295d"}'),
(1164,	18,	'Payment',	'CREAR',	'Save payment information',	'2025-07-28 08:39:59.702494',	NULL,	'{"paymentId": "1324215532", "paymentUrl": "2243585522-7728aeeb-96ae-4b44-ad06-abdf96a6295d"}'),
(1166,	18,	'Appointment',	'CREAR',	'Create a new appointment',	'2025-07-28 08:40:35.74749',	NULL,	'{"advance": true, "package": "7", "discount": null, "datetimeStart": "2025-08-19T22:00:00.000Z"}'),
(1167,	18,	'Appointment',	'CREAR',	'Create a new appointment',	'2025-07-28 08:40:57.70665',	NULL,	'{"advance": true, "package": "5", "discount": null, "datetimeStart": "2025-08-14T18:00:00.000Z"}'),
(1168,	18,	'Appointment',	'CREAR',	'Create a new appointment',	'2025-07-28 08:41:19.610555',	NULL,	'{"advance": true, "package": "3", "discount": null, "datetimeStart": "2025-08-22T22:00:00.000Z"}'),
(1169,	18,	'Payment',	'CREAR',	'Save payment information',	'2025-07-28 08:41:40.424781',	NULL,	'{"paymentId": "1324215548", "paymentUrl": "2243585522-6ce1842c-423d-4c37-a1f4-aaa63a783adf"}'),
(1170,	18,	'Payment',	'CREAR',	'Save payment information',	'2025-07-28 08:41:40.425384',	NULL,	'{"paymentId": "1324215548", "paymentUrl": "2243585522-6ce1842c-423d-4c37-a1f4-aaa63a783adf"}'),
(1171,	18,	'Appointment',	'CREAR',	'Create a new appointment',	'2025-07-28 08:42:02.973097',	NULL,	'{"advance": true, "package": "2", "discount": null, "datetimeStart": "2025-08-13T20:00:00.000Z"}'),
(1173,	18,	'Payment',	'CREAR',	'Save payment information',	'2025-07-28 08:45:21.448609',	NULL,	'{"paymentId": "120134769284", "paymentUrl": "2243585522-3d71944c-fecb-4195-b386-bf8e4b65a069"}'),
(1172,	18,	'Payment',	'CREAR',	'Save payment information',	'2025-07-28 08:45:21.446403',	NULL,	'{"paymentId": "120134769284", "paymentUrl": "2243585522-3d71944c-fecb-4195-b386-bf8e4b65a069"}'),
(1174,	18,	'Appointment',	'ACTUALIZAR',	'Rearrange appointment',	'2025-07-28 08:52:56.247176',	'{"id": 683, "state": "ACTIVO", "total": 70, "advance": true, "pending": 0, "discount": 0, "datetimeEnd": "2025-08-11T22:50:00.000Z", "discountType": "NINGUNO", "datetimeStart": "2025-08-11T22:00:00.000Z"}',	'{"id": 683, "datetimeOld": "2025-08-11T22:00:00.000Z", "datetimeStart": "2025-07-28T22:00:00.000Z"}'),
(1175,	18,	'Appointment',	'ACTUALIZAR',	'Rearrange appointment',	'2025-07-28 08:54:42.235979',	'{"id": 686, "state": "ACTIVO", "total": 100, "advance": true, "pending": 0, "discount": 0, "datetimeEnd": "2025-08-21T20:50:00.000Z", "discountType": "NINGUNO", "datetimeStart": "2025-08-21T20:00:00.000Z"}',	'{"id": 686, "datetimeEnd": "2025-08-11T22:00:00.000Z", "datetimeStart": "2025-08-11T22:00:00.000Z"}'),
(1176,	18,	'Appointment',	'ACTUALIZAR',	'Cancel appointment',	'2025-07-28 08:59:38.994183',	'{"id": 688, "state": "PENDIENTE", "total": 70, "advance": true, "pending": 70, "discount": 0, "datetimeEnd": "2025-08-14T18:50:00.000Z", "discountType": "NINGUNO", "datetimeStart": "2025-08-14T18:00:00.000Z"}',	'{}'),
(1177,	15,	'Auth',	'LOGIN',	'Inicio de sesin para facialpro@glamadates.com',	'2025-07-28 09:07:02.62383',	NULL,	NULL),
(1178,	4,	'Auth',	'LOGIN',	'Inicio de sesin para devops@glamadates.com',	'2025-07-28 10:08:19.955648',	NULL,	NULL),
(1181,	4,	'Service',	'BORRAR',	'Delete Service',	'2025-07-28 10:26:53.53361',	'{"id": 26, "name": "masaje relajante maximo", "price": 600, "duration": 30, "description": "masaje relajante maximo"}',	'{}'),
(1182,	4,	'Service',	'BORRAR',	'Delete Service',	'2025-07-28 10:26:58.564588',	'{"id": 25, "name": "prueba servicio", "price": 500, "duration": 30, "description": "descripcion de prueba"}',	'{}'),
(1183,	4,	'Payment',	'ACTUALIZAR',	'Cancel a payment',	'2025-07-28 10:33:36.212474',	'{"id": 382, "amount": 70, "status": "COMPLETADO", "datetime": "2025-06-19T04:12:44.425Z", "paymentURL": "2243585522-4b09739d-8a33-4c76-ad45-a9744c098748", "observation": "", "paymentType": "TOTAL", "paymentMethod": "MERCADOPAGO", "transactionId": "1337910147"}',	'{"observation": "cancelando"}'),
(1184,	18,	'Auth',	'LOGIN',	'Inicio de sesin para ailen@glamadates.com',	'2025-07-28 15:14:23.1108',	NULL,	NULL),
(1185,	4,	'Auth',	'LOGIN',	'Inicio de sesin para devops@glamadates.com',	'2025-07-28 15:37:54.25716',	NULL,	NULL),
(1186,	18,	'Auth',	'LOGIN',	'Inicio de sesin para ailen@glamadates.com',	'2025-07-28 15:55:08.075509',	NULL,	NULL),
(1187,	15,	'Auth',	'LOGIN',	'Inicio de sesin para facialpro@glamadates.com',	'2025-07-28 15:59:36.205975',	NULL,	NULL),
(1188,	15,	'appointment',	'COMPLETAR_TURNO',	NULL,	'2025-07-28 15:59:52.337703',	'{"detail": {"id": 630, "isCompleted": false}, "estado": "PENDIENTE"}',	'{"detail": {"id": 630, "isCompleted": true}, "estado": "MOROSO"}'),
(1189,	15,	'appointment',	'COMPLETAR_TURNO',	NULL,	'2025-07-28 16:00:02.847733',	'{"detail": {"id": 632, "isCompleted": false}, "estado": "ACTIVO"}',	'{"detail": {"id": 632, "isCompleted": true}, "estado": "EN PROGRESO - PAGADO"}'),
(1190,	14,	'Auth',	'LOGIN',	'Inicio de sesin para pelpro@glamadates.com',	'2025-07-28 16:01:03.23265',	NULL,	NULL),
(1191,	14,	'appointment',	'COMPLETAR_TURNO',	NULL,	'2025-07-28 16:01:07.960447',	'{"detail": {"id": 631, "isCompleted": false}, "estado": "EN PROGRESO - PAGADO"}',	'{"detail": {"id": 631, "isCompleted": true}, "estado": "COMPLETADO"}'),
(1192,	18,	'Auth',	'LOGIN',	'Inicio de sesin para ailen@glamadates.com',	'2025-07-28 16:29:02.792178',	NULL,	NULL),
(1193,	18,	'Appointment',	'CREAR',	'Create a new appointment',	'2025-07-28 16:32:51.968896',	NULL,	'{"advance": true, "package": "23", "discount": 1, "datetimeStart": "2025-07-28T20:00:00.000Z"}'),
(1194,	18,	'Appointment',	'CREAR',	'Create a new appointment',	'2025-07-28 16:35:05.801709',	NULL,	'{"advance": true, "package": "5", "discount": null, "datetimeStart": "2025-08-20T22:00:00.000Z"}'),
(1195,	18,	'Payment',	'CREAR',	'Save payment information',	'2025-07-28 16:35:31.633312',	NULL,	'{"paymentId": "1339847891", "paymentUrl": "2243585522-f83595a6-c6d8-4288-9a01-91250713c55d"}'),
(1196,	18,	'Payment',	'CREAR',	'Save payment information',	'2025-07-28 16:35:31.643092',	NULL,	'{"paymentId": "1339847891", "paymentUrl": "2243585522-f83595a6-c6d8-4288-9a01-91250713c55d"}'),
(1197,	18,	'Appointment',	'ACTUALIZAR',	'Rearrange appointment',	'2025-07-28 16:36:44.717388',	'{"id": 692, "state": "ACTIVO", "total": 70, "advance": true, "pending": 0, "discount": 0, "datetimeEnd": "2025-08-20T22:50:00.000Z", "discountType": "NINGUNO", "datetimeStart": "2025-08-20T22:00:00.000Z"}',	'{"id": 692, "datetimeOld": "2025-08-20T22:00:00.000Z", "datetimeStart": "2025-07-28T20:00:00.000Z"}'),
(1198,	18,	'Appointment',	'ACTUALIZAR',	'Rearrange appointment',	'2025-07-28 16:38:47.566267',	'{"id": 686, "state": "ACTIVO", "total": 100, "advance": true, "pending": 0, "discount": 0, "datetimeEnd": "2025-08-11T22:50:00.000Z", "discountType": "NINGUNO", "datetimeStart": "2025-08-11T22:00:00.000Z"}',	'{"id": 686, "datetimeEnd": "2025-08-20T22:00:00.000Z", "datetimeStart": "2025-08-20T22:00:00.000Z"}'),
(1200,	18,	'Payment',	'CREAR',	'Save payment information',	'2025-07-28 16:40:05.294413',	NULL,	'{"paymentId": "119667870271", "paymentUrl": "2243585522-f83595a6-c6d8-4288-9a01-91250713c55d"}'),
(1199,	18,	'Payment',	'CREAR',	'Save payment information',	'2025-07-28 16:40:05.293462',	NULL,	'{"paymentId": "119667870271", "paymentUrl": "2243585522-f83595a6-c6d8-4288-9a01-91250713c55d"}'),
(1201,	18,	'Appointment',	'ACTUALIZAR',	'Cancel appointment',	'2025-07-28 16:40:23.674498',	'{"id": 690, "state": "PENDIENTE", "total": 120, "advance": true, "pending": 120, "discount": 0, "datetimeEnd": "2025-08-13T21:20:00.000Z", "discountType": "NINGUNO", "datetimeStart": "2025-08-13T20:00:00.000Z"}',	'{}'),
(1202,	15,	'Auth',	'LOGIN',	'Inicio de sesin para facialpro@glamadates.com',	'2025-07-28 16:41:13.18426',	NULL,	NULL),
(1203,	15,	'appointment',	'COMPLETAR_TURNO',	NULL,	'2025-07-28 16:42:04.70555',	'{"detail": {"id": 629, "isCompleted": false}, "estado": "ACTIVO"}',	'{"detail": {"id": 629, "isCompleted": true}, "estado": "COMPLETADO"}'),
(1204,	15,	'appointment',	'COMPLETAR_TURNO',	NULL,	'2025-07-28 16:42:43.569451',	'{"detail": {"id": 639, "isCompleted": false}, "estado": "PENDIENTE"}',	'{"detail": {"id": 639, "isCompleted": true}, "estado": "EN PROGRESO - NO PAGADO"}'),
(1205,	4,	'Auth',	'LOGIN',	'Inicio de sesin para devops@glamadates.com',	'2025-07-28 16:43:35.198969',	NULL,	NULL),
(1206,	4,	'Appointment',	'ACTUALIZAR',	'Register cash payment for an appointment',	'2025-07-28 16:45:25.071495',	'{"id": 691, "state": "EN PROGRESO - NO PAGADO", "total": 195, "advance": true, "pending": 136.5, "discount": 58.5, "datetimeEnd": "2025-07-28T21:40:00.000Z", "discountType": "TOTAL", "datetimeStart": "2025-07-28T20:00:00.000Z"}',	'{"observation": "pago en efectivo"}'),
(1207,	4,	'Appointment',	'ACTUALIZAR',	'Update professional and workstation details of an appointment',	'2025-07-28 16:46:41.972178',	'{"id": 640, "state": "COMPLETADO", "total": 95, "advance": true, "pending": 0, "discount": 19, "datetimeEnd": "2025-06-17T15:50:00.000Z", "discountType": "PARCIAL", "datetimeStart": "2025-06-17T15:00:00.000Z"}',	'{"employee": "15", "workstation": "8"}'),
(1208,	4,	'Appointment',	'ACTUALIZAR',	'Update pending appointments to inactive',	'2025-07-28 16:48:06.655384',	NULL,	'{}'),
(1209,	4,	'Payment',	'ACTUALIZAR',	'Cancel a payment',	'2025-07-28 16:53:17.705583',	'{"id": 404, "amount": 80, "status": "COMPLETADO", "datetime": "2025-07-28T11:41:40.253Z", "paymentURL": "2243585522-6ce1842c-423d-4c37-a1f4-aaa63a783adf", "observation": "", "paymentType": "TOTAL", "paymentMethod": "MERCADOPAGO", "transactionId": "1324215548"}',	'{"observation": "cancelacion por falta"}'),
(1210,	4,	'Auth',	'LOGIN',	'Inicio de sesin para devops@glamadates.com',	'2025-07-28 17:16:11.541613',	NULL,	NULL);

DROP TABLE IF EXISTS "categories";
DROP SEQUENCE IF EXISTS categories_id_seq;
CREATE SEQUENCE categories_id_seq INCREMENT 1 MINVALUE 1 MAXVALUE 2147483647 CACHE 1;

CREATE TABLE "public"."categories" (
    "id" integer DEFAULT nextval('categories_id_seq') NOT NULL,
    "name" character varying(45) NOT NULL,
    "description" character varying(200),
    "created_at" timestamp DEFAULT now(),
    "updated_at" timestamp DEFAULT now(),
    "deleted_at" timestamp,
    CONSTRAINT "PK_24dbc6126a28ff948da33e97d3b" PRIMARY KEY ("id")
) WITH (oids = false);

TRUNCATE "categories";
INSERT INTO "categories" ("id", "name", "description", "created_at", "updated_at", "deleted_at") VALUES
(1,	'Peluqueria',	NULL,	'2024-12-14 09:51:54.815404',	'2024-12-14 09:51:54.815404',	NULL),
(2,	'Estetica facial',	NULL,	'2024-12-14 09:52:17.845613',	'2024-12-14 09:52:17.845613',	NULL),
(3,	'Estetica corporal',	NULL,	'2024-12-14 09:52:30.984659',	'2024-12-14 09:52:30.984659',	NULL),
(4,	'Depilacion',	NULL,	'2024-12-14 09:53:06.654127',	'2024-12-14 09:53:06.654127',	NULL),
(5,	'Manicura',	NULL,	'2024-12-14 09:53:21.674661',	'2024-12-14 09:53:21.674661',	NULL),
(6,	'Pedicura',	NULL,	'2024-12-14 09:53:27.595508',	'2024-12-14 09:53:27.595508',	NULL),
(7,	'Maquillaje',	NULL,	'2024-12-14 09:54:01.117922',	'2024-12-14 09:54:01.117922',	NULL),
(8,	'Extensiones de pestaas',	NULL,	'2024-12-14 09:54:17.254806',	'2024-12-14 09:54:17.254806',	NULL),
(9,	'Diseo de cejas',	NULL,	'2024-12-14 09:54:26.098083',	'2024-12-14 09:54:26.098083',	NULL),
(10,	'Masajes',	NULL,	'2024-12-14 09:58:48.365365',	'2024-12-14 09:58:48.365365',	NULL),
(11,	'probando',	'describiendo prueba',	'2025-06-02 14:10:25.549',	'2025-06-02 14:11:11.85885',	'2025-06-02 14:11:11.85885'),
(12,	'IA ',	'describiendo prueba',	'2025-06-02 14:14:12.459',	'2025-06-02 14:14:16.215183',	'2025-06-02 14:14:16.215183'),
(13,	'a',	'',	'2025-06-02 14:27:00.607',	'2025-06-02 14:27:06.332636',	'2025-06-02 14:27:06.332636'),
(14,	'h',	'',	'2025-06-02 14:35:00.951',	'2025-06-02 14:35:06.273105',	'2025-06-02 14:35:06.273105'),
(15,	'fff',	'',	'2025-06-02 14:40:29.098',	'2025-06-02 14:41:10.261892',	'2025-06-02 14:41:10.261892'),
(16,	'sd',	'',	'2025-06-02 14:45:15.204',	'2025-06-02 15:01:48.855119',	'2025-06-02 15:01:48.855119'),
(23,	'amor',	'amor a la vida y a la muerte',	'2025-06-03 09:29:20.014',	'2025-06-03 09:30:12.597414',	'2025-06-03 09:30:12.597414'),
(22,	'f',	'en el chat',	'2025-06-03 09:25:05.97',	'2025-06-03 09:44:15.32336',	'2025-06-03 09:44:15.32336'),
(21,	'luna',	'',	'2025-06-03 09:16:52.92',	'2025-06-03 10:41:26.18262',	'2025-06-03 10:41:26.18262'),
(20,	'mm',	'',	'2025-06-03 09:12:28.905',	'2025-06-03 10:42:11.525083',	'2025-06-03 10:42:11.525083'),
(19,	'lll',	'',	'2025-06-02 17:27:27.011',	'2025-06-03 10:42:13.489609',	'2025-06-03 10:42:13.489609'),
(18,	'hhhh',	'',	'2025-06-02 16:55:12.794',	'2025-06-03 10:42:15.501603',	'2025-06-03 10:42:15.501603'),
(17,	'kkk',	'',	'2025-06-02 15:21:42.296',	'2025-06-03 10:42:18.22772',	'2025-06-03 10:42:18.22772'),
(24,	'wilson',	'',	'2025-06-03 11:54:44.589',	'2025-06-03 11:55:04.607918',	'2025-06-03 11:55:04.607918'),
(25,	'',	'',	'2025-06-19 01:50:33.941',	'2025-06-19 01:50:49.915424',	'2025-06-19 01:50:49.915424');

DROP TABLE IF EXISTS "categories_users_users";
CREATE TABLE "public"."categories_users_users" (
    "categoriesId" integer NOT NULL,
    "usersId" integer NOT NULL,
    CONSTRAINT "PK_86cd344863799578236e8557b28" PRIMARY KEY ("categoriesId", "usersId")
) WITH (oids = false);

CREATE INDEX "IDX_32ec81665c8769145fc15c6546" ON public.categories_users_users USING btree ("categoriesId");

CREATE INDEX "IDX_83d70976fcfb7143a39566876a" ON public.categories_users_users USING btree ("usersId");

TRUNCATE "categories_users_users";
INSERT INTO "categories_users_users" ("categoriesId", "usersId") VALUES
(1,	5),
(5,	6),
(6,	6),
(5,	7),
(6,	7),
(8,	7),
(9,	7),
(8,	8),
(9,	8),
(8,	9),
(9,	9),
(8,	10),
(9,	10),
(5,	11),
(6,	12),
(1,	13),
(1,	14),
(2,	15),
(5,	29),
(9,	29);

DROP TABLE IF EXISTS "details_appointments";
DROP SEQUENCE IF EXISTS details_appointments_id_seq;
CREATE SEQUENCE details_appointments_id_seq INCREMENT 1 MINVALUE 1 MAXVALUE 2147483647 CACHE 1;

CREATE TABLE "public"."details_appointments" (
    "id" integer DEFAULT nextval('details_appointments_id_seq') NOT NULL,
    "priceNow" double precision NOT NULL,
    "durationNow" integer NOT NULL,
    "datetimeStart" timestamp,
    "isCompleted" boolean DEFAULT false NOT NULL,
    "created_at" timestamp DEFAULT now(),
    "updated_at" timestamp DEFAULT now(),
    "deleted_at" timestamp,
    "appointmentId" integer NOT NULL,
    "employeeId" integer NOT NULL,
    "serviceId" integer NOT NULL,
    "workstationId" integer NOT NULL,
    CONSTRAINT "PK_c4b940ceed77fbd580a9e03caf0" PRIMARY KEY ("id")
) WITH (oids = false);

TRUNCATE "details_appointments";
INSERT INTO "details_appointments" ("id", "priceNow", "durationNow", "datetimeStart", "isCompleted", "created_at", "updated_at", "deleted_at", "appointmentId", "employeeId", "serviceId", "workstationId") VALUES
(224,	95,	50,	'2024-11-20 08:00:00',	'0',	'2025-02-03 13:59:55.831',	'2025-02-03 13:59:55.833496',	NULL,	286,	14,	1,	3),
(226,	70,	50,	'2024-12-10 08:00:00',	'0',	'2025-02-03 14:01:51.787',	'2025-02-03 14:01:51.789858',	NULL,	288,	15,	5,	8),
(229,	100,	50,	'2024-11-04 12:00:00',	'0',	'2025-02-03 14:08:50.595',	'2025-02-03 14:08:50.596057',	NULL,	292,	15,	6,	8),
(232,	95,	50,	'2024-11-12 12:00:00',	'0',	'2025-02-03 14:20:33.9',	'2025-02-03 14:20:33.900954',	NULL,	296,	14,	1,	3),
(233,	95,	50,	'2024-11-12 15:00:00',	'0',	'2025-02-03 14:20:40.019',	'2025-02-03 14:20:40.01953',	NULL,	297,	14,	1,	3),
(234,	95,	50,	'2024-11-13 15:00:00',	'0',	'2025-02-03 14:20:49.1',	'2025-02-03 14:20:49.100975',	NULL,	298,	14,	1,	2),
(235,	95,	50,	'2024-11-13 08:00:00',	'0',	'2025-02-03 14:20:57.006',	'2025-02-03 14:20:57.007196',	NULL,	299,	5,	1,	2),
(236,	95,	50,	'2024-11-20 08:00:00',	'0',	'2025-02-03 14:21:10.193',	'2025-02-03 14:21:10.194546',	NULL,	300,	5,	1,	2),
(237,	120,	80,	'2024-11-20 12:00:00',	'0',	'2025-02-03 14:21:28.073',	'2025-02-03 14:21:28.073914',	NULL,	301,	14,	2,	1),
(238,	120,	80,	'2024-11-28 12:00:00',	'0',	'2025-02-03 14:22:02.802',	'2025-02-03 14:22:02.802711',	NULL,	302,	14,	2,	3),
(241,	100,	50,	'2024-12-27 15:00:00',	'0',	'2025-02-03 14:22:49.111',	'2025-02-03 14:22:49.111654',	NULL,	306,	15,	6,	8),
(242,	95,	50,	'2024-12-27 15:00:00',	'0',	'2025-02-03 14:22:53.789',	'2025-02-03 14:22:53.789739',	NULL,	307,	5,	1,	1),
(243,	95,	50,	'2024-12-17 15:00:00',	'0',	'2025-02-03 14:23:09.378',	'2025-02-03 14:23:09.378701',	NULL,	308,	14,	1,	2),
(244,	95,	50,	'2024-12-17 08:00:00',	'0',	'2025-02-03 14:23:23.742',	'2025-02-03 14:23:23.743429',	NULL,	309,	5,	1,	2),
(245,	95,	50,	'2025-01-17 08:00:00',	'0',	'2025-02-03 14:23:39.826',	'2025-02-03 14:23:39.827456',	NULL,	310,	13,	1,	2),
(248,	95,	50,	'2025-01-17 12:00:00',	'0',	'2025-02-03 14:24:06.102',	'2025-02-03 14:24:06.10373',	NULL,	313,	13,	1,	2),
(249,	95,	50,	'2025-01-17 12:00:00',	'0',	'2025-02-03 14:24:07.8',	'2025-02-03 14:24:07.801957',	NULL,	314,	5,	1,	1),
(250,	95,	50,	'2025-01-17 12:00:00',	'0',	'2025-02-03 14:24:09.247',	'2025-02-03 14:24:09.247713',	NULL,	315,	14,	1,	3),
(251,	95,	50,	'2025-01-17 09:00:00',	'0',	'2025-02-03 14:24:25.385',	'2025-02-03 14:24:25.387024',	NULL,	316,	13,	1,	2),
(252,	95,	50,	'2025-01-01 09:00:00',	'0',	'2025-02-03 14:24:35.246',	'2025-02-03 14:24:35.247746',	NULL,	317,	13,	1,	1),
(253,	95,	50,	'2025-01-01 09:00:00',	'0',	'2025-02-03 14:24:37.351',	'2025-02-03 14:24:37.352526',	NULL,	318,	14,	1,	3),
(254,	95,	50,	'2025-01-02 09:00:00',	'0',	'2025-02-03 14:24:42.241',	'2025-02-03 14:24:42.242236',	NULL,	319,	5,	1,	1),
(255,	95,	50,	'2025-01-02 09:00:00',	'0',	'2025-02-03 14:24:44.978',	'2025-02-03 14:24:44.980044',	NULL,	320,	14,	1,	2),
(256,	120,	80,	'2025-01-02 09:00:00',	'0',	'2025-02-03 14:24:49.652',	'2025-02-03 14:24:49.654468',	NULL,	321,	13,	2,	3),
(257,	120,	80,	'2025-01-10 09:00:00',	'0',	'2025-02-03 14:25:06.186',	'2025-02-03 14:25:06.187751',	NULL,	322,	13,	2,	3),
(258,	120,	80,	'2025-01-10 09:00:00',	'0',	'2025-02-03 14:25:10.045',	'2025-02-03 14:25:10.046051',	NULL,	323,	5,	2,	1),
(259,	120,	80,	'2025-01-23 09:00:00',	'0',	'2025-02-03 14:25:18.264',	'2025-02-03 14:25:18.265122',	NULL,	324,	14,	2,	2),
(260,	120,	80,	'2025-01-23 09:00:00',	'0',	'2025-02-03 14:25:20.875',	'2025-02-03 14:25:20.876487',	NULL,	325,	5,	2,	3),
(261,	100,	50,	'2025-01-23 09:00:00',	'0',	'2025-02-03 14:25:26.858',	'2025-02-03 14:25:26.861102',	NULL,	326,	15,	6,	8),
(262,	100,	50,	'2025-01-28 09:00:00',	'0',	'2025-02-03 14:25:42.619',	'2025-02-03 14:25:42.620697',	NULL,	327,	15,	6,	8),
(263,	100,	50,	'2025-01-28 12:00:00',	'0',	'2025-02-03 14:25:49.557',	'2025-02-03 14:25:49.559493',	NULL,	328,	15,	6,	8),
(264,	95,	50,	'2025-01-28 12:00:00',	'0',	'2025-02-03 14:25:56.81',	'2025-02-03 14:25:56.812393',	NULL,	330,	14,	1,	2),
(265,	95,	50,	'2025-01-28 12:00:00',	'0',	'2025-02-03 14:25:59.095',	'2025-02-03 14:25:59.096858',	NULL,	331,	13,	1,	3),
(266,	95,	50,	'2025-01-29 12:00:00',	'0',	'2025-02-03 14:26:07.953',	'2025-02-03 14:26:07.955856',	NULL,	332,	14,	1,	3),
(267,	95,	50,	'2025-01-29 12:00:00',	'0',	'2025-02-03 14:26:10.357',	'2025-02-03 14:26:10.358762',	NULL,	333,	13,	1,	1),
(268,	95,	50,	'2025-01-30 12:00:00',	'0',	'2025-02-03 14:26:19.382',	'2025-02-03 14:26:19.386126',	NULL,	334,	13,	1,	3),
(269,	95,	50,	'2025-01-30 13:00:00',	'0',	'2025-02-03 14:26:23.996',	'2025-02-03 14:26:23.997647',	NULL,	335,	5,	1,	2),
(270,	95,	50,	'2025-01-30 13:00:00',	'0',	'2025-02-03 14:26:25.688',	'2025-02-03 14:26:25.690913',	NULL,	336,	13,	1,	1),
(272,	100,	50,	'2025-01-30 14:00:00',	'0',	'2025-02-03 14:26:37.717',	'2025-02-03 14:26:37.719265',	NULL,	339,	15,	6,	8),
(273,	100,	50,	'2025-01-31 14:00:00',	'0',	'2025-02-03 14:26:48.484',	'2025-02-03 14:26:48.486878',	NULL,	340,	15,	6,	8),
(274,	95,	50,	'2025-01-31 14:00:00',	'0',	'2025-02-03 14:26:52.619',	'2025-02-03 14:26:52.621368',	NULL,	341,	13,	1,	2),
(275,	95,	50,	'2025-01-31 14:00:00',	'0',	'2025-02-03 14:26:54.334',	'2025-02-03 14:26:54.33721',	NULL,	342,	5,	1,	1),
(276,	95,	50,	'2025-01-31 14:00:00',	'0',	'2025-02-03 14:26:56.201',	'2025-02-03 14:26:56.203044',	NULL,	343,	14,	1,	3),
(277,	95,	50,	'2025-02-03 17:00:00',	'0',	'2025-02-03 14:27:40.678',	'2025-02-03 14:27:40.681922',	NULL,	344,	14,	1,	2),
(279,	110,	60,	'2025-02-03 15:00:00',	'0',	'2025-02-03 14:28:07.468',	'2025-02-03 14:28:07.472595',	NULL,	346,	7,	14,	4),
(280,	80,	30,	'2025-02-03 19:00:00',	'0',	'2025-02-03 14:28:21.307',	'2025-02-03 14:28:21.311453',	NULL,	347,	12,	17,	6),
(282,	80,	30,	'2025-02-05 00:00:00',	'0',	'2025-02-03 14:28:52.256',	'2025-02-03 14:28:52.260762',	NULL,	349,	12,	17,	6),
(283,	80,	30,	'2025-02-26 00:30:00',	'0',	'2025-02-03 14:29:05.457',	'2025-02-03 14:29:05.459264',	NULL,	350,	12,	18,	6),
(284,	70,	50,	'2025-02-21 15:00:00',	'0',	'2025-02-03 14:29:49.355',	'2025-02-03 14:29:49.360215',	NULL,	351,	13,	4,	2),
(285,	80,	30,	'2025-02-25 00:30:00',	'0',	'2025-02-03 14:30:16.367',	'2025-02-03 14:30:16.373315',	NULL,	352,	12,	18,	6),
(287,	70,	50,	'2025-02-04 16:00:00',	'0',	'2025-02-03 17:35:47.277',	'2025-02-03 17:35:47.278821',	NULL,	354,	15,	5,	8),
(288,	70,	50,	'2025-02-04 17:00:00',	'0',	'2025-02-03 18:09:03.936',	'2025-02-03 18:09:03.937028',	NULL,	355,	15,	5,	8),
(289,	95,	50,	'2025-02-04 17:00:00',	'0',	'2025-02-04 16:49:50.218',	'2025-02-04 16:49:50.219423',	NULL,	356,	13,	1,	1),
(290,	95,	50,	'2025-02-04 17:00:00',	'0',	'2025-02-04 16:52:10.506',	'2025-02-04 16:52:10.507107',	NULL,	357,	5,	1,	2),
(291,	95,	50,	'2025-02-04 17:00:00',	'0',	'2025-02-04 16:55:17.423',	'2025-02-04 16:55:17.42431',	NULL,	358,	14,	1,	3),
(292,	95,	50,	'2025-02-04 18:00:00',	'0',	'2025-02-04 17:18:28.047',	'2025-02-04 17:18:28.048093',	NULL,	359,	13,	1,	1),
(293,	70,	50,	'2025-02-04 18:00:00',	'0',	'2025-02-04 17:19:47.516',	'2025-02-04 17:19:47.516657',	NULL,	360,	15,	5,	8),
(294,	120,	80,	'2025-02-05 15:00:00',	'0',	'2025-02-04 17:28:15.662',	'2025-02-04 17:28:15.664258',	NULL,	361,	14,	2,	2),
(295,	120,	80,	'2025-02-05 09:00:00',	'0',	'2025-02-04 17:29:14.852',	'2025-02-04 17:29:14.853495',	NULL,	362,	14,	2,	1),
(297,	120,	80,	'2025-02-06 14:30:00',	'0',	'2025-02-05 19:00:11.583',	'2025-02-05 19:00:11.584425',	NULL,	364,	5,	2,	2),
(298,	80,	60,	'2025-02-06 15:00:00',	'0',	'2025-02-06 10:00:01.052',	'2025-02-06 10:00:01.054684',	NULL,	365,	13,	3,	3),
(299,	80,	30,	'2025-02-20 00:30:00',	'0',	'2025-02-06 10:03:31.932',	'2025-02-06 10:03:31.93343',	NULL,	366,	9,	20,	8),
(301,	200,	60,	'2025-02-27 16:00:00',	'0',	'2025-02-06 10:10:03.016',	'2025-02-06 10:10:03.018238',	NULL,	368,	15,	7,	8),
(303,	80,	30,	'2025-02-25 15:00:00',	'0',	'2025-02-06 10:39:27.399',	'2025-02-06 10:39:27.403412',	NULL,	370,	10,	19,	8),
(304,	70,	50,	'2025-02-26 15:00:00',	'0',	'2025-02-06 10:48:37.605',	'2025-02-06 10:48:37.608097',	NULL,	371,	15,	5,	8),
(305,	80,	60,	'2025-02-19 17:00:00',	'0',	'2025-02-07 16:26:10.293',	'2025-02-07 16:26:10.29576',	NULL,	372,	14,	3,	1),
(306,	70,	50,	'2025-02-28 00:30:00',	'0',	'2025-02-07 16:31:22.011',	'2025-02-07 16:31:22.013216',	NULL,	373,	13,	4,	1),
(308,	120,	80,	'2025-02-18 13:00:00',	'0',	'2025-02-11 17:09:17.555',	'2025-02-11 17:09:17.559526',	NULL,	375,	14,	2,	2),
(309,	80,	60,	'2025-02-20 15:00:00',	'0',	'2025-02-11 17:19:21.548',	'2025-02-11 17:19:21.552412',	NULL,	376,	5,	3,	3),
(310,	70,	50,	'2025-02-20 00:30:00',	'0',	'2025-02-11 17:31:06.348',	'2025-02-11 17:31:06.353094',	NULL,	377,	14,	4,	2),
(312,	70,	50,	'2025-02-27 18:00:00',	'0',	'2025-02-12 12:16:16.932',	'2025-02-12 12:16:16.938563',	NULL,	379,	15,	5,	8),
(313,	70,	50,	'2025-02-26 13:00:00',	'0',	'2025-02-12 12:23:32.858',	'2025-02-12 12:23:32.861818',	NULL,	380,	5,	4,	3),
(316,	200,	60,	'2025-02-28 19:00:00',	'0',	'2025-02-12 12:34:31.338',	'2025-02-12 12:34:31.341766',	NULL,	383,	15,	7,	8),
(317,	80,	60,	'2025-02-28 19:00:00',	'0',	'2025-02-12 12:44:01.664',	'2025-02-12 12:44:01.667682',	NULL,	384,	13,	3,	2),
(318,	80,	30,	'2025-02-28 19:30:00',	'0',	'2025-02-12 12:46:56.39',	'2025-02-12 12:46:56.392438',	NULL,	385,	7,	18,	6),
(323,	70,	50,	'2025-02-28 13:30:00',	'0',	'2025-02-12 17:12:15.764',	'2025-02-12 17:12:15.77225',	NULL,	390,	15,	5,	8),
(324,	70,	50,	'2025-03-01 00:00:00',	'0',	'2025-02-12 17:15:22.166',	'2025-02-12 17:15:22.171227',	NULL,	391,	15,	5,	8),
(326,	70,	50,	'2025-02-28 09:00:00',	'0',	'2025-02-12 17:37:07.644',	'2025-02-12 17:37:07.646393',	NULL,	395,	15,	5,	8),
(328,	80,	60,	'2025-02-28 19:00:00',	'0',	'2025-02-13 12:58:56.082',	'2025-02-13 12:58:56.117012',	NULL,	397,	5,	3,	3),
(329,	80,	60,	'2025-02-28 19:00:00',	'0',	'2025-02-13 13:02:10.57',	'2025-02-13 13:02:10.576262',	NULL,	398,	14,	3,	1),
(331,	120,	80,	'2025-02-28 17:30:00',	'0',	'2025-02-13 13:24:18.093',	'2025-02-13 13:24:18.100269',	NULL,	402,	14,	2,	3),
(332,	70,	50,	'2025-02-28 17:00:00',	'0',	'2025-02-13 13:29:30.49',	'2025-02-13 13:29:30.495318',	NULL,	403,	13,	4,	2),
(333,	120,	80,	'2025-02-28 17:30:00',	'0',	'2025-02-13 13:42:04.52',	'2025-02-13 13:42:04.526566',	NULL,	404,	5,	2,	1),
(334,	95,	50,	'2025-02-20 15:00:00',	'0',	'2025-02-13 16:19:56.918',	'2025-02-13 16:19:56.924248',	NULL,	405,	14,	1,	1),
(335,	80,	60,	'2025-02-19 19:00:00',	'0',	'2025-02-13 16:22:28.68',	'2025-02-13 16:22:28.68551',	NULL,	406,	13,	3,	3),
(336,	120,	80,	'2025-02-26 15:00:00',	'0',	'2025-02-13 16:28:19.478',	'2025-02-13 16:28:19.482915',	NULL,	407,	13,	2,	1),
(337,	120,	80,	'2025-02-27 18:30:00',	'0',	'2025-02-13 16:30:22.591',	'2025-02-13 16:30:22.595052',	NULL,	408,	13,	2,	2),
(339,	200,	60,	'2025-02-20 19:00:00',	'0',	'2025-02-13 16:42:41.389',	'2025-02-13 16:42:41.393022',	NULL,	410,	15,	7,	8),
(340,	120,	80,	'2025-02-25 18:30:00',	'0',	'2025-02-13 17:04:31.405',	'2025-02-13 17:04:31.409627',	NULL,	411,	14,	2,	3),
(341,	95,	50,	'2025-02-18 16:30:00',	'0',	'2025-02-13 17:09:26.202',	'2025-02-13 17:09:26.208343',	NULL,	412,	5,	1,	1),
(342,	120,	80,	'2025-02-26 18:30:00',	'0',	'2025-02-13 17:20:52.532',	'2025-02-13 17:20:52.535935',	NULL,	413,	5,	2,	3),
(343,	120,	80,	'2025-02-20 18:30:00',	'0',	'2025-02-13 17:32:43.391',	'2025-02-13 17:32:43.397767',	NULL,	414,	5,	2,	3),
(344,	80,	60,	'2025-02-20 19:00:00',	'0',	'2025-02-13 17:36:58.063',	'2025-02-13 17:36:58.067395',	NULL,	415,	13,	3,	2),
(345,	80,	60,	'2025-02-17 17:00:00',	'0',	'2025-02-13 17:40:12.984',	'2025-02-13 17:40:12.989341',	NULL,	416,	13,	3,	1),
(346,	120,	80,	'2025-02-17 18:30:00',	'0',	'2025-02-13 17:49:58.133',	'2025-02-13 17:49:58.136881',	NULL,	417,	14,	2,	1),
(347,	80,	30,	'2025-02-21 17:00:00',	'0',	'2025-02-13 18:13:49.757',	'2025-02-13 18:13:49.760651',	NULL,	418,	12,	17,	6),
(348,	120,	80,	'2025-02-19 17:00:00',	'0',	'2025-02-13 18:15:50.196',	'2025-02-13 18:15:50.199714',	NULL,	419,	5,	2,	2),
(349,	80,	60,	'2025-02-27 15:00:00',	'0',	'2025-02-13 18:16:34.244',	'2025-02-13 18:16:34.248677',	NULL,	420,	5,	3,	2),
(350,	80,	60,	'2025-02-18 17:00:00',	'0',	'2025-02-13 18:17:30.645',	'2025-02-13 18:17:30.649367',	NULL,	421,	14,	3,	2),
(351,	120,	80,	'2025-02-27 13:00:00',	'0',	'2025-02-13 18:18:19.01',	'2025-02-13 18:18:19.014173',	NULL,	422,	13,	2,	1),
(352,	80,	60,	'2025-02-17 17:00:00',	'0',	'2025-02-13 18:26:16.936',	'2025-02-13 18:26:16.94358',	NULL,	423,	5,	3,	3),
(353,	70,	50,	'2025-02-24 13:00:00',	'0',	'2025-02-13 18:29:40.387',	'2025-02-13 18:29:40.391053',	NULL,	424,	5,	4,	3),
(354,	120,	80,	'2025-02-17 17:00:00',	'0',	'2025-02-13 18:34:00.322',	'2025-02-13 18:34:00.32593',	NULL,	425,	14,	2,	2),
(355,	80,	30,	'2025-02-17 15:00:00',	'0',	'2025-02-13 18:39:36.485',	'2025-02-13 18:39:36.488687',	NULL,	426,	9,	20,	8),
(356,	120,	80,	'2025-02-28 15:00:00',	'0',	'2025-02-13 18:40:44.783',	'2025-02-13 18:40:44.788783',	NULL,	427,	14,	2,	3),
(357,	120,	80,	'2025-02-17 08:00:00',	'0',	'2025-02-15 18:10:53.62',	'2025-02-15 18:10:53.634861',	NULL,	428,	14,	2,	3),
(361,	110,	60,	'2025-02-28 19:00:00',	'0',	'2025-02-17 07:05:53.98',	'2025-02-17 07:05:53.989244',	NULL,	433,	11,	14,	5),
(362,	90,	30,	'2025-02-26 19:30:00',	'0',	'2025-02-17 07:11:18.528',	'2025-02-17 07:11:18.543126',	NULL,	434,	6,	13,	4),
(363,	90,	30,	'2025-02-17 03:00:00',	'0',	'2025-02-17 09:34:49.037',	'2025-02-17 09:34:49.044096',	NULL,	435,	11,	13,	5),
(364,	95,	50,	'2025-02-20 14:00:00',	'0',	'2025-02-17 17:24:48.04',	'2025-02-17 17:24:48.045091',	NULL,	436,	13,	1,	2),
(365,	95,	50,	'2025-02-20 14:00:00',	'0',	'2025-02-17 17:30:39.958',	'2025-02-17 17:30:39.962622',	NULL,	437,	5,	1,	1),
(366,	95,	50,	'2025-02-20 14:00:00',	'0',	'2025-02-17 17:31:36.341',	'2025-02-17 17:31:36.345268',	NULL,	438,	14,	1,	3),
(367,	95,	50,	'2025-02-20 13:00:00',	'0',	'2025-02-17 17:32:48.57',	'2025-02-17 17:32:48.574384',	NULL,	439,	14,	1,	1),
(368,	95,	50,	'2025-02-20 13:00:00',	'0',	'2025-02-17 17:42:31.537',	'2025-02-17 17:42:31.543016',	NULL,	440,	13,	1,	2),
(369,	95,	50,	'2025-02-20 13:00:00',	'0',	'2025-02-17 17:44:19.659',	'2025-02-17 17:44:19.66414',	NULL,	441,	5,	1,	3),
(370,	95,	50,	'2025-02-20 08:00:00',	'0',	'2025-02-17 17:45:40.387',	'2025-02-17 17:45:40.391524',	NULL,	442,	5,	1,	1),
(371,	95,	50,	'2025-02-20 08:00:00',	'0',	'2025-02-17 17:47:23.577',	'2025-02-17 17:47:23.581903',	NULL,	443,	14,	1,	3),
(372,	95,	50,	'2025-02-20 07:00:00',	'0',	'2025-02-17 17:49:36.983',	'2025-02-17 17:49:36.990075',	NULL,	444,	13,	1,	2),
(373,	95,	50,	'2025-02-20 07:00:00',	'0',	'2025-02-17 17:50:06.994',	'2025-02-17 17:50:06.998128',	NULL,	445,	14,	1,	3),
(374,	95,	50,	'2025-02-20 07:00:00',	'0',	'2025-02-17 17:50:33.615',	'2025-02-17 17:50:33.620383',	NULL,	446,	5,	1,	1),
(375,	95,	50,	'2025-02-20 11:00:00',	'0',	'2025-02-17 17:51:34.979',	'2025-02-17 17:51:34.984582',	NULL,	447,	14,	1,	1),
(377,	100,	50,	'2025-03-19 19:00:00',	'0',	'2025-02-17 18:08:48.739',	'2025-02-17 18:08:48.743896',	NULL,	451,	15,	6,	8),
(378,	80,	60,	'2025-02-17 06:30:00',	'0',	'2025-02-17 18:10:09.683',	'2025-02-17 18:10:09.692901',	NULL,	452,	5,	3,	2),
(379,	80,	60,	'2025-02-18 08:00:00',	'0',	'2025-02-17 20:48:13.825',	'2025-02-17 20:48:13.836426',	NULL,	453,	14,	3,	3),
(380,	120,	80,	'2025-02-18 08:00:00',	'0',	'2025-02-17 20:50:11.587',	'2025-02-17 20:50:11.594285',	NULL,	454,	5,	2,	2),
(381,	95,	50,	'2025-02-18 05:00:00',	'0',	'2025-02-17 20:55:21.915',	'2025-02-17 20:55:21.920907',	NULL,	455,	14,	1,	2),
(383,	90,	30,	'2025-02-19 17:00:00',	'0',	'2025-02-17 21:01:43.005',	'2025-02-17 21:01:43.01679',	NULL,	457,	11,	13,	5),
(384,	70,	50,	'2025-02-18 08:00:00',	'0',	'2025-02-17 21:14:00.988',	'2025-02-17 21:14:00.996477',	NULL,	458,	13,	4,	1),
(385,	70,	50,	'2025-02-18 16:00:00',	'0',	'2025-02-17 21:15:10.655',	'2025-02-17 21:15:10.662122',	NULL,	459,	14,	4,	2),
(386,	150,	70,	'2025-02-18 15:00:00',	'0',	'2025-02-17 21:17:54.818',	'2025-02-17 21:17:54.824545',	NULL,	460,	11,	15,	4),
(387,	200,	60,	'2025-02-18 13:00:00',	'0',	'2025-02-17 21:41:52.692',	'2025-02-17 21:41:52.703799',	NULL,	461,	15,	7,	8),
(388,	200,	60,	'2025-02-18 08:00:00',	'0',	'2025-02-17 21:51:23.392',	'2025-02-17 21:51:23.398495',	NULL,	462,	15,	7,	8),
(391,	95,	50,	'2025-02-28 18:00:00',	'0',	'2025-02-20 16:48:09.225',	'2025-02-20 16:48:09.239035',	NULL,	465,	13,	1,	2),
(392,	95,	50,	'2025-02-28 15:00:00',	'0',	'2025-02-20 17:00:12.349',	'2025-02-20 17:00:12.362565',	NULL,	466,	5,	1,	2),
(393,	95,	50,	'2025-02-28 16:00:00',	'0',	'2025-02-20 17:02:21.986',	'2025-02-20 17:02:21.997791',	NULL,	467,	5,	1,	3),
(394,	95,	50,	'2025-02-28 16:00:00',	'0',	'2025-02-20 17:11:35.07',	'2025-02-20 17:11:35.080664',	NULL,	468,	14,	1,	1),
(395,	95,	50,	'2025-02-28 16:00:00',	'0',	'2025-02-20 17:26:45.178',	'2025-02-20 17:26:45.193242',	NULL,	469,	13,	1,	2),
(396,	95,	50,	'2025-02-28 15:00:00',	'0',	'2025-02-20 17:30:05.512',	'2025-02-20 17:30:05.529462',	NULL,	470,	13,	1,	1),
(397,	95,	50,	'2025-02-28 14:00:00',	'0',	'2025-02-20 17:33:48.095',	'2025-02-20 17:33:48.106545',	NULL,	471,	14,	1,	1),
(398,	95,	50,	'2025-02-28 14:00:00',	'0',	'2025-02-20 18:07:25.219',	'2025-02-20 18:07:25.232582',	NULL,	472,	5,	1,	2),
(399,	120,	80,	'2025-02-28 13:00:00',	'0',	'2025-02-20 18:12:35.268',	'2025-02-20 18:12:35.284422',	NULL,	473,	13,	2,	3),
(400,	120,	80,	'2025-03-01 00:30:00',	'0',	'2025-02-20 18:23:01.485',	'2025-02-20 18:23:01.500282',	NULL,	474,	14,	2,	1),
(401,	120,	80,	'2025-03-01 00:00:00',	'0',	'2025-02-20 18:24:58.889',	'2025-02-20 18:24:58.904935',	NULL,	475,	13,	2,	2),
(402,	80,	60,	'2025-02-28 11:00:00',	'0',	'2025-02-20 18:38:19.125',	'2025-02-20 18:38:19.138156',	NULL,	476,	13,	3,	1),
(403,	80,	60,	'2025-02-28 11:00:00',	'0',	'2025-02-20 18:55:06.596',	'2025-02-20 18:55:06.610051',	NULL,	477,	5,	3,	2),
(404,	95,	50,	'2025-02-28 11:00:00',	'0',	'2025-02-21 11:17:58.409',	'2025-02-21 11:17:58.430003',	NULL,	478,	14,	1,	3),
(405,	95,	50,	'2025-02-28 14:00:00',	'0',	'2025-02-21 11:36:45.405',	'2025-02-21 11:36:45.417779',	NULL,	479,	13,	1,	3),
(406,	80,	60,	'2025-02-28 09:00:00',	'0',	'2025-02-21 11:38:18.387',	'2025-02-21 11:38:18.405318',	NULL,	480,	13,	3,	3),
(407,	80,	60,	'2025-02-28 09:00:00',	'0',	'2025-02-21 11:42:28.503',	'2025-02-21 11:42:28.519928',	NULL,	481,	14,	3,	1),
(408,	95,	50,	'2025-02-28 18:00:00',	'0',	'2025-02-22 16:31:52.747',	'2025-02-22 16:31:52.776777',	NULL,	482,	13,	1,	2),
(409,	120,	80,	'2025-02-28 16:00:00',	'0',	'2025-02-22 16:32:12.891',	'2025-02-22 16:32:12.908185',	NULL,	483,	5,	2,	1),
(410,	80,	60,	'2025-02-28 15:30:00',	'0',	'2025-02-22 16:32:27.874',	'2025-02-22 16:32:27.88277',	NULL,	484,	13,	3,	2),
(411,	95,	50,	'2025-02-28 18:00:00',	'0',	'2025-02-22 21:05:35.797',	'2025-02-22 21:05:35.814372',	NULL,	485,	13,	1,	2),
(412,	95,	50,	'2025-02-20 11:00:00',	'0',	'2025-02-24 09:03:04.519',	'2025-02-24 09:03:04.526907',	NULL,	486,	5,	1,	3),
(413,	95,	50,	'2025-02-20 11:00:00',	'0',	'2025-02-24 09:22:06.902',	'2025-02-24 09:22:06.906952',	NULL,	487,	13,	1,	2),
(414,	95,	50,	'2025-02-28 18:00:00',	'0',	'2025-02-24 14:14:05.745',	'2025-02-24 14:14:05.763346',	NULL,	488,	13,	1,	2),
(415,	80,	60,	'2025-02-28 18:00:00',	'0',	'2025-02-24 14:18:09.314',	'2025-02-24 14:18:09.330855',	NULL,	489,	13,	3,	2),
(416,	95,	50,	'2025-02-28 18:00:00',	'0',	'2025-02-24 14:20:51.986',	'2025-02-24 14:20:52.008431',	NULL,	490,	13,	1,	2),
(417,	80,	60,	'2025-02-28 18:00:00',	'0',	'2025-02-24 14:27:32.141',	'2025-02-24 14:27:32.150849',	NULL,	491,	13,	3,	2),
(418,	80,	60,	'2025-02-28 18:00:00',	'0',	'2025-02-24 14:31:36.277',	'2025-02-24 14:31:36.288763',	NULL,	492,	13,	3,	2),
(419,	80,	60,	'2025-02-28 18:00:00',	'0',	'2025-02-24 14:33:29.075',	'2025-02-24 14:33:29.090098',	NULL,	493,	13,	3,	2),
(420,	80,	60,	'2025-02-28 18:00:00',	'0',	'2025-02-24 14:38:06.898',	'2025-02-24 14:38:06.913523',	NULL,	494,	13,	3,	2),
(421,	95,	50,	'2025-02-28 18:00:00',	'0',	'2025-02-24 14:40:02.428',	'2025-02-24 14:40:02.446269',	NULL,	495,	13,	1,	2),
(422,	70,	50,	'2025-02-28 19:00:00',	'0',	'2025-02-24 14:45:56.463',	'2025-02-24 14:45:56.472459',	NULL,	496,	15,	5,	8),
(423,	70,	50,	'2025-02-24 15:00:00',	'0',	'2025-02-24 14:52:58.755',	'2025-02-24 14:52:58.765121',	NULL,	497,	15,	5,	8),
(424,	100,	50,	'2025-02-24 19:00:00',	'0',	'2025-02-24 14:54:30.364',	'2025-02-24 14:54:30.378714',	NULL,	498,	15,	6,	8),
(425,	95,	50,	'2025-02-24 19:00:00',	'0',	'2025-02-24 16:00:56.615',	'2025-02-24 16:00:56.624718',	NULL,	499,	13,	1,	2),
(426,	80,	60,	'2025-02-24 16:30:00',	'0',	'2025-02-24 16:02:34.45',	'2025-02-24 16:02:34.459351',	NULL,	500,	14,	3,	1),
(427,	95,	50,	'2025-02-26 16:30:00',	'0',	'2025-02-26 16:28:20.957',	'2025-02-26 16:28:20.972821',	NULL,	501,	14,	1,	1),
(429,	95,	50,	'2025-03-04 17:00:00',	'0',	'2025-03-03 12:46:12.65',	'2025-03-03 12:46:12.669964',	NULL,	503,	5,	1,	3),
(430,	80,	60,	'2025-03-03 14:00:00',	'0',	'2025-03-03 12:47:38.72',	'2025-03-03 12:47:38.730684',	NULL,	504,	13,	3,	3),
(432,	70,	50,	'2025-03-05 19:00:00',	'0',	'2025-03-03 12:54:50.342',	'2025-03-03 12:54:50.352393',	NULL,	506,	15,	5,	8),
(436,	80,	60,	'2025-04-03 15:00:00',	'0',	'2025-03-06 11:34:12.775',	'2025-03-06 11:34:12.796123',	NULL,	510,	14,	3,	3),
(437,	120,	80,	'2025-03-10 08:00:00',	'0',	'2025-03-09 15:50:54.78',	'2025-03-09 15:50:54.805358',	NULL,	511,	5,	2,	1),
(438,	95,	50,	'2025-03-10 19:00:00',	'0',	'2025-03-09 15:52:06.268',	'2025-03-09 15:52:06.279465',	NULL,	512,	14,	1,	1),
(439,	95,	50,	'2025-03-10 08:00:00',	'0',	'2025-03-09 22:25:44.419',	'2025-03-09 22:25:44.439464',	NULL,	513,	14,	1,	2),
(441,	90,	30,	'2025-03-11 15:00:00',	'0',	'2025-03-10 14:09:42.899',	'2025-03-10 14:09:42.919843',	NULL,	515,	7,	13,	4),
(443,	95,	50,	'2025-03-10 17:00:00',	'0',	'2025-03-10 14:10:38.948',	'2025-03-10 14:10:38.959333',	NULL,	517,	13,	1,	1),
(444,	95,	50,	'2025-03-10 17:00:00',	'0',	'2025-03-10 14:11:41.046',	'2025-03-10 14:11:41.057749',	NULL,	518,	14,	1,	2),
(445,	120,	80,	'2025-04-03 15:00:00',	'0',	'2025-03-24 07:47:42.163',	'2025-03-24 07:47:42.185927',	NULL,	519,	13,	2,	1),
(447,	95,	50,	'2025-03-27 13:00:00',	'0',	'2025-03-24 07:50:24.695',	'2025-03-24 07:50:24.706294',	NULL,	521,	14,	1,	3),
(446,	95,	50,	'2025-03-27 13:00:00',	'0',	'2025-03-24 07:50:03.434',	'2025-03-24 12:47:35.279491',	NULL,	520,	13,	1,	2),
(435,	95,	50,	'2025-03-27 13:00:00',	'0',	'2025-03-06 11:33:04.676',	'2025-03-24 12:48:57.755371',	NULL,	509,	14,	1,	3),
(449,	200,	60,	'2025-04-01 17:00:00',	'0',	'2025-03-24 16:00:37.902',	'2025-03-24 16:00:37.928834',	NULL,	523,	15,	7,	8),
(448,	100,	50,	'2025-04-01 17:00:00',	'0',	'2025-03-24 16:00:06.397',	'2025-03-24 16:03:37.56155',	NULL,	522,	15,	6,	8),
(450,	95,	50,	'2025-03-24 19:00:00',	'0',	'2025-03-24 18:57:24.814',	'2025-03-24 18:57:24.839156',	NULL,	524,	14,	1,	2),
(442,	80,	60,	'2025-03-10 17:00:00',	'0',	'2025-03-10 14:10:22.042',	'2025-03-24 20:40:21.756226',	NULL,	516,	5,	3,	1),
(376,	70,	50,	'2025-02-17 06:30:00',	'0',	'2025-02-17 18:03:11.711',	'2025-02-17 18:03:11.715771',	NULL,	448,	15,	5,	12),
(1,	120,	80,	'2025-04-07 16:00:00',	'0',	'2025-04-07 15:44:36.27',	'2025-04-07 15:44:36.288048',	NULL,	1,	13,	2,	3),
(3,	120,	80,	'2025-04-22 08:30:00',	'0',	'2025-04-07 15:54:38.688',	'2025-04-07 15:54:38.700042',	NULL,	3,	5,	2,	1),
(2,	95,	50,	'2025-03-10 17:00:00',	'0',	'2025-04-07 15:51:38.951',	'2025-04-07 15:58:43.199345',	NULL,	2,	14,	1,	1),
(4,	95,	50,	'2025-04-23 08:30:00',	'0',	'2025-04-07 16:33:38.285',	'2025-04-07 16:33:38.300036',	NULL,	4,	13,	1,	2),
(5,	95,	50,	'2025-04-23 08:30:00',	'0',	'2025-04-07 16:33:39.542',	'2025-04-07 16:33:39.561515',	NULL,	5,	14,	1,	1),
(6,	120,	80,	'2025-04-10 11:00:00',	'0',	'2025-04-08 10:57:29.675',	'2025-04-08 10:57:29.688557',	NULL,	6,	5,	2,	3),
(7,	80,	60,	'2025-04-24 10:30:00',	'0',	'2025-04-08 14:09:04.651',	'2025-04-08 14:09:04.664839',	NULL,	7,	14,	3,	1),
(8,	95,	50,	'2025-04-21 08:00:00',	'0',	'2025-04-20 21:55:06.243',	'2025-04-20 21:55:06.263855',	NULL,	8,	14,	1,	3),
(9,	120,	80,	'2025-04-26 00:00:00',	'0',	'2025-04-24 17:26:38.42',	'2025-04-24 17:26:38.44149',	NULL,	9,	14,	2,	1),
(11,	95,	50,	'2025-05-06 09:00:00',	'0',	'2025-04-24 17:28:40.142',	'2025-04-24 17:28:40.158398',	NULL,	11,	5,	1,	3),
(12,	95,	50,	'2025-04-26 00:30:00',	'0',	'2025-04-24 18:42:41.811',	'2025-04-24 18:42:41.826264',	NULL,	12,	5,	1,	2),
(14,	70,	50,	'2025-04-25 09:00:00',	'0',	'2025-04-24 18:53:23.393',	'2025-04-24 18:53:23.409843',	NULL,	14,	15,	5,	8),
(17,	70,	50,	'2025-04-28 19:00:00',	'0',	'2025-04-28 11:35:40.135',	'2025-04-28 11:35:40.154022',	NULL,	18,	15,	5,	8),
(451,	120,	80,	'2025-04-28 12:30:00',	'0',	'2025-04-28 12:15:52.802',	'2025-04-28 12:15:52.823578',	NULL,	525,	14,	2,	1),
(481,	200,	60,	'2025-05-08 15:30:00',	'0',	'2025-05-08 11:15:55.908',	'2025-05-08 11:15:55.928612',	NULL,	554,	15,	7,	8),
(452,	70,	50,	'2025-05-12 16:30:00',	'0',	'2025-04-29 17:18:29.786',	'2025-04-29 17:18:29.807774',	NULL,	526,	15,	5,	8),
(454,	70,	50,	'2025-05-16 17:00:00',	'0',	'2025-04-29 17:19:11.586',	'2025-04-29 17:19:11.605685',	NULL,	528,	15,	5,	8),
(502,	200,	60,	'2025-06-19 19:00:00',	'0',	'2025-05-14 22:41:47.166',	'2025-06-19 01:33:49.242219',	NULL,	576,	15,	7,	8),
(455,	95,	50,	'2025-04-29 18:00:00',	'0',	'2025-04-29 17:40:23.928',	'2025-04-29 17:41:47.326198',	NULL,	529,	13,	1,	1),
(490,	95,	50,	'2025-05-26 19:00:00',	'0',	'2025-05-12 16:03:13.759',	'2025-05-26 10:03:24.410006',	NULL,	564,	14,	1,	1),
(16,	70,	50,	'2025-04-29 14:30:00',	'1',	'2025-04-28 11:35:03.266',	'2025-04-29 18:49:09.738232',	NULL,	17,	15,	5,	8),
(456,	95,	50,	'2025-05-01 16:00:00',	'0',	'2025-04-29 19:26:05.264',	'2025-04-29 19:26:05.28006',	NULL,	530,	5,	1,	2),
(458,	110,	60,	'2025-05-01 16:00:00',	'0',	'2025-04-29 19:26:05.324',	'2025-04-29 19:26:05.344653',	NULL,	530,	11,	14,	4),
(457,	100,	50,	'2025-05-01 16:00:00',	'1',	'2025-04-29 19:26:05.294',	'2025-04-29 19:27:30.105477',	NULL,	530,	15,	6,	8),
(460,	70,	50,	'2025-04-30 19:00:00',	'1',	'2025-04-30 17:08:39.97',	'2025-04-30 17:16:35.341993',	NULL,	532,	15,	5,	8),
(461,	95,	50,	'2025-05-13 09:00:00',	'0',	'2025-04-30 17:47:33.114',	'2025-04-30 17:47:33.128046',	NULL,	533,	5,	1,	3),
(463,	110,	60,	'2025-05-13 09:00:00',	'0',	'2025-04-30 17:47:33.16',	'2025-04-30 17:47:33.173593',	NULL,	533,	6,	14,	5),
(459,	70,	50,	'2025-05-02 19:00:00',	'1',	'2025-04-30 17:06:21.303',	'2025-04-30 20:11:35.583582',	NULL,	531,	15,	5,	8),
(466,	95,	50,	'2025-05-07 13:00:00',	'0',	'2025-05-05 10:22:09.287',	'2025-05-05 10:22:09.314302',	NULL,	536,	13,	1,	2),
(468,	200,	60,	'2025-05-05 16:00:00',	'0',	'2025-05-05 10:48:00.241',	'2025-05-05 10:48:00.320592',	NULL,	538,	15,	7,	8),
(465,	100,	50,	'2025-05-05 12:30:00',	'1',	'2025-05-05 10:09:21.294',	'2025-05-05 15:57:35.431203',	NULL,	535,	15,	6,	8),
(483,	200,	60,	'2025-05-21 14:30:00',	'0',	'2025-05-08 19:54:43.366',	'2025-05-08 19:54:43.389672',	NULL,	556,	15,	7,	8),
(472,	70,	50,	'2025-05-13 14:30:00',	'0',	'2025-05-07 15:52:11.296',	'2025-05-07 15:52:11.337421',	NULL,	542,	15,	5,	8),
(469,	70,	50,	'2025-05-14 14:30:00',	'0',	'2025-05-05 15:53:18.808',	'2025-05-08 19:57:25.67416',	NULL,	539,	15,	5,	8),
(484,	95,	50,	'2025-05-09 16:00:00',	'0',	'2025-05-09 13:15:35.937',	'2025-05-09 13:15:35.956363',	NULL,	558,	13,	1,	1),
(474,	95,	50,	'2025-05-07 18:30:00',	'0',	'2025-05-07 17:02:37.058',	'2025-05-07 17:02:37.07983',	NULL,	545,	14,	1,	2),
(475,	95,	50,	'2025-05-07 18:00:00',	'0',	'2025-05-07 17:04:20.676',	'2025-05-07 17:04:20.692998',	NULL,	546,	5,	1,	1),
(471,	70,	50,	'2025-05-21 19:00:00',	'0',	'2025-05-07 15:51:57.725',	'2025-05-14 18:40:44.386828',	NULL,	541,	15,	5,	8),
(476,	95,	50,	'2025-05-22 19:00:00',	'0',	'2025-05-07 17:21:02.593',	'2025-05-07 17:21:02.593749',	NULL,	547,	14,	1,	1),
(485,	95,	50,	'2025-05-09 14:00:00',	'0',	'2025-05-09 13:53:27.061',	'2025-05-09 13:53:27.090689',	NULL,	559,	13,	1,	2),
(486,	95,	50,	'2025-05-09 17:00:00',	'0',	'2025-05-09 14:14:07.098',	'2025-05-09 14:14:07.120837',	NULL,	560,	5,	1,	1),
(487,	120,	80,	'2025-05-09 14:30:00',	'0',	'2025-05-09 14:14:46.396',	'2025-05-09 14:14:46.419698',	NULL,	561,	13,	2,	3),
(498,	70,	50,	'2025-05-28 15:00:00',	'0',	'2025-05-14 19:37:33.772',	'2025-05-14 19:37:33.799605',	NULL,	572,	15,	5,	8),
(467,	200,	60,	'2025-05-22 15:00:00',	'0',	'2025-05-05 10:46:52.008',	'2025-05-14 18:45:45.684535',	NULL,	537,	15,	7,	8),
(500,	95,	50,	'2025-05-27 15:00:00',	'0',	'2025-05-14 20:14:30.659',	'2025-05-14 20:14:30.683416',	NULL,	574,	13,	1,	2),
(505,	200,	60,	'2025-05-29 15:00:00',	'0',	'2025-05-14 22:49:52.822',	'2025-05-14 22:49:52.841844',	NULL,	579,	15,	7,	8),
(508,	95,	50,	'2025-05-15 15:00:00',	'0',	'2025-05-14 23:22:57.954',	'2025-05-14 23:22:57.979415',	NULL,	582,	14,	1,	2),
(510,	70,	50,	'2025-05-27 16:00:00',	'1',	'2025-05-14 23:47:07.534',	'2025-05-15 17:21:38.665837',	NULL,	584,	15,	5,	8),
(499,	70,	50,	'2025-05-28 13:00:00',	'1',	'2025-05-14 20:02:07.679',	'2025-05-15 17:21:53.57711',	NULL,	573,	15,	5,	8),
(506,	95,	50,	'2025-05-15 17:00:00',	'0',	'2025-05-14 23:06:38.403',	'2025-05-15 17:23:50.956951',	NULL,	580,	5,	1,	3),
(504,	100,	50,	'2025-05-19 13:00:00',	'0',	'2025-05-14 22:49:38.863',	'2025-05-17 15:52:37.54453',	NULL,	578,	15,	6,	8),
(509,	120,	80,	'2025-06-20 17:00:00',	'0',	'2025-05-14 23:28:22.842',	'2025-05-26 14:28:21.96016',	NULL,	583,	5,	2,	1),
(10,	95,	50,	'2025-06-27 19:00:00',	'0',	'2025-04-24 17:28:39.356',	'2025-05-28 19:46:20.482677',	NULL,	10,	14,	1,	2),
(13,	70,	50,	'2025-04-26 00:00:00',	'0',	'2025-04-24 18:52:42.071',	'2025-04-24 18:52:42.088673',	NULL,	13,	15,	5,	12),
(514,	70,	50,	'2025-05-15 17:00:00',	'0',	'2025-05-15 11:23:18.766',	'2025-05-15 11:23:18.790043',	NULL,	588,	15,	5,	8),
(512,	80,	60,	'2025-05-15 17:00:00',	'0',	'2025-05-14 23:55:43.423',	'2025-05-15 16:47:48.80236',	NULL,	586,	14,	3,	1),
(516,	95,	50,	'2025-05-15 19:00:00',	'0',	'2025-05-15 16:48:59.983',	'2025-05-15 16:49:00.007263',	NULL,	590,	14,	1,	2),
(517,	70,	50,	'2025-05-15 18:30:00',	'0',	'2025-05-15 16:53:36.871',	'2025-05-15 16:53:36.891956',	NULL,	591,	15,	5,	8),
(520,	95,	50,	'2025-05-16 08:00:00',	'0',	'2025-05-15 17:15:11.254',	'2025-05-15 17:15:11.2791',	NULL,	594,	5,	1,	3),
(524,	100,	50,	'2025-05-16 10:00:00',	'0',	'2025-05-15 19:01:03.935',	'2025-05-15 19:01:03.973463',	NULL,	598,	15,	6,	8),
(525,	100,	50,	'2025-05-16 11:00:00',	'0',	'2025-05-15 19:48:26.911',	'2025-05-15 19:48:26.949692',	NULL,	599,	15,	6,	8),
(526,	70,	50,	'2025-05-20 17:00:00',	'0',	'2025-05-17 16:29:26.957',	'2025-05-17 16:29:26.991939',	NULL,	600,	15,	5,	8),
(527,	95,	50,	'2025-05-20 17:00:00',	'0',	'2025-05-17 16:33:48.604',	'2025-05-17 16:33:48.604811',	NULL,	601,	5,	1,	2),
(528,	120,	80,	'2025-05-20 16:30:00',	'0',	'2025-05-17 16:35:25.103',	'2025-05-17 16:35:25.104183',	NULL,	602,	14,	2,	3),
(529,	70,	50,	'2025-04-06 14:00:00',	'0',	'2025-05-17 17:11:59.657',	'2025-05-17 17:11:59.661807',	NULL,	603,	15,	5,	8),
(522,	100,	50,	'2025-05-16 08:00:00',	'0',	'2025-05-15 18:50:10.251',	'2025-05-15 18:50:10.287088',	NULL,	596,	15,	6,	12),
(523,	100,	50,	'2025-05-16 09:00:00',	'0',	'2025-05-15 18:52:35.751',	'2025-05-15 18:52:35.779697',	NULL,	597,	15,	6,	12),
(519,	70,	50,	'2025-05-28 16:00:00',	'0',	'2025-05-15 17:13:24.839',	'2025-05-17 21:19:35.745164',	NULL,	593,	15,	5,	12),
(531,	70,	50,	'2025-05-19 19:00:00',	'0',	'2025-05-19 15:24:20.707',	'2025-05-19 15:24:20.746443',	NULL,	606,	15,	5,	12),
(538,	70,	50,	'2025-05-27 17:00:00',	'0',	'2025-05-26 17:57:49.303',	'2025-05-26 18:09:07.658649',	NULL,	614,	15,	5,	12),
(541,	100,	50,	'2025-05-30 08:00:00',	'0',	'2025-05-28 19:40:59.111',	'2025-05-28 19:40:59.147974',	NULL,	616,	15,	6,	12),
(534,	70,	50,	'2025-06-05 18:00:00',	'0',	'2025-05-20 10:06:04.752',	'2025-06-03 10:39:03.977899',	NULL,	610,	15,	5,	8),
(536,	200,	60,	'2025-06-18 17:00:00',	'1',	'2025-05-25 19:07:23.032',	'2025-06-18 22:44:20.228893',	NULL,	612,	15,	7,	8),
(532,	70,	50,	'2025-06-17 19:00:00',	'0',	'2025-05-19 18:44:27.922',	'2025-05-19 18:44:27.951442',	NULL,	608,	15,	5,	8),
(515,	95,	50,	'2025-05-20 18:00:00',	'0',	'2025-05-15 16:46:00.429',	'2025-05-20 16:24:18.804026',	NULL,	589,	13,	1,	1),
(533,	95,	50,	'2025-06-20 19:00:00',	'0',	'2025-05-20 10:05:42.452',	'2025-05-26 14:47:19.147019',	NULL,	609,	14,	1,	3),
(537,	95,	50,	'2025-05-26 18:00:00',	'0',	'2025-05-26 17:55:58.557',	'2025-05-26 18:09:58.94429',	NULL,	613,	13,	1,	1),
(540,	95,	50,	'2025-05-30 08:00:00',	'0',	'2025-05-28 19:40:58.978',	'2025-05-28 19:40:59.043986',	NULL,	616,	13,	1,	3),
(542,	110,	60,	'2025-05-30 08:00:00',	'0',	'2025-05-28 19:40:59.171',	'2025-05-28 19:40:59.218837',	NULL,	616,	6,	14,	5),
(530,	95,	50,	'2025-05-30 19:00:00',	'0',	'2025-05-17 20:50:51.581',	'2025-05-28 19:43:58.326423',	NULL,	605,	13,	1,	1),
(539,	95,	50,	'2025-06-26 17:00:00',	'0',	'2025-05-26 18:31:23.328',	'2025-05-28 19:48:43.961323',	NULL,	615,	13,	1,	3),
(521,	95,	50,	'2025-05-29 19:00:00',	'0',	'2025-05-15 17:19:23.27',	'2025-05-28 19:49:33.167257',	NULL,	595,	14,	1,	3),
(518,	70,	50,	'2025-05-30 15:00:00',	'1',	'2025-05-15 17:11:52.118',	'2025-05-30 14:43:57.992732',	NULL,	592,	15,	5,	8),
(225,	70,	50,	'2024-11-20 08:00:00',	'0',	'2025-02-03 14:00:50.242',	'2025-02-03 14:00:50.246244',	NULL,	287,	15,	5,	12),
(227,	100,	50,	'2024-12-10 12:00:00',	'0',	'2025-02-03 14:02:43.716',	'2025-02-03 14:02:43.717081',	NULL,	290,	15,	6,	12),
(228,	100,	50,	'2024-11-03 12:00:00',	'0',	'2025-02-03 14:08:30.241',	'2025-02-03 14:08:30.242868',	NULL,	291,	15,	6,	12),
(230,	100,	50,	'2024-11-06 12:00:00',	'0',	'2025-02-03 14:19:42.957',	'2025-02-03 14:19:42.958318',	NULL,	294,	15,	6,	12),
(231,	100,	50,	'2024-11-12 12:00:00',	'0',	'2025-02-03 14:20:24.519',	'2025-02-03 14:20:24.519279',	NULL,	295,	15,	6,	12),
(239,	100,	50,	'2024-11-28 12:00:00',	'0',	'2025-02-03 14:22:15.467',	'2025-02-03 14:22:15.468444',	NULL,	303,	15,	6,	12),
(240,	100,	50,	'2024-12-27 12:00:00',	'0',	'2025-02-03 14:22:39.136',	'2025-02-03 14:22:39.137532',	NULL,	304,	15,	6,	12),
(246,	100,	50,	'2025-01-17 08:00:00',	'0',	'2025-02-03 14:23:49.194',	'2025-02-03 14:23:49.19516',	NULL,	311,	15,	6,	12),
(247,	100,	50,	'2025-01-17 12:00:00',	'0',	'2025-02-03 14:23:54.832',	'2025-02-03 14:23:54.834559',	NULL,	312,	15,	6,	12),
(271,	100,	50,	'2025-01-30 13:00:00',	'0',	'2025-02-03 14:26:29.989',	'2025-02-03 14:26:29.992766',	NULL,	337,	15,	6,	12),
(278,	80,	30,	'2025-02-03 14:30:00',	'0',	'2025-02-03 14:27:54.651',	'2025-02-03 14:27:54.654743',	NULL,	345,	7,	19,	12),
(281,	80,	30,	'2025-02-04 13:00:00',	'0',	'2025-02-03 14:28:34.866',	'2025-02-03 14:28:34.871269',	NULL,	348,	8,	20,	12),
(286,	200,	60,	'2025-02-05 13:00:00',	'0',	'2025-02-03 14:51:32.199',	'2025-02-03 14:51:32.199737',	NULL,	353,	15,	7,	12),
(296,	70,	50,	'2025-02-05 11:00:00',	'0',	'2025-02-04 19:27:57.218',	'2025-02-04 19:27:57.219922',	NULL,	363,	15,	5,	12),
(300,	70,	50,	'2025-02-18 19:00:00',	'0',	'2025-02-06 10:08:59.955',	'2025-02-06 10:08:59.956337',	NULL,	367,	15,	5,	12),
(302,	100,	50,	'2025-02-17 15:00:00',	'0',	'2025-02-06 10:37:41.496',	'2025-02-06 10:37:41.497091',	NULL,	369,	15,	6,	12),
(307,	100,	50,	'2025-02-26 16:00:00',	'0',	'2025-02-07 16:32:56.379',	'2025-02-07 16:32:56.381438',	NULL,	374,	15,	6,	12),
(311,	70,	50,	'2025-02-18 18:00:00',	'0',	'2025-02-11 17:51:32.427',	'2025-02-11 17:51:32.42925',	NULL,	378,	15,	5,	12),
(314,	100,	50,	'2025-02-18 17:00:00',	'0',	'2025-02-12 12:28:48.013',	'2025-02-12 12:28:48.025838',	NULL,	381,	15,	6,	12),
(315,	100,	50,	'2025-02-26 19:00:00',	'0',	'2025-02-12 12:31:43.702',	'2025-02-12 12:31:43.705177',	NULL,	382,	15,	6,	12),
(319,	70,	50,	'2025-02-28 18:00:00',	'0',	'2025-02-12 15:20:45.595',	'2025-02-12 15:20:45.602378',	NULL,	386,	15,	5,	12),
(320,	70,	50,	'2025-02-28 17:00:00',	'0',	'2025-02-12 15:22:32.881',	'2025-02-12 15:22:32.882555',	NULL,	387,	15,	5,	12),
(321,	100,	50,	'2025-02-28 16:00:00',	'0',	'2025-02-12 16:31:44.881',	'2025-02-12 16:31:44.884672',	NULL,	388,	15,	6,	12),
(322,	70,	50,	'2025-02-28 15:00:00',	'0',	'2025-02-12 16:33:18.386',	'2025-02-12 16:33:18.390484',	NULL,	389,	15,	5,	12),
(325,	70,	50,	'2025-02-28 11:30:00',	'0',	'2025-02-12 17:19:55.965',	'2025-02-12 17:19:55.968714',	NULL,	394,	15,	5,	12),
(327,	70,	50,	'2025-02-28 10:00:00',	'0',	'2025-02-12 18:10:41.495',	'2025-02-12 18:10:41.499729',	NULL,	396,	15,	5,	12),
(330,	70,	50,	'2025-02-28 08:00:00',	'0',	'2025-02-13 13:09:46.223',	'2025-02-13 13:09:46.226257',	NULL,	401,	15,	5,	12),
(338,	200,	60,	'2025-02-19 19:00:00',	'0',	'2025-02-13 16:37:46.807',	'2025-02-13 16:37:46.813029',	NULL,	409,	15,	7,	12),
(358,	70,	50,	'2025-02-17 08:00:00',	'0',	'2025-02-15 18:15:02.19',	'2025-02-15 18:15:02.200184',	NULL,	429,	15,	5,	12),
(389,	70,	50,	'2025-02-19 08:00:00',	'0',	'2025-02-18 23:11:39.231',	'2025-02-18 23:11:39.241946',	NULL,	463,	15,	5,	12),
(390,	70,	50,	'2025-02-19 16:00:00',	'0',	'2025-02-18 23:12:14.635',	'2025-02-18 23:12:14.648179',	NULL,	464,	15,	5,	12),
(382,	70,	50,	'2025-02-05 11:00:00',	'0',	'2025-02-17 21:00:09.441',	'2025-02-27 20:54:17.947621',	NULL,	456,	15,	5,	12),
(428,	70,	50,	'2025-02-28 19:00:00',	'0',	'2025-02-28 17:02:17.448',	'2025-02-28 17:02:17.479245',	NULL,	502,	15,	5,	12),
(431,	70,	50,	'2025-03-25 15:00:00',	'0',	'2025-03-03 12:53:53.784',	'2025-03-03 12:53:53.79533',	NULL,	505,	15,	5,	12),
(434,	100,	50,	'2025-03-06 13:00:00',	'0',	'2025-03-03 12:57:31.484',	'2025-03-03 12:57:31.504159',	NULL,	508,	15,	6,	12),
(440,	70,	50,	'2025-03-26 15:00:00',	'0',	'2025-03-09 22:26:39.21',	'2025-03-09 22:26:39.221725',	NULL,	514,	15,	5,	12),
(15,	70,	50,	'2025-04-28 12:00:00',	'0',	'2025-04-28 11:34:04.343',	'2025-04-28 11:34:04.371244',	NULL,	16,	15,	5,	12),
(477,	70,	50,	'2025-05-08 12:00:00',	'0',	'2025-05-08 10:57:44.323',	'2025-05-08 10:57:44.362087',	NULL,	548,	15,	5,	12),
(478,	100,	50,	'2025-05-08 13:00:00',	'0',	'2025-05-08 11:03:22.824',	'2025-05-08 11:03:22.84472',	NULL,	550,	15,	6,	12),
(453,	70,	50,	'2025-05-12 16:30:00',	'0',	'2025-04-29 17:18:50.292',	'2025-04-29 17:23:57.215373',	NULL,	527,	15,	5,	12),
(433,	100,	50,	'2025-03-27 19:00:00',	'1',	'2025-03-03 12:55:33.631',	'2025-04-29 18:51:01.181822',	NULL,	507,	15,	6,	12),
(464,	70,	50,	'2025-05-05 17:00:00',	'1',	'2025-05-05 09:52:24.195',	'2025-05-05 10:25:21.874111',	NULL,	534,	15,	5,	12),
(470,	200,	60,	'2025-05-05 18:00:00',	'0',	'2025-05-05 17:38:16.996',	'2025-05-05 17:38:17.021345',	NULL,	540,	15,	7,	12),
(473,	70,	50,	'2025-05-12 15:00:00',	'0',	'2025-05-07 15:54:20.02',	'2025-05-08 19:56:41.191368',	NULL,	544,	15,	5,	12),
(479,	70,	50,	'2025-05-08 18:30:00',	'1',	'2025-05-08 11:13:02.395',	'2025-05-08 19:58:16.573071',	NULL,	552,	15,	5,	12),
(482,	70,	50,	'2025-05-14 19:00:00',	'0',	'2025-05-08 19:51:56.921',	'2025-05-14 18:37:57.047306',	NULL,	555,	15,	5,	12),
(488,	70,	50,	'2025-05-09 14:30:00',	'0',	'2025-05-09 14:15:28.391',	'2025-05-09 14:15:28.419973',	NULL,	562,	15,	5,	12),
(489,	70,	50,	'2025-05-09 18:30:00',	'0',	'2025-05-09 14:16:15',	'2025-05-09 14:16:15.02556',	NULL,	563,	15,	5,	12),
(503,	70,	50,	'2025-05-27 15:00:00',	'0',	'2025-05-14 22:49:25.905',	'2025-05-14 22:49:25.931547',	NULL,	577,	15,	5,	12),
(507,	70,	50,	'2025-05-16 15:00:00',	'0',	'2025-05-14 23:18:51.104',	'2025-05-14 23:18:51.1348',	NULL,	581,	15,	5,	12),
(511,	100,	50,	'2025-05-19 15:30:00',	'0',	'2025-05-14 23:51:27.89',	'2025-05-14 23:51:27.916031',	NULL,	585,	15,	6,	12),
(513,	70,	50,	'2025-05-15 11:30:00',	'0',	'2025-05-15 11:05:49.142',	'2025-05-15 11:05:49.171124',	NULL,	587,	15,	5,	12),
(462,	100,	50,	'2025-05-13 09:00:00',	'0',	'2025-04-30 17:47:33.139',	'2025-05-19 13:22:51.348092',	NULL,	533,	5,	6,	12),
(544,	95,	50,	'2025-06-09 11:30:00',	'0',	'2025-06-09 11:10:46.334',	'2025-06-09 11:10:46.402504',	NULL,	618,	13,	1,	2),
(501,	70,	50,	'2025-06-09 19:00:00',	'0',	'2025-05-14 22:40:41.088',	'2025-06-09 11:11:49.643155',	NULL,	575,	15,	5,	8),
(546,	70,	50,	'2025-06-09 18:00:00',	'0',	'2025-06-09 11:17:45.59',	'2025-06-09 11:17:45.658983',	NULL,	620,	15,	5,	8),
(547,	95,	50,	'2025-06-09 19:00:00',	'0',	'2025-06-09 11:34:39.357',	'2025-06-09 11:34:39.42898',	NULL,	621,	5,	1,	3),
(548,	95,	50,	'2025-06-09 19:00:00',	'0',	'2025-06-09 11:38:19.732',	'2025-06-09 11:38:19.810781',	NULL,	622,	14,	1,	1),
(549,	95,	50,	'2025-06-09 17:00:00',	'0',	'2025-06-09 12:13:04.635',	'2025-06-09 12:13:04.726788',	NULL,	623,	14,	1,	2),
(550,	95,	50,	'2025-06-09 19:00:00',	'0',	'2025-06-09 12:25:27.258',	'2025-06-09 12:25:27.357389',	NULL,	624,	13,	1,	2),
(551,	95,	50,	'2025-07-03 19:00:00',	'0',	'2025-06-09 12:27:44.606',	'2025-06-09 12:27:44.697112',	NULL,	625,	13,	1,	3),
(552,	95,	50,	'2025-06-09 17:00:00',	'0',	'2025-06-09 12:30:03.826',	'2025-06-09 12:30:03.924769',	NULL,	626,	5,	1,	1),
(553,	95,	50,	'2025-06-09 17:30:00',	'0',	'2025-06-09 12:33:11.047',	'2025-06-09 12:33:11.235593',	NULL,	627,	13,	1,	3),
(554,	95,	50,	'2025-06-09 16:30:00',	'0',	'2025-06-09 13:33:05.371',	'2025-06-09 13:33:05.781825',	NULL,	628,	13,	1,	3),
(545,	70,	50,	'2025-06-11 19:00:00',	'0',	'2025-06-09 11:13:17.331',	'2025-06-09 14:35:13.175181',	NULL,	619,	15,	5,	8),
(556,	95,	50,	'2025-06-16 18:00:00',	'0',	'2025-06-14 20:57:52.453',	'2025-06-14 20:57:52.480873',	NULL,	630,	5,	1,	3),
(559,	95,	50,	'2025-06-16 16:00:00',	'0',	'2025-06-14 21:36:25.689',	'2025-06-14 21:36:25.732591',	NULL,	632,	14,	1,	1),
(561,	110,	60,	'2025-06-16 16:00:00',	'0',	'2025-06-14 21:36:25.79',	'2025-06-14 21:36:25.81769',	NULL,	632,	6,	14,	5),
(562,	95,	50,	'2025-06-16 11:00:00',	'0',	'2025-06-14 23:20:55.552',	'2025-06-14 23:20:55.590406',	NULL,	633,	5,	1,	2),
(564,	110,	60,	'2025-06-16 11:00:00',	'0',	'2025-06-14 23:20:55.653',	'2025-06-14 23:20:55.681788',	NULL,	633,	11,	14,	5),
(565,	95,	50,	'2025-06-16 12:00:00',	'0',	'2025-06-14 23:23:59.356',	'2025-06-14 23:23:59.397406',	NULL,	634,	14,	1,	2),
(567,	110,	60,	'2025-06-16 13:40:00',	'0',	'2025-06-14 23:23:59.461',	'2025-06-14 23:23:59.491062',	NULL,	634,	7,	14,	4),
(571,	95,	50,	'2025-06-17 16:00:00',	'0',	'2025-06-15 09:36:31.721',	'2025-06-15 10:56:36.561469',	NULL,	636,	5,	1,	2),
(570,	110,	60,	'2025-06-27 17:00:00',	'0',	'2025-06-15 09:03:08.364',	'2025-06-16 10:28:46.942593',	NULL,	635,	29,	14,	4),
(555,	95,	50,	'2025-06-16 12:00:00',	'0',	'2025-06-14 20:56:10.855',	'2025-06-16 10:29:16.331227',	NULL,	629,	5,	1,	1),
(557,	100,	50,	'2025-06-16 18:00:00',	'1',	'2025-06-14 20:57:52.498',	'2025-06-18 22:46:16.196051',	NULL,	630,	15,	6,	12),
(573,	95,	50,	'2025-06-16 11:00:00',	'0',	'2025-06-15 18:33:32.986',	'2025-06-15 18:33:33.019696',	NULL,	638,	14,	1,	3),
(575,	110,	60,	'2025-06-16 12:40:00',	'0',	'2025-06-15 18:33:33.08',	'2025-06-15 18:33:33.108913',	NULL,	638,	11,	14,	4),
(576,	95,	50,	'2025-06-16 09:00:00',	'0',	'2025-06-15 18:36:10.604',	'2025-06-15 18:36:10.631705',	NULL,	639,	14,	1,	1),
(572,	70,	50,	'2025-06-17 16:00:00',	'1',	'2025-06-15 17:31:55.519',	'2025-06-17 15:02:47.005645',	NULL,	637,	15,	5,	12),
(560,	100,	50,	'2025-06-16 16:00:00',	'1',	'2025-06-14 21:36:25.751',	'2025-06-18 22:46:33.769624',	NULL,	632,	15,	6,	8),
(577,	100,	50,	'2025-06-16 09:50:00',	'1',	'2025-06-15 18:36:10.648',	'2025-06-18 22:50:30.698664',	NULL,	639,	15,	6,	12),
(563,	100,	50,	'2025-06-16 11:00:00',	'1',	'2025-06-14 23:20:55.609',	'2025-06-18 22:50:40.462812',	NULL,	633,	15,	6,	8),
(574,	100,	50,	'2025-06-16 11:50:00',	'1',	'2025-06-15 18:33:33.036',	'2025-06-18 22:50:50.190747',	NULL,	638,	15,	6,	8),
(566,	100,	50,	'2025-06-16 12:50:00',	'1',	'2025-06-14 23:23:59.418',	'2025-06-18 22:51:00.925573',	NULL,	634,	15,	6,	12),
(569,	100,	50,	'2025-06-27 17:00:00',	'1',	'2025-06-15 09:03:08.301',	'2025-07-27 12:44:40.894767',	NULL,	635,	15,	6,	12),
(578,	110,	60,	'2025-06-16 10:40:00',	'0',	'2025-06-15 18:36:10.689',	'2025-06-15 18:36:10.716405',	NULL,	639,	6,	14,	4),
(581,	95,	50,	'2025-06-16 11:00:00',	'0',	'2025-06-15 19:10:12.824',	'2025-06-15 19:10:12.856555',	NULL,	642,	13,	1,	1),
(583,	95,	50,	'2025-06-16 08:00:00',	'0',	'2025-06-15 19:22:17.576',	'2025-06-15 19:22:17.604442',	NULL,	644,	14,	1,	1),
(587,	95,	50,	'2025-06-16 08:00:00',	'0',	'2025-06-15 20:17:35.482',	'2025-06-15 20:17:35.511702',	NULL,	648,	13,	1,	3),
(591,	95,	50,	'2025-06-16 08:00:00',	'0',	'2025-06-15 20:49:21.681',	'2025-06-15 20:49:21.712009',	NULL,	652,	5,	1,	2),
(593,	95,	50,	'2025-06-16 09:00:00',	'0',	'2025-06-15 20:55:35.735',	'2025-06-15 20:55:35.76683',	NULL,	654,	5,	1,	2),
(595,	200,	60,	'2025-06-17 11:00:00',	'0',	'2025-06-15 21:08:37.57',	'2025-06-15 21:08:37.602205',	NULL,	656,	15,	7,	12),
(606,	95,	50,	'2025-07-04 17:00:00',	'0',	'2025-06-17 14:56:38.467',	'2025-06-19 11:46:53.066329',	NULL,	665,	5,	1,	2),
(579,	95,	50,	'2025-06-17 12:00:00',	'0',	'2025-06-15 18:38:07.711',	'2025-06-16 10:27:21.321602',	NULL,	640,	14,	1,	1),
(568,	95,	50,	'2025-06-27 17:00:00',	'0',	'2025-06-15 09:03:08.217',	'2025-06-16 10:28:46.89654',	NULL,	635,	5,	1,	2),
(601,	95,	50,	'2025-06-17 08:00:00',	'0',	'2025-06-16 20:17:05.309',	'2025-06-16 20:17:05.352173',	NULL,	661,	5,	1,	1),
(602,	95,	50,	'2025-07-01 17:00:00',	'0',	'2025-06-16 20:17:12.363',	'2025-06-16 20:21:26.322757',	NULL,	662,	14,	1,	2),
(596,	95,	50,	'2025-06-17 08:00:00',	'0',	'2025-06-16 09:46:03.425',	'2025-06-16 20:31:45.804082',	NULL,	657,	13,	1,	2),
(600,	100,	50,	'2025-06-17 13:50:00',	'1',	'2025-06-16 09:53:57.271',	'2025-06-16 20:34:51.80232',	NULL,	660,	15,	6,	12),
(599,	95,	50,	'2025-06-17 13:00:00',	'1',	'2025-06-16 09:53:57.224',	'2025-06-16 20:39:16.406958',	NULL,	660,	13,	1,	2),
(594,	200,	60,	'2025-06-17 10:00:00',	'1',	'2025-06-15 21:06:15.097',	'2025-06-17 10:21:00.446437',	NULL,	655,	15,	7,	12),
(589,	200,	60,	'2025-06-17 08:00:00',	'1',	'2025-06-15 20:31:15.295',	'2025-06-17 13:28:35.765951',	NULL,	650,	15,	7,	12),
(590,	200,	60,	'2025-06-17 09:00:00',	'1',	'2025-06-15 20:35:12.874',	'2025-06-17 13:28:45.39633',	NULL,	651,	15,	7,	12),
(603,	70,	50,	'2025-06-18 13:00:00',	'0',	'2025-06-17 14:02:44.69',	'2025-06-17 14:02:44.72882',	NULL,	663,	15,	5,	12),
(604,	95,	50,	'2025-06-17 19:00:00',	'0',	'2025-06-17 14:03:19.712',	'2025-06-17 14:53:46.690611',	NULL,	664,	5,	1,	2),
(619,	95,	50,	'2025-06-19 12:30:00',	'0',	'2025-06-19 12:23:39.564',	'2025-06-19 12:23:39.565627',	NULL,	676,	14,	1,	1),
(608,	110,	60,	'2025-07-04 18:40:00',	'0',	'2025-06-17 14:56:38.559',	'2025-06-17 14:56:38.60207',	NULL,	665,	7,	14,	4),
(605,	100,	50,	'2025-06-17 19:00:00',	'1',	'2025-06-17 14:03:19.753',	'2025-06-17 15:02:09.707554',	NULL,	664,	15,	6,	8),
(592,	95,	50,	'2025-06-18 19:00:00',	'0',	'2025-06-15 20:53:27.631',	'2025-06-18 16:47:37.220604',	NULL,	653,	14,	1,	2),
(580,	70,	50,	'2025-06-17 15:00:00',	'1',	'2025-06-15 18:59:40.29',	'2025-06-18 22:44:35.214657',	NULL,	641,	15,	5,	8),
(598,	100,	50,	'2025-06-17 13:00:00',	'1',	'2025-06-16 09:50:11.304',	'2025-06-18 22:44:46.388034',	NULL,	659,	15,	6,	12),
(597,	70,	50,	'2025-06-17 12:00:00',	'1',	'2025-06-16 09:47:58.022',	'2025-06-18 22:44:56.904193',	NULL,	658,	15,	5,	8),
(582,	70,	50,	'2025-06-16 19:00:00',	'1',	'2025-06-15 19:13:52.313',	'2025-06-18 22:46:07.07417',	NULL,	643,	15,	5,	12),
(588,	200,	60,	'2025-06-16 17:00:00',	'1',	'2025-06-15 20:26:35.676',	'2025-06-18 22:46:25.405909',	NULL,	649,	15,	7,	12),
(586,	200,	60,	'2025-06-16 15:00:00',	'1',	'2025-06-15 20:07:43.913',	'2025-06-18 22:46:42.271763',	NULL,	647,	15,	7,	12),
(585,	200,	60,	'2025-06-16 14:00:00',	'1',	'2025-06-15 20:04:55.365',	'2025-06-18 22:46:54.554453',	NULL,	646,	15,	7,	12),
(584,	200,	60,	'2025-06-16 08:00:00',	'1',	'2025-06-15 19:53:11.811',	'2025-06-18 22:47:03.696136',	NULL,	645,	15,	7,	12),
(610,	200,	60,	'2025-06-19 08:00:00',	'0',	'2025-06-19 01:23:30.608',	'2025-06-19 01:23:30.64542',	NULL,	667,	15,	7,	12),
(609,	70,	50,	'2025-06-19 09:00:00',	'0',	'2025-06-19 01:11:56.134',	'2025-06-19 01:27:47.257192',	NULL,	666,	15,	5,	8),
(611,	95,	50,	'2025-06-19 08:00:00',	'0',	'2025-06-19 01:29:50.461',	'2025-06-19 01:29:50.499117',	NULL,	668,	14,	1,	1),
(613,	95,	50,	'2025-06-19 09:00:00',	'0',	'2025-06-19 01:38:01.91',	'2025-06-19 01:38:01.949236',	NULL,	670,	14,	1,	1),
(614,	100,	50,	'2025-06-19 09:50:00',	'1',	'2025-06-19 01:38:01.964',	'2025-06-19 01:40:42.773924',	NULL,	670,	15,	6,	8),
(607,	100,	50,	'2025-07-04 17:50:00',	'1',	'2025-06-17 14:56:38.513',	'2025-06-19 01:41:54.212214',	NULL,	665,	15,	6,	8),
(612,	95,	50,	'2025-06-19 18:00:00',	'0',	'2025-06-19 01:36:31.585',	'2025-06-19 01:47:27.33965',	NULL,	669,	5,	1,	2),
(615,	95,	50,	'2025-06-19 14:00:00',	'0',	'2025-06-19 11:15:29.379',	'2025-06-19 11:15:29.381621',	NULL,	671,	13,	1,	1),
(616,	95,	50,	'2025-06-19 11:30:00',	'0',	'2025-06-19 11:16:54.989',	'2025-06-19 11:16:54.991034',	NULL,	672,	13,	1,	2),
(618,	95,	50,	'2025-07-02 08:00:00',	'0',	'2025-06-19 11:21:02.99',	'2025-06-19 11:21:02.991298',	NULL,	675,	13,	1,	2),
(636,	80,	60,	'2025-08-22 19:00:00',	'0',	'2025-07-28 08:41:17.895',	'2025-07-28 08:41:17.930081',	NULL,	689,	5,	3,	2),
(637,	120,	80,	'2025-08-13 17:00:00',	'0',	'2025-07-28 08:42:02.056',	'2025-07-28 08:42:02.090291',	NULL,	690,	13,	2,	3),
(622,	95,	50,	'2025-06-19 13:30:00',	'0',	'2025-06-19 12:42:04.862',	'2025-06-19 12:42:04.86388',	NULL,	678,	14,	1,	2),
(623,	100,	50,	'2025-06-19 14:20:00',	'0',	'2025-06-19 12:42:04.894',	'2025-06-19 12:42:04.895262',	NULL,	678,	15,	6,	12),
(617,	70,	50,	'2025-06-24 19:00:00',	'0',	'2025-06-19 11:20:41.049',	'2025-06-19 12:47:32.423457',	NULL,	673,	15,	5,	12),
(620,	100,	50,	'2025-06-19 13:20:00',	'1',	'2025-06-19 12:23:39.594',	'2025-06-19 12:52:32.060633',	NULL,	676,	15,	6,	8),
(624,	70,	50,	'2025-06-19 18:00:00',	'1',	'2025-06-19 12:43:53.244',	'2025-06-19 13:14:59.540324',	NULL,	679,	15,	5,	8),
(625,	95,	50,	'2025-06-19 18:00:00',	'0',	'2025-06-19 13:16:25.7',	'2025-06-19 13:19:36.962058',	NULL,	680,	13,	1,	1),
(621,	70,	50,	'2025-06-27 19:00:00',	'1',	'2025-06-19 12:25:45.451',	'2025-07-27 12:44:31.50918',	NULL,	677,	15,	5,	8),
(634,	200,	60,	'2025-08-19 19:00:00',	'0',	'2025-07-28 08:40:34.932',	'2025-07-28 08:40:34.969763',	NULL,	687,	15,	7,	8),
(635,	70,	50,	'2025-08-14 15:00:00',	'0',	'2025-07-28 08:40:56.821',	'2025-07-28 08:40:56.860626',	NULL,	688,	15,	5,	12),
(630,	70,	50,	'2025-07-28 09:00:00',	'1',	'2025-07-28 08:23:59.988',	'2025-07-28 15:59:52.316533',	NULL,	684,	15,	5,	12),
(632,	100,	50,	'2025-07-28 09:50:00',	'1',	'2025-07-28 08:24:18.359',	'2025-07-28 16:00:02.833504',	NULL,	685,	15,	6,	12),
(631,	95,	50,	'2025-07-28 09:00:00',	'1',	'2025-07-28 08:24:18.318',	'2025-07-28 16:01:07.941294',	NULL,	685,	14,	1,	2),
(638,	95,	50,	'2025-07-28 17:00:00',	'0',	'2025-07-28 16:32:50.845',	'2025-07-28 16:32:50.884247',	NULL,	691,	5,	1,	3),
(633,	100,	50,	'2025-08-20 19:00:00',	'0',	'2025-07-28 08:39:39.767',	'2025-07-28 16:38:47.554084',	NULL,	686,	15,	6,	12),
(629,	70,	50,	'2025-07-28 19:00:00',	'1',	'2025-07-28 07:50:23.529',	'2025-07-28 16:42:04.67052',	NULL,	683,	15,	5,	12),
(639,	100,	50,	'2025-07-28 17:50:00',	'1',	'2025-07-28 16:32:50.917',	'2025-07-28 16:42:43.551894',	NULL,	691,	15,	6,	8),
(640,	70,	50,	'2025-07-28 17:00:00',	'0',	'2025-07-28 16:35:04.748',	'2025-07-28 16:46:41.895745',	NULL,	692,	15,	5,	8);

DROP TABLE IF EXISTS "packages";
DROP SEQUENCE IF EXISTS packages_id_seq;
CREATE SEQUENCE packages_id_seq INCREMENT 1 MINVALUE 1 MAXVALUE 2147483647 CACHE 1;

CREATE TABLE "public"."packages" (
    "id" integer DEFAULT nextval('packages_id_seq') NOT NULL,
    "name" character varying(255) NOT NULL,
    "description" character varying(255) NOT NULL,
    "created_at" timestamp DEFAULT now(),
    "updated_at" timestamp DEFAULT now(),
    "deleted_at" timestamp,
    CONSTRAINT "PK_020801f620e21f943ead9311c98" PRIMARY KEY ("id")
) WITH (oids = false);

TRUNCATE "packages";
INSERT INTO "packages" ("id", "name", "description", "created_at", "updated_at", "deleted_at") VALUES
(1,	'CORTE',	'DESCRIPCION DE CORTE',	'2024-12-14 10:35:46.527',	'2024-12-14 10:35:46.528357',	NULL),
(2,	'COLORACION',	'DESCRIPCION DE COLORACION',	'2024-12-14 10:36:00.145',	'2024-12-14 10:36:00.145793',	NULL),
(3,	'PEINADO',	'DESCRIPCION DE PEINADO',	'2024-12-14 10:36:10.331',	'2024-12-14 10:36:10.331973',	NULL),
(4,	'TRATAMIENTO',	'DESCRIPCION DE TRATAMIENTO',	'2024-12-14 10:36:20.133',	'2024-12-14 10:36:20.133625',	NULL),
(5,	'LIMPIEZA FACIAL',	'DESCRIPCION DE LIMPIEZA FACIAL',	'2024-12-14 10:36:31.404',	'2024-12-14 10:36:31.405229',	NULL),
(6,	'MASCARILLA',	'DESCRIPCION DE MASCARILLA',	'2024-12-14 10:36:41.564',	'2024-12-14 10:36:41.565573',	NULL),
(7,	'PEELING QUIMICO',	'DESCRIPCION DE PEELING QUIMICO',	'2024-12-14 10:36:52.14',	'2024-12-14 10:36:52.140752',	NULL),
(8,	'REAFIRMANTE',	'DESCRIPCION DE REAFIRMANTE',	'2024-12-14 10:37:04.157',	'2024-12-14 10:37:04.157712',	NULL),
(9,	'PIERNAS',	'DESCRIPCION DE PIERNAS',	'2024-12-14 10:37:16.569',	'2024-12-14 10:37:16.570702',	NULL),
(10,	'AXIAS',	'DESCRIPCION DE AXIAS',	'2024-12-14 10:37:26.995',	'2024-12-14 10:37:26.995512',	NULL),
(11,	'BOZO',	'DESCRIPCION DE BOZO',	'2024-12-14 10:37:39.309',	'2024-12-14 10:37:39.310299',	NULL),
(12,	'LIMPIEZA',	'DESCRIPCION DE LIMPIEZA',	'2024-12-14 10:37:50.85',	'2024-12-14 10:37:50.850763',	NULL),
(13,	'TRADICIONAL',	'DESCRIPCION DE TRADICIONAL',	'2024-12-14 10:38:00.067',	'2024-12-14 10:38:00.068256',	NULL),
(14,	'SEMIS',	'DESCRIPCION DE SEMIS',	'2024-12-14 10:38:09.089',	'2024-12-14 10:38:09.090456',	NULL),
(15,	'CAPPING',	'DESCRIPCION DE CAPPING',	'2024-12-14 10:38:18.573',	'2024-12-14 10:38:18.57429',	NULL),
(16,	'LIMPIEZA PIES',	'DESCRIPCION DE LIMPIEZA PIES',	'2024-12-14 10:38:46.077',	'2024-12-14 10:38:46.078008',	NULL),
(17,	'SEMIS PIES',	'DESCRIPCION DE SEMIS PIES',	'2024-12-14 10:39:02.167',	'2024-12-14 10:39:02.16736',	NULL),
(18,	'EXTENSIONES',	'DESCRIPCION DE EXTENSIONES',	'2024-12-14 10:39:12.513',	'2024-12-14 10:39:12.513677',	NULL),
(19,	'CEJAS',	'DESCRIPCION DE CEJAS',	'2024-12-14 10:39:23.755',	'2024-12-14 10:39:23.755874',	NULL),
(20,	'CORPORAL',	'DESCRIPCION DE CORPORAL',	'2024-12-14 10:39:33.219',	'2024-12-14 10:39:33.219621',	NULL),
(21,	'ESPALDA',	'DESCRIPCION DE ESPALDA',	'2024-12-14 10:39:42.148',	'2024-12-14 10:39:42.149123',	NULL),
(22,	'NOVIA',	'DESCRIPCION DE NOVIA',	'2024-12-14 10:39:51.661',	'2024-12-14 10:39:51.661538',	NULL),
(23,	'CORTE + MASCARILLA',	'DESCRIPCION DE CORTE + MASCARILLA',	'2024-12-14 10:40:33.932',	'2024-12-14 10:40:33.932689',	NULL),
(24,	'CORTE + MASCARILLA + SEMIS',	'DESCRIPCION DE CORTE + MASCARILLA + SEMIS',	'2024-12-14 10:41:02.076',	'2024-12-14 10:41:02.077107',	NULL),
(25,	'SEMIS PIES Y MANOS',	'DESCRIPCION DE SEMIS PIES Y MANOS',	'2024-12-14 10:41:31.25',	'2024-12-14 10:41:31.251246',	NULL),
(26,	'SEMIS PIES Y MANOS + EXTENSIONES',	'DESCRIPCION DE SEMIS PIES Y MANOS + EXTENSIONES',	'2024-12-14 10:42:11.793',	'2024-12-14 10:42:11.793296',	NULL),
(27,	'DEPILACION COMPLETO',	'DESCRIPCION DE DEPILACION COMPLETO',	'2024-12-14 10:42:56.776',	'2024-12-14 10:42:56.777683',	NULL),
(28,	'COMBO NOVIA',	'DESCRIPCION DE COMBO NOVIA',	'2024-12-14 10:43:51.258',	'2024-12-14 10:43:51.258522',	NULL),
(29,	'COMBO NOVIA COMPLETO',	'DESCRIPCION DE COMBO NOVIA COMPLETO',	'2024-12-14 10:44:55.516',	'2025-05-26 16:31:38.863',	NULL),
(30,	'PROBANDO',	'PROBANDO EL SERVICIO',	'2025-05-26 16:37:41.852',	'2025-06-03 10:46:33.663',	NULL);

DROP TABLE IF EXISTS "packages_services_services";
CREATE TABLE "public"."packages_services_services" (
    "packagesId" integer NOT NULL,
    "servicesId" integer NOT NULL,
    CONSTRAINT "PK_8cbf59404699865cb380976ca3e" PRIMARY KEY ("packagesId", "servicesId")
) WITH (oids = false);

CREATE INDEX "IDX_7bb69971334672696e50ae6281" ON public.packages_services_services USING btree ("packagesId");

CREATE INDEX "IDX_adbcc75b45acbfa1c0d46717d0" ON public.packages_services_services USING btree ("servicesId");

TRUNCATE "packages_services_services";
INSERT INTO "packages_services_services" ("packagesId", "servicesId") VALUES
(1,	1),
(2,	2),
(3,	3),
(4,	4),
(5,	5),
(6,	6),
(7,	7),
(8,	8),
(9,	9),
(10,	10),
(11,	11),
(12,	12),
(13,	13),
(14,	14),
(15,	15),
(16,	17),
(17,	18),
(18,	19),
(19,	20),
(20,	21),
(21,	22),
(22,	23),
(23,	1),
(23,	6),
(24,	1),
(24,	6),
(24,	14),
(25,	14),
(25,	18),
(26,	14),
(26,	18),
(26,	19),
(27,	9),
(27,	10),
(27,	11),
(28,	3),
(28,	23),
(29,	3),
(29,	15),
(29,	18),
(29,	23),
(29,	17),
(30,	18),
(30,	17);

DROP TABLE IF EXISTS "payments";
DROP SEQUENCE IF EXISTS payments_id_seq;
CREATE SEQUENCE payments_id_seq INCREMENT 1 MINVALUE 1 MAXVALUE 2147483647 CACHE 1;

CREATE TABLE "public"."payments" (
    "id" integer DEFAULT nextval('payments_id_seq') NOT NULL,
    "datetime" timestamp,
    "amount" double precision DEFAULT '0',
    "payment_method" payments_payment_method_enum DEFAULT 'EFECTIVO' NOT NULL,
    "payment_type" payments_payment_type_enum DEFAULT 'TOTAL' NOT NULL,
    "status" payments_status_enum DEFAULT 'PENDIENTE' NOT NULL,
    "observation" character varying(255) NOT NULL,
    "transaction_id" character varying(255) NOT NULL,
    "paymentURL" character varying(255) NOT NULL,
    "created_at" timestamp DEFAULT now(),
    "updated_at" timestamp DEFAULT now(),
    "deleted_at" timestamp,
    "appointmentId" integer NOT NULL,
    CONSTRAINT "PK_197ab7af18c93fbb0c9b28b4a59" PRIMARY KEY ("id")
) WITH (oids = false);

TRUNCATE "payments";
INSERT INTO "payments" ("id", "datetime", "amount", "payment_method", "payment_type", "status", "observation", "transaction_id", "paymentURL", "created_at", "updated_at", "deleted_at", "appointmentId") VALUES
(33,	NULL,	0,	'MERCADOPAGO',	'TOTAL',	'PENDIENTE',	'',	'',	'2243585522-add253a3-d1b9-442c-9cdf-47b29ec54a79',	'2025-02-03 13:59:56.707',	'2025-02-03 13:59:56.711967',	NULL,	286),
(34,	NULL,	0,	'MERCADOPAGO',	'TOTAL',	'PENDIENTE',	'',	'',	'2243585522-c56b2fa2-9b2f-4b89-a217-4f80b7c69ae3',	'2025-02-03 14:01:07.351',	'2025-02-03 14:01:07.363825',	NULL,	287),
(35,	NULL,	0,	'MERCADOPAGO',	'TOTAL',	'PENDIENTE',	'',	'',	'2243585522-6384f34b-2eb3-4fff-8772-80e4a01e1a52',	'2025-02-03 14:01:52.761',	'2025-02-03 14:01:52.763083',	NULL,	288),
(36,	NULL,	0,	'MERCADOPAGO',	'TOTAL',	'PENDIENTE',	'',	'',	'2243585522-81bb37c0-57d0-4f59-aa22-3a8f638d5650',	'2025-02-03 14:02:45.768',	'2025-02-03 14:02:45.769753',	NULL,	290),
(37,	NULL,	0,	'MERCADOPAGO',	'TOTAL',	'PENDIENTE',	'',	'',	'2243585522-220a3f5f-9bb7-4e3b-b81a-574e92ca95f9',	'2025-02-03 14:08:31.165',	'2025-02-03 14:08:31.168173',	NULL,	291),
(38,	NULL,	0,	'MERCADOPAGO',	'TOTAL',	'PENDIENTE',	'',	'',	'2243585522-ee9e6353-515c-4f5e-aee7-1db440700f1b',	'2025-02-03 14:08:51.27',	'2025-02-03 14:08:51.272748',	NULL,	292),
(39,	NULL,	0,	'MERCADOPAGO',	'TOTAL',	'PENDIENTE',	'',	'',	'2243585522-2f660001-1fe1-44c4-a7aa-77e1c06cc3aa',	'2025-02-03 14:19:43.96',	'2025-02-03 14:19:43.960887',	NULL,	294),
(40,	NULL,	0,	'MERCADOPAGO',	'TOTAL',	'PENDIENTE',	'',	'',	'2243585522-53bec0ae-46f3-4e38-b4d1-8478f86c08d0',	'2025-02-03 14:20:25.427',	'2025-02-03 14:20:25.427541',	NULL,	295),
(41,	NULL,	0,	'MERCADOPAGO',	'TOTAL',	'PENDIENTE',	'',	'',	'2243585522-511e995c-0352-4717-82e0-043fccb5c7c1',	'2025-02-03 14:20:34.59',	'2025-02-03 14:20:34.591388',	NULL,	296),
(42,	NULL,	0,	'MERCADOPAGO',	'TOTAL',	'PENDIENTE',	'',	'',	'2243585522-c2b68779-94e2-4520-9e92-f503e6d6918b',	'2025-02-03 14:20:40.655',	'2025-02-03 14:20:40.655869',	NULL,	297),
(43,	NULL,	0,	'MERCADOPAGO',	'TOTAL',	'PENDIENTE',	'',	'',	'2243585522-9704c354-04f1-4d95-87eb-7c4d8639e2d6',	'2025-02-03 14:20:50.038',	'2025-02-03 14:20:50.039198',	NULL,	298),
(44,	NULL,	0,	'MERCADOPAGO',	'TOTAL',	'PENDIENTE',	'',	'',	'2243585522-83ad7517-c078-406b-b15c-dabcc4d58a3c',	'2025-02-03 14:20:57.652',	'2025-02-03 14:20:57.653408',	NULL,	299),
(45,	NULL,	0,	'MERCADOPAGO',	'TOTAL',	'PENDIENTE',	'',	'',	'2243585522-a2744397-9439-4471-8e9f-e8dc52cea343',	'2025-02-03 14:21:11.456',	'2025-02-03 14:21:11.457214',	NULL,	300),
(46,	NULL,	0,	'MERCADOPAGO',	'TOTAL',	'PENDIENTE',	'',	'',	'2243585522-9cd4028e-de6a-4640-9f70-cb426f9bf1a1',	'2025-02-03 14:21:28.798',	'2025-02-03 14:21:28.799892',	NULL,	301),
(47,	NULL,	0,	'MERCADOPAGO',	'TOTAL',	'PENDIENTE',	'',	'',	'2243585522-38678cac-b11b-4296-9c5f-604d32ced06e',	'2025-02-03 14:22:04.365',	'2025-02-03 14:22:04.365973',	NULL,	302),
(48,	NULL,	0,	'MERCADOPAGO',	'TOTAL',	'PENDIENTE',	'',	'',	'2243585522-74b15958-d3e1-460d-a701-216ba36496e7',	'2025-02-03 14:22:16.443',	'2025-02-03 14:22:16.44487',	NULL,	303),
(49,	NULL,	0,	'MERCADOPAGO',	'TOTAL',	'PENDIENTE',	'',	'',	'2243585522-97605562-39d2-41ef-8a15-4efb69294b5a',	'2025-02-03 14:22:40.129',	'2025-02-03 14:22:40.129813',	NULL,	304),
(50,	NULL,	0,	'MERCADOPAGO',	'TOTAL',	'PENDIENTE',	'',	'',	'2243585522-ea65100a-56ff-4722-81c0-e88a148fc9b6',	'2025-02-03 14:22:49.779',	'2025-02-03 14:22:49.780165',	NULL,	306),
(51,	NULL,	0,	'MERCADOPAGO',	'TOTAL',	'PENDIENTE',	'',	'',	'2243585522-41d0f6d1-2c38-45aa-a32a-92fcde5c789e',	'2025-02-03 14:22:54.082',	'2025-02-03 14:22:54.082859',	NULL,	307),
(52,	NULL,	0,	'MERCADOPAGO',	'TOTAL',	'PENDIENTE',	'',	'',	'2243585522-5c6898ac-edb5-41a5-b181-5e8c8e79c7f2',	'2025-02-03 14:23:10.18',	'2025-02-03 14:23:10.181602',	NULL,	308),
(53,	NULL,	0,	'MERCADOPAGO',	'TOTAL',	'PENDIENTE',	'',	'',	'2243585522-564e8b76-aa56-4825-a465-1f181801f119',	'2025-02-03 14:23:24.509',	'2025-02-03 14:23:24.510954',	NULL,	309),
(54,	NULL,	0,	'MERCADOPAGO',	'TOTAL',	'PENDIENTE',	'',	'',	'2243585522-01fd88d0-871f-4a22-a2e4-86d0161f71de',	'2025-02-03 14:23:40.546',	'2025-02-03 14:23:40.547776',	NULL,	310),
(55,	NULL,	0,	'MERCADOPAGO',	'TOTAL',	'PENDIENTE',	'',	'',	'2243585522-0ce34de7-5bcc-4d4d-aad1-099392bb40d2',	'2025-02-03 14:23:50.161',	'2025-02-03 14:23:50.162618',	NULL,	311),
(56,	NULL,	0,	'MERCADOPAGO',	'TOTAL',	'PENDIENTE',	'',	'',	'2243585522-b9bd1541-9149-410b-8b44-cf2c7754026d',	'2025-02-03 14:23:55.133',	'2025-02-03 14:23:55.135419',	NULL,	312),
(57,	NULL,	0,	'MERCADOPAGO',	'TOTAL',	'PENDIENTE',	'',	'',	'2243585522-2313a068-1f6e-471e-a4e2-e74f78dbe4b7',	'2025-02-03 14:24:06.749',	'2025-02-03 14:24:06.751418',	NULL,	313),
(58,	NULL,	0,	'MERCADOPAGO',	'TOTAL',	'PENDIENTE',	'',	'',	'2243585522-f8d8f8f7-f206-4187-a73b-78fe3fb6c7b4',	'2025-02-03 14:24:08.103',	'2025-02-03 14:24:08.104523',	NULL,	314),
(59,	NULL,	0,	'MERCADOPAGO',	'TOTAL',	'PENDIENTE',	'',	'',	'2243585522-9b5cc307-0606-405a-81cc-7fa2e90c8d52',	'2025-02-03 14:24:09.755',	'2025-02-03 14:24:09.756139',	NULL,	315),
(60,	NULL,	0,	'MERCADOPAGO',	'TOTAL',	'PENDIENTE',	'',	'',	'2243585522-fc0d34c8-b1fa-4857-bfa4-9816564fa2c9',	'2025-02-03 14:24:26.258',	'2025-02-03 14:24:26.260238',	NULL,	316),
(61,	NULL,	0,	'MERCADOPAGO',	'TOTAL',	'PENDIENTE',	'',	'',	'2243585522-40f90d13-70f9-4368-88bb-5eb9e117061a',	'2025-02-03 14:24:35.971',	'2025-02-03 14:24:35.973874',	NULL,	317),
(62,	NULL,	0,	'MERCADOPAGO',	'TOTAL',	'PENDIENTE',	'',	'',	'2243585522-c183fe2f-9725-44e3-a19e-7b096bff3db2',	'2025-02-03 14:24:37.652',	'2025-02-03 14:24:37.654602',	NULL,	318),
(63,	NULL,	0,	'MERCADOPAGO',	'TOTAL',	'PENDIENTE',	'',	'',	'2243585522-4572a897-9ad4-4744-892c-06f0995e653e',	'2025-02-03 14:24:42.532',	'2025-02-03 14:24:42.533555',	NULL,	319),
(64,	NULL,	0,	'MERCADOPAGO',	'TOTAL',	'PENDIENTE',	'',	'',	'2243585522-4a5350ef-1baf-4b7d-b140-2ec8baed8043',	'2025-02-03 14:24:45.374',	'2025-02-03 14:24:45.375637',	NULL,	320),
(65,	NULL,	0,	'MERCADOPAGO',	'TOTAL',	'PENDIENTE',	'',	'',	'2243585522-65f0155a-8428-4ac6-8b1a-25941bc0788b',	'2025-02-03 14:24:49.955',	'2025-02-03 14:24:49.956268',	NULL,	321),
(66,	NULL,	0,	'MERCADOPAGO',	'TOTAL',	'PENDIENTE',	'',	'',	'2243585522-27c0dc04-66e0-406d-a730-711b3ee35949',	'2025-02-03 14:25:06.97',	'2025-02-03 14:25:06.973428',	NULL,	322),
(67,	NULL,	0,	'MERCADOPAGO',	'TOTAL',	'PENDIENTE',	'',	'',	'2243585522-8fcec045-4cb0-42d5-a4d5-77e1e1a3aaf5',	'2025-02-03 14:25:10.454',	'2025-02-03 14:25:10.456707',	NULL,	323),
(68,	NULL,	0,	'MERCADOPAGO',	'TOTAL',	'PENDIENTE',	'',	'',	'2243585522-a227c940-678e-4476-91aa-a95de3734796',	'2025-02-03 14:25:18.881',	'2025-02-03 14:25:18.882924',	NULL,	324),
(69,	NULL,	0,	'MERCADOPAGO',	'TOTAL',	'PENDIENTE',	'',	'',	'2243585522-c173f745-b683-4a7e-b804-e93bbd1dd4d2',	'2025-02-03 14:25:21.217',	'2025-02-03 14:25:21.21949',	NULL,	325),
(70,	NULL,	0,	'MERCADOPAGO',	'TOTAL',	'PENDIENTE',	'',	'',	'2243585522-63547994-0d26-4508-8b80-d2c67596584e',	'2025-02-03 14:25:27.826',	'2025-02-03 14:25:27.829479',	NULL,	326),
(71,	NULL,	0,	'MERCADOPAGO',	'TOTAL',	'PENDIENTE',	'',	'',	'2243585522-b587c095-4f82-44de-825e-5c08d7f2d1b9',	'2025-02-03 14:25:43.305',	'2025-02-03 14:25:43.307738',	NULL,	327),
(72,	NULL,	0,	'MERCADOPAGO',	'TOTAL',	'PENDIENTE',	'',	'',	'2243585522-7393103e-a79a-4fe3-a384-f45325d4e811',	'2025-02-03 14:25:50.201',	'2025-02-03 14:25:50.203831',	NULL,	328),
(73,	NULL,	0,	'MERCADOPAGO',	'TOTAL',	'PENDIENTE',	'',	'',	'2243585522-7667da8a-071a-4818-ba54-a9b3eedd74bc',	'2025-02-03 14:25:57.981',	'2025-02-03 14:25:57.984026',	NULL,	330),
(74,	NULL,	0,	'MERCADOPAGO',	'TOTAL',	'PENDIENTE',	'',	'',	'2243585522-5c586f69-24b9-43d6-bba3-1fe4921e4580',	'2025-02-03 14:25:59.385',	'2025-02-03 14:25:59.387077',	NULL,	331),
(75,	NULL,	0,	'MERCADOPAGO',	'TOTAL',	'PENDIENTE',	'',	'',	'2243585522-d23b8cf2-2437-4a5d-aa0e-c00efc8a2302',	'2025-02-03 14:26:09.185',	'2025-02-03 14:26:09.189414',	NULL,	332),
(76,	NULL,	0,	'MERCADOPAGO',	'TOTAL',	'PENDIENTE',	'',	'',	'2243585522-121e81ed-0b81-47be-8362-852701cbaf18',	'2025-02-03 14:26:10.64',	'2025-02-03 14:26:10.643608',	NULL,	333),
(77,	NULL,	0,	'MERCADOPAGO',	'TOTAL',	'PENDIENTE',	'',	'',	'2243585522-d8739419-1eb0-48ed-95b1-36f261b19e35',	'2025-02-03 14:26:20.035',	'2025-02-03 14:26:20.038803',	NULL,	334),
(78,	NULL,	0,	'MERCADOPAGO',	'TOTAL',	'PENDIENTE',	'',	'',	'2243585522-25502544-91f3-4c40-8c08-c2c6db27bfec',	'2025-02-03 14:26:24.519',	'2025-02-03 14:26:24.521499',	NULL,	335),
(79,	NULL,	0,	'MERCADOPAGO',	'TOTAL',	'PENDIENTE',	'',	'',	'2243585522-622c65eb-8aec-4a2b-96ae-48286b40016e',	'2025-02-03 14:26:25.972',	'2025-02-03 14:26:25.97445',	NULL,	336),
(80,	NULL,	0,	'MERCADOPAGO',	'TOTAL',	'PENDIENTE',	'',	'',	'2243585522-675243c8-923b-4971-9d53-80fe7a9837c7',	'2025-02-03 14:26:30.407',	'2025-02-03 14:26:30.408826',	NULL,	337),
(81,	NULL,	0,	'MERCADOPAGO',	'TOTAL',	'PENDIENTE',	'',	'',	'2243585522-7aea0f27-d8fe-44ac-ac77-a30604e4875a',	'2025-02-03 14:26:39.315',	'2025-02-03 14:26:39.320448',	NULL,	339),
(82,	NULL,	0,	'MERCADOPAGO',	'TOTAL',	'PENDIENTE',	'',	'',	'2243585522-944286d2-dfec-4286-86a0-6d2eee9ce48c',	'2025-02-03 14:26:49.145',	'2025-02-03 14:26:49.148031',	NULL,	340),
(83,	NULL,	0,	'MERCADOPAGO',	'TOTAL',	'PENDIENTE',	'',	'',	'2243585522-1177df6c-cc93-496e-8831-7dc192d02c5b',	'2025-02-03 14:26:53.134',	'2025-02-03 14:26:53.139277',	NULL,	341),
(84,	NULL,	0,	'MERCADOPAGO',	'TOTAL',	'PENDIENTE',	'',	'',	'2243585522-2320be54-18ff-4da3-a8e7-cf7a3ef95be5',	'2025-02-03 14:26:54.619',	'2025-02-03 14:26:54.622059',	NULL,	342),
(85,	NULL,	0,	'MERCADOPAGO',	'TOTAL',	'PENDIENTE',	'',	'',	'2243585522-717a5a76-04a2-46e0-9ff9-5986d5f85639',	'2025-02-03 14:26:56.486',	'2025-02-03 14:26:56.488198',	NULL,	343),
(86,	NULL,	0,	'MERCADOPAGO',	'TOTAL',	'PENDIENTE',	'',	'',	'2243585522-cfd73273-eff3-4d82-9e92-6b793439c9df',	'2025-02-03 14:27:41.767',	'2025-02-03 14:27:41.771274',	NULL,	344),
(87,	NULL,	0,	'MERCADOPAGO',	'TOTAL',	'PENDIENTE',	'',	'',	'2243585522-98619f44-a82e-4c40-8930-5a01af32be53',	'2025-02-03 14:27:55.387',	'2025-02-03 14:27:55.393042',	NULL,	345),
(88,	NULL,	0,	'MERCADOPAGO',	'TOTAL',	'PENDIENTE',	'',	'',	'2243585522-d67ae573-25f9-4af8-be59-0dbdd26b74e8',	'2025-02-03 14:28:08.592',	'2025-02-03 14:28:08.59776',	NULL,	346),
(89,	NULL,	0,	'MERCADOPAGO',	'TOTAL',	'PENDIENTE',	'',	'',	'2243585522-75766aca-c2a9-4047-b25c-82c00cef5cf3',	'2025-02-03 14:28:22.073',	'2025-02-03 14:28:22.078206',	NULL,	347),
(90,	NULL,	0,	'MERCADOPAGO',	'TOTAL',	'PENDIENTE',	'',	'',	'2243585522-66491c19-82a9-47c6-96ff-052865d277b0',	'2025-02-03 14:28:35.749',	'2025-02-03 14:28:35.755226',	NULL,	348),
(91,	NULL,	0,	'MERCADOPAGO',	'TOTAL',	'PENDIENTE',	'',	'',	'2243585522-b6ecf2c8-ea1c-4289-a8fc-463f270ea511',	'2025-02-03 14:28:53.234',	'2025-02-03 14:28:53.239015',	NULL,	349),
(92,	NULL,	0,	'MERCADOPAGO',	'TOTAL',	'PENDIENTE',	'',	'',	'2243585522-c45f3a54-accc-4c79-9e15-c14a30a8292a',	'2025-02-03 14:29:06.205',	'2025-02-03 14:29:06.207951',	NULL,	350),
(93,	NULL,	0,	'MERCADOPAGO',	'TOTAL',	'PENDIENTE',	'',	'',	'2243585522-1e9e9692-9d1f-4610-9308-1e103919924a',	'2025-02-03 14:29:50.99',	'2025-02-03 14:29:50.996436',	NULL,	351),
(94,	NULL,	0,	'MERCADOPAGO',	'TOTAL',	'PENDIENTE',	'',	'',	'2243585522-48c5989d-46b7-4c49-ac25-149478e88a78',	'2025-02-03 14:30:17.175',	'2025-02-03 14:30:17.180535',	NULL,	352),
(95,	NULL,	0,	'MERCADOPAGO',	'TOTAL',	'PENDIENTE',	'',	'',	'2243585522-ba9c5a84-1835-45d2-8e3d-6fc43107fe61',	'2025-02-03 14:51:32.951',	'2025-02-03 14:51:32.952534',	NULL,	353),
(96,	NULL,	0,	'MERCADOPAGO',	'TOTAL',	'PENDIENTE',	'',	'',	'2243585522-a7d0a0f7-b708-489e-bc8b-4e5d0faca403',	'2025-02-03 17:35:48.081',	'2025-02-03 17:35:48.081992',	NULL,	354),
(97,	NULL,	0,	'MERCADOPAGO',	'TOTAL',	'PENDIENTE',	'',	'',	'2243585522-e2b9aee7-c545-4d4f-9125-f46d7d700dda',	'2025-02-03 18:09:04.716',	'2025-02-03 18:09:04.717182',	NULL,	355),
(98,	NULL,	0,	'MERCADOPAGO',	'TOTAL',	'PENDIENTE',	'',	'',	'2243585522-6112d53c-9836-485f-9d05-64857c626c11',	'2025-02-04 16:49:51.24',	'2025-02-04 16:49:51.241448',	NULL,	356),
(99,	NULL,	0,	'MERCADOPAGO',	'TOTAL',	'PENDIENTE',	'',	'',	'2243585522-9d777040-b43c-4ca1-99ac-865569e990db',	'2025-02-04 16:52:11.666',	'2025-02-04 16:52:11.666983',	NULL,	357),
(100,	NULL,	0,	'MERCADOPAGO',	'TOTAL',	'PENDIENTE',	'',	'',	'2243585522-1578987d-0ad3-4c26-a1c3-22f01b482be8',	'2025-02-04 16:55:18.18',	'2025-02-04 16:55:18.183586',	NULL,	358),
(101,	NULL,	0,	'EFECTIVO',	'TOTAL',	'PENDIENTE',	'',	'',	'2243585522-d39717ac-bb7e-4077-b133-42e5108f1b2e',	'2025-02-04 17:18:28.923',	'2025-02-04 17:18:28.924603',	NULL,	359),
(102,	NULL,	0,	'EFECTIVO',	'TOTAL',	'PENDIENTE',	'',	'',	'2243585522-5d593de0-0c9d-4a4e-9b5c-6f3252f27b55',	'2025-02-04 17:19:48.347',	'2025-02-04 17:19:48.348205',	NULL,	360),
(103,	NULL,	0,	'EFECTIVO',	'TOTAL',	'PENDIENTE',	'',	'',	'2243585522-01ded33c-85b6-4db5-bced-e6f7053ad5c1',	'2025-02-04 17:28:16.674',	'2025-02-04 17:28:16.676373',	NULL,	361),
(104,	NULL,	0,	'EFECTIVO',	'TOTAL',	'PENDIENTE',	'',	'',	'2243585522-83d71194-e1a8-4d0c-995d-4ca25e3039ec',	'2025-02-04 17:29:15.544',	'2025-02-04 17:29:15.545102',	NULL,	362),
(105,	NULL,	0,	'EFECTIVO',	'TOTAL',	'PENDIENTE',	'',	'',	'2243585522-e02dede7-94ab-4008-8a6d-abc75986ee0e',	'2025-02-04 19:27:57.994',	'2025-02-04 19:27:57.996798',	NULL,	363),
(106,	NULL,	0,	'EFECTIVO',	'TOTAL',	'PENDIENTE',	'',	'',	'2243585522-776d0197-1826-430f-9cdd-5a7bfffe2f2f',	'2025-02-05 19:00:12.422',	'2025-02-05 19:00:12.423938',	NULL,	364),
(107,	NULL,	0,	'EFECTIVO',	'TOTAL',	'PENDIENTE',	'',	'',	'2243585522-a587402d-2678-411c-b89b-50f19019a8e1',	'2025-02-06 10:00:01.902',	'2025-02-06 10:00:01.904834',	NULL,	365),
(108,	NULL,	0,	'EFECTIVO',	'TOTAL',	'PENDIENTE',	'',	'',	'2243585522-85360c75-d8ab-45a9-820c-d982a9e80107',	'2025-02-06 10:03:32.898',	'2025-02-06 10:03:32.900383',	NULL,	366),
(109,	NULL,	0,	'EFECTIVO',	'TOTAL',	'PENDIENTE',	'',	'',	'2243585522-dbd9158d-350f-4fb1-9d8e-957f02422d67',	'2025-02-06 10:09:00.737',	'2025-02-06 10:09:00.738464',	NULL,	367),
(110,	NULL,	0,	'EFECTIVO',	'TOTAL',	'PENDIENTE',	'',	'',	'2243585522-6fbe0efc-d9f0-40a8-b614-992ab2d7f35c',	'2025-02-06 10:10:03.932',	'2025-02-06 10:10:03.936183',	NULL,	368),
(111,	NULL,	0,	'EFECTIVO',	'TOTAL',	'PENDIENTE',	'',	'',	'2243585522-ad0e666d-b8a3-483e-a27f-d91573d76766',	'2025-02-06 10:37:42.386',	'2025-02-06 10:37:42.390429',	NULL,	369),
(112,	NULL,	0,	'EFECTIVO',	'TOTAL',	'PENDIENTE',	'',	'',	'2243585522-a13a4d84-fa20-45ba-ab93-435ba767b98a',	'2025-02-06 10:39:28.267',	'2025-02-06 10:39:28.27145',	NULL,	370),
(113,	NULL,	0,	'EFECTIVO',	'TOTAL',	'PENDIENTE',	'',	'',	'2243585522-0b040489-5ce1-46fc-b9ca-8066da14b6fd',	'2025-02-06 10:48:38.568',	'2025-02-06 10:48:38.574595',	NULL,	371),
(114,	NULL,	0,	'EFECTIVO',	'TOTAL',	'PENDIENTE',	'',	'',	'2243585522-a99ec0bd-3979-4fde-afbb-1e715f19f526',	'2025-02-07 16:26:11.233',	'2025-02-07 16:26:11.234908',	NULL,	372),
(117,	NULL,	0,	'EFECTIVO',	'TOTAL',	'PENDIENTE',	'',	'',	'2243585522-d1dcd03e-785e-4744-82e6-e6de8cc01d02',	'2025-02-11 17:09:18.466',	'2025-02-11 17:09:18.469767',	NULL,	375),
(118,	NULL,	0,	'EFECTIVO',	'TOTAL',	'PENDIENTE',	'',	'',	'2243585522-5dfa44a4-7e96-4431-926e-414cd78ed74e',	'2025-02-11 17:19:22.445',	'2025-02-11 17:19:22.449525',	NULL,	376),
(119,	NULL,	0,	'EFECTIVO',	'TOTAL',	'PENDIENTE',	'',	'',	'2243585522-31b1c05e-b9a6-4e87-950e-10636c01869f',	'2025-02-11 17:31:07.16',	'2025-02-11 17:31:07.162343',	NULL,	377),
(120,	NULL,	0,	'EFECTIVO',	'TOTAL',	'PENDIENTE',	'',	'',	'2243585522-50baa115-5cbb-4d1c-ba6d-ba60e89d8654',	'2025-02-11 17:51:33.218',	'2025-02-11 17:51:33.221042',	NULL,	378),
(121,	NULL,	0,	'EFECTIVO',	'TOTAL',	'PENDIENTE',	'',	'',	'2243585522-e8e7bf7d-5cfe-4fe9-ab44-a85abf912977',	'2025-02-12 12:16:17.891',	'2025-02-12 12:16:17.893992',	NULL,	379),
(122,	NULL,	0,	'EFECTIVO',	'TOTAL',	'PENDIENTE',	'',	'',	'2243585522-0d5875b3-8a0d-4d12-ab10-4e42a2720c5a',	'2025-02-12 12:23:33.642',	'2025-02-12 12:23:33.64429',	NULL,	380),
(123,	NULL,	0,	'EFECTIVO',	'TOTAL',	'PENDIENTE',	'',	'',	'2243585522-868b110c-d147-4f87-b7ae-9962a3978d1a',	'2025-02-12 12:28:48.832',	'2025-02-12 12:28:48.836874',	NULL,	381),
(124,	NULL,	0,	'EFECTIVO',	'TOTAL',	'PENDIENTE',	'',	'',	'2243585522-d7078fb8-68c5-410b-bee4-16ebd079014d',	'2025-02-12 12:31:44.542',	'2025-02-12 12:31:44.547758',	NULL,	382),
(125,	NULL,	0,	'EFECTIVO',	'TOTAL',	'PENDIENTE',	'',	'',	'2243585522-dd81057f-f6d3-488a-a508-077d99904cb6',	'2025-02-12 12:34:32.175',	'2025-02-12 12:34:32.177245',	NULL,	383),
(131,	NULL,	0,	'EFECTIVO',	'TOTAL',	'PENDIENTE',	'',	'',	'2243585522-45a2dad7-1cae-436e-b7ea-52ea63756b24',	'2025-02-12 16:33:19.373',	'2025-02-12 16:33:19.375999',	NULL,	389),
(136,	'2025-02-12 18:11:06.199',	70,	'MERCADOPAGO',	'TOTAL',	'COMPLETADO',	'',	'1322148374',	'2243585522-d9b6f067-777d-448e-994f-e4221deee511',	'2025-02-12 18:10:42.361',	'2025-02-12 18:11:06.200992',	NULL,	396),
(134,	'2025-02-12 17:20:14.057',	70,	'MERCADOPAGO',	'TOTAL',	'COMPLETADO',	'',	'1322147632',	'2243585522-aab8e6c5-11e9-465c-b278-42eca0dd308b',	'2025-02-12 17:19:56.848',	'2025-02-12 17:20:14.060501',	NULL,	394),
(137,	NULL,	0,	'EFECTIVO',	'TOTAL',	'PENDIENTE',	'',	'',	'2243585522-b7ad748b-53b4-4b3f-95cf-5d155424fe03',	'2025-02-13 12:58:56.958',	'2025-02-13 12:58:56.962587',	NULL,	397),
(135,	'2025-02-12 17:37:26.674',	70,	'MERCADOPAGO',	'TOTAL',	'COMPLETADO',	'',	'1322147962',	'2243585522-000cba97-f5f9-4ddc-b9b4-96cc3df98225',	'2025-02-12 17:37:08.518',	'2025-02-12 17:37:26.677492',	NULL,	395),
(138,	'2025-02-13 13:02:35.313',	80,	'MERCADOPAGO',	'TOTAL',	'COMPLETADO',	'',	'1322155744',	'2243585522-61dce8a6-7708-46e8-9d68-f7bc0a20ecc8',	'2025-02-13 13:02:11.425',	'2025-02-13 13:02:35.314905',	NULL,	398),
(140,	'2025-02-13 13:24:43.661',	120,	'MERCADOPAGO',	'TOTAL',	'COMPLETADO',	'',	'1322155966',	'2243585522-00e93ab4-9bed-42f7-8700-32b9bccefd89',	'2025-02-13 13:24:18.883',	'2025-02-13 13:24:18.887',	NULL,	402),
(139,	'2025-02-13 13:26:13.976',	70,	'MERCADOPAGO',	'TOTAL',	'COMPLETADO',	'',	'101860442435',	'2243585522-9ae663e7-7f83-4819-b4a6-e6241fe6ddae',	'2025-02-13 13:09:47.032',	'2025-02-13 13:26:13.977826',	NULL,	401),
(127,	'2025-02-13 13:52:47.222',	80,	'MERCADOPAGO',	'TOTAL',	'COMPLETADO',	'',	'102253230776',	'2243585522-e3790873-e465-477b-b963-c611b6f72b70',	'2025-02-12 12:46:57.238',	'2025-02-13 13:28:13.569',	NULL,	385),
(141,	'2025-02-13 13:29:53.388',	70,	'MERCADOPAGO',	'TOTAL',	'COMPLETADO',	'',	'1322156008',	'2243585522-6da2f147-30db-4475-abaa-6b82c17fbf45',	'2025-02-13 13:29:31.306',	'2025-02-13 13:29:53.390453',	NULL,	403),
(143,	NULL,	0,	'EFECTIVO',	'TOTAL',	'PENDIENTE',	'',	'',	'2243585522-b3c52cb8-ec39-4174-9448-87fbc841d708',	'2025-02-13 16:19:57.801',	'2025-02-13 16:19:57.808282',	NULL,	405),
(142,	'2025-02-13 13:42:43.535',	120,	'MERCADOPAGO',	'TOTAL',	'COMPLETADO',	'',	'1331808201',	'2243585522-457efa71-12e5-49a2-a8f3-775c45b09edf',	'2025-02-13 13:42:06.669',	'2025-02-13 13:42:06.674',	NULL,	404),
(126,	'2025-02-13 14:15:00.83',	80,	'MERCADOPAGO',	'TOTAL',	'COMPLETADO',	'',	'101864535731',	'2243585522-09b7dc4c-b6bc-459a-8c29-5ea07d1588f9',	'2025-02-12 12:44:02.501',	'2025-02-12 12:44:02.504',	NULL,	384),
(133,	'2025-02-13 14:01:18.387',	70,	'MERCADOPAGO',	'TOTAL',	'COMPLETADO',	'',	'101863548949',	'2243585522-ed37e291-193d-4723-a767-ab04ee400a29',	'2025-02-12 17:15:22.982',	'2025-02-13 14:01:18.388503',	NULL,	391),
(115,	'2025-02-13 16:11:24.527',	70,	'MERCADOPAGO',	'TOTAL',	'COMPLETADO',	'',	'102255379626',	'2243585522-6324c0d2-2c8f-40f5-9c16-234f76a011c3',	'2025-02-07 16:31:22.767',	'2025-02-13 16:11:24.530337',	NULL,	373),
(130,	'2025-02-13 16:19:35.488',	100,	'MERCADOPAGO',	'TOTAL',	'COMPLETADO',	'',	'102264967234',	'2243585522-2717134a-edcf-4df8-aa77-1d55fb1387e8',	'2025-02-12 16:31:45.901',	'2025-02-12 16:31:45.904',	NULL,	388),
(144,	NULL,	0,	'EFECTIVO',	'TOTAL',	'PENDIENTE',	'',	'',	'2243585522-cb8df52b-c2b1-498a-8e3a-4a21552939a7',	'2025-02-13 16:22:29.555',	'2025-02-13 16:22:29.561103',	NULL,	406),
(116,	'2025-02-13 16:45:34.898',	100,	'MERCADOPAGO',	'TOTAL',	'COMPLETADO',	'',	'101876792479',	'2243585522-42e6133e-af27-43d3-830b-5035862cd80f',	'2025-02-07 16:32:57.223',	'2025-02-13 16:45:34.899527',	NULL,	374),
(128,	'2025-02-13 18:18:03.012',	70,	'MERCADOPAGO',	'TOTAL',	'COMPLETADO',	'',	'102276245520',	'2243585522-4c468b82-199b-48aa-b73b-c0c334575c0b',	'2025-02-12 15:20:46.496',	'2025-02-13 18:18:03.015141',	NULL,	386),
(145,	'2025-02-13 18:24:30.984',	120,	'MERCADOPAGO',	'TOTAL',	'COMPLETADO',	'',	'101886117785',	'2243585522-5b1b99e5-03ee-42c4-94db-8bfbbe5c03ba',	'2025-02-13 16:28:20.377',	'2025-02-13 16:28:20.383',	NULL,	407),
(176,	NULL,	0,	'EFECTIVO',	'TOTAL',	'PENDIENTE',	'',	'',	'2243585522-f3953097-4c51-41a3-9d82-0fe67c2cabc0',	'2025-02-17 18:10:10.485',	'2025-02-17 18:10:10.490719',	NULL,	452),
(146,	'2025-02-13 16:34:31.902',	120,	'MERCADOPAGO',	'TOTAL',	'COMPLETADO',	'',	'1322157578',	'2243585522-1591ca27-b921-4195-8713-6a46af7abfa4',	'2025-02-13 16:30:23.462',	'2025-02-13 16:34:31.904872',	NULL,	408),
(129,	'2025-02-13 16:37:01.087',	70,	'MERCADOPAGO',	'TOTAL',	'COMPLETADO',	'',	'102266457070',	'2243585522-7dfba13b-b479-4aaa-b083-d6cb8a2f18e7',	'2025-02-12 15:22:33.657',	'2025-02-12 15:22:33.659',	NULL,	387),
(147,	'2025-02-13 16:40:27.44',	200,	'MERCADOPAGO',	'TOTAL',	'COMPLETADO',	'',	'1322157744',	'2243585522-61bd61dd-50e3-472b-94ba-c38604266e54',	'2025-02-13 16:37:47.593',	'2025-02-13 16:40:27.441132',	NULL,	409),
(148,	NULL,	0,	'EFECTIVO',	'TOTAL',	'PENDIENTE',	'',	'',	'2243585522-b55a74cb-e2ab-48a2-bc84-0a13717fc185',	'2025-02-13 16:42:42.219',	'2025-02-13 16:42:42.226325',	NULL,	410),
(150,	NULL,	0,	'EFECTIVO',	'TOTAL',	'PENDIENTE',	'',	'',	'2243585522-e9c2f446-33bb-4673-85c8-695700e46f42',	'2025-02-13 17:09:26.965',	'2025-02-13 17:09:26.96914',	NULL,	412),
(151,	NULL,	0,	'EFECTIVO',	'TOTAL',	'PENDIENTE',	'',	'',	'2243585522-f8404d79-85a7-481f-96fd-9771d4166975',	'2025-02-13 17:20:53.28',	'2025-02-13 17:20:53.283279',	NULL,	413),
(152,	NULL,	0,	'EFECTIVO',	'TOTAL',	'PENDIENTE',	'',	'',	'2243585522-5b87f242-c36f-428d-9e86-e477f7913d45',	'2025-02-13 17:32:44.295',	'2025-02-13 17:32:44.301321',	NULL,	414),
(153,	NULL,	0,	'EFECTIVO',	'TOTAL',	'PENDIENTE',	'',	'',	'2243585522-cf0e90c1-787d-4e4c-9d79-09b003dd301c',	'2025-02-13 17:36:58.815',	'2025-02-13 17:36:58.822425',	NULL,	415),
(154,	NULL,	0,	'EFECTIVO',	'TOTAL',	'PENDIENTE',	'',	'',	'2243585522-c1d22078-b2ed-4462-9a6a-0b2ca2d8093d',	'2025-02-13 17:40:13.931',	'2025-02-13 17:40:13.939612',	NULL,	416),
(187,	NULL,	0,	'EFECTIVO',	'TOTAL',	'PENDIENTE',	'',	'',	'2243585522-212bf240-ecb6-4b38-8486-52370be089a6',	'2025-02-18 23:11:40.078',	'2025-02-18 23:11:40.100346',	NULL,	463),
(149,	'2025-02-13 17:49:16.725',	120,	'MERCADOPAGO',	'TOTAL',	'COMPLETADO',	'',	'102273232510',	'2243585522-246b5e68-e0c9-43fc-acef-59527df7b5b4',	'2025-02-13 17:04:32.454',	'2025-02-13 17:49:16.727866',	NULL,	411),
(155,	NULL,	0,	'EFECTIVO',	'TOTAL',	'PENDIENTE',	'',	'',	'2243585522-e7d0f68f-7070-4561-b059-e02f554e567e',	'2025-02-13 17:49:58.952',	'2025-02-13 17:49:58.957173',	NULL,	417),
(156,	NULL,	0,	'EFECTIVO',	'TOTAL',	'PENDIENTE',	'',	'',	'2243585522-98b740ab-a863-42f8-8e6e-0aa6093d0493',	'2025-02-13 18:13:50.55',	'2025-02-13 18:13:50.553993',	NULL,	418),
(157,	NULL,	0,	'EFECTIVO',	'TOTAL',	'PENDIENTE',	'',	'',	'2243585522-ece0cd99-fa27-4045-9b3f-59c89c96a635',	'2025-02-13 18:15:51.132',	'2025-02-13 18:15:51.135883',	NULL,	419),
(158,	NULL,	0,	'EFECTIVO',	'TOTAL',	'PENDIENTE',	'',	'',	'2243585522-0578ef93-8422-4053-9497-bd30630814ef',	'2025-02-13 18:16:34.975',	'2025-02-13 18:16:34.982434',	NULL,	420),
(159,	NULL,	0,	'EFECTIVO',	'TOTAL',	'PENDIENTE',	'',	'',	'2243585522-1ab097e7-ec47-4b48-b058-24043fafc0c6',	'2025-02-13 18:17:31.488',	'2025-02-13 18:17:31.496488',	NULL,	421),
(177,	'2025-02-17 20:48:31.005',	72,	'MERCADOPAGO',	'TOTAL',	'COMPLETADO',	'',	'1332041893',	'2243585522-0a483eaa-b96b-4bab-900e-383d44e7f361',	'2025-02-17 20:48:14.719',	'2025-02-17 20:48:31.021635',	NULL,	453),
(160,	'2025-02-13 18:18:43.289',	120,	'MERCADOPAGO',	'TOTAL',	'COMPLETADO',	'',	'1331834231',	'2243585522-56cb3930-889a-485c-90a7-83cf43d71c85',	'2025-02-13 18:18:19.754',	'2025-02-13 18:18:43.290496',	NULL,	422),
(132,	'2025-02-13 18:19:36.796',	70,	'MERCADOPAGO',	'TOTAL',	'COMPLETADO',	'',	'102276592294',	'2243585522-811fc41f-ee65-4d3f-84dd-ff11e7214dc7',	'2025-02-12 17:12:16.592',	'2025-02-13 18:19:36.798185',	NULL,	390),
(161,	NULL,	0,	'EFECTIVO',	'TOTAL',	'PENDIENTE',	'',	'',	'2243585522-d0a0cbdb-d5bc-4138-83be-065a653d85d2',	'2025-02-13 18:26:17.761',	'2025-02-13 18:26:17.77069',	NULL,	423),
(162,	NULL,	0,	'EFECTIVO',	'TOTAL',	'PENDIENTE',	'',	'',	'2243585522-dbd519cb-73e4-4554-8998-76e38da8c29b',	'2025-02-13 18:29:41.212',	'2025-02-13 18:29:41.218503',	NULL,	424),
(163,	NULL,	0,	'EFECTIVO',	'TOTAL',	'PENDIENTE',	'',	'',	'2243585522-e92c8aa6-e020-4a10-b10f-ef8b822b17fd',	'2025-02-13 18:34:01.177',	'2025-02-13 18:34:01.182086',	NULL,	425),
(164,	NULL,	0,	'EFECTIVO',	'TOTAL',	'PENDIENTE',	'',	'',	'2243585522-b4bc3595-0079-4a53-a10f-a0f0db146dbd',	'2025-02-13 18:39:37.305',	'2025-02-13 18:39:37.313299',	NULL,	426),
(165,	NULL,	0,	'EFECTIVO',	'TOTAL',	'PENDIENTE',	'',	'',	'2243585522-aa5eef29-30b8-4505-9def-9baac500aace',	'2025-02-13 18:40:45.606',	'2025-02-13 18:40:45.615841',	NULL,	427),
(166,	'2025-02-15 18:11:21.397',	120,	'MERCADOPAGO',	'TOTAL',	'COMPLETADO',	'',	'1331893273',	'2243585522-5be752a1-7a32-488d-bf5e-7c606dad42ac',	'2025-02-15 18:10:54.559',	'2025-02-15 18:11:21.400133',	NULL,	428),
(167,	NULL,	0,	'EFECTIVO',	'TOTAL',	'PENDIENTE',	'',	'',	'2243585522-d68f7349-d496-48d5-aad4-fa1d3a73389c',	'2025-02-15 18:15:03.059',	'2025-02-15 18:15:03.06823',	NULL,	429),
(169,	NULL,	0,	'EFECTIVO',	'TOTAL',	'PENDIENTE',	'',	'',	'2243585522-6118596e-02f9-42f6-b489-44b1ee89d47f',	'2025-02-17 07:11:19.406',	'2025-02-17 07:11:19.4144',	NULL,	434),
(188,	NULL,	0,	'EFECTIVO',	'TOTAL',	'PENDIENTE',	'',	'',	'2243585522-8aaa4ddf-444a-48c5-8f91-b79b4358094c',	'2025-02-18 23:12:15.357',	'2025-02-18 23:12:15.370127',	NULL,	464),
(168,	'2025-02-17 07:15:11.153',	110,	'MERCADOPAGO',	'TOTAL',	'COMPLETADO',	'',	'102607759506',	'2243585522-e80c5b84-27cc-46c9-acbe-5f8f896a0280',	'2025-02-17 07:05:54.793',	'2025-02-17 07:15:11.156383',	NULL,	433),
(178,	'2025-02-17 20:50:32.035',	108,	'MERCADOPAGO',	'TOTAL',	'COMPLETADO',	'',	'1332041913',	'2243585522-63559b9d-cec7-40b6-888f-5724882c72ad',	'2025-02-17 20:50:12.37',	'2025-02-17 20:50:32.03744',	NULL,	454),
(170,	'2025-02-17 09:35:10.572',	90,	'MERCADOPAGO',	'TOTAL',	'COMPLETADO',	'',	'1331928179',	'2243585522-fba4726f-5d5a-4b58-9762-2a65f9671f05',	'2025-02-17 09:34:50.021',	'2025-02-17 09:35:10.577373',	NULL,	435),
(171,	NULL,	0,	'EFECTIVO',	'TOTAL',	'PENDIENTE',	'',	'',	'2243585522-12d4f285-0263-40b8-ad1f-3d6d455cffe7',	'2025-02-17 17:31:37.144',	'2025-02-17 17:31:37.148665',	NULL,	438),
(172,	NULL,	0,	'EFECTIVO',	'TOTAL',	'PENDIENTE',	'',	'',	'2243585522-aa88f1e7-1a6d-4a6f-9755-52f4e01b86d3',	'2025-02-17 17:32:49.345',	'2025-02-17 17:32:49.348278',	NULL,	439),
(173,	NULL,	0,	'EFECTIVO',	'TOTAL',	'PENDIENTE',	'',	'',	'2243585522-bc101ab6-cdb9-4cf0-8700-4b3df972ad84',	'2025-02-17 17:51:35.819',	'2025-02-17 17:51:35.830178',	NULL,	447),
(174,	'2025-02-17 18:06:35.42',	63,	'MERCADOPAGO',	'TOTAL',	'COMPLETADO',	'',	'102664566354',	'2243585522-dff16934-0294-49f7-a6f3-165ed2c45d0f',	'2025-02-17 18:03:12.735',	'2025-02-17 18:03:12.745',	NULL,	448),
(189,	NULL,	0,	'EFECTIVO',	'TOTAL',	'PENDIENTE',	'',	'',	'2243585522-b598de75-535f-45ae-a0ed-8b55ea8c90de',	'2025-02-20 16:48:10.041',	'2025-02-20 16:48:10.054703',	NULL,	465),
(175,	'2025-02-17 18:09:08.781',	100,	'MERCADOPAGO',	'TOTAL',	'COMPLETADO',	'',	'1322258560',	'2243585522-38622cdb-0d9d-4086-b932-efd083e15eeb',	'2025-02-17 18:08:49.651',	'2025-02-17 18:09:08.78303',	NULL,	451),
(179,	'2025-02-17 20:57:03.386',	90.25,	'MERCADOPAGO',	'TOTAL',	'COMPLETADO',	'',	'102682268986',	'2243585522-ee51bb6e-8537-4205-bce1-c95549a0c3f6',	'2025-02-17 20:55:22.759',	'2025-02-17 20:57:03.388669',	NULL,	455),
(180,	NULL,	0,	'EFECTIVO',	'TOTAL',	'PENDIENTE',	'',	'',	'2243585522-ee7f5a44-f0ae-4aa2-8c51-9b8b4f295ab2',	'2025-02-17 21:00:10.264',	'2025-02-17 21:00:10.271726',	NULL,	456),
(181,	NULL,	0,	'EFECTIVO',	'TOTAL',	'PENDIENTE',	'',	'',	'2243585522-f88f6bb8-04ac-4f86-9540-b2b3bb88fe22',	'2025-02-17 21:01:43.802',	'2025-02-17 21:01:43.814737',	NULL,	457),
(182,	NULL,	0,	'EFECTIVO',	'TOTAL',	'PENDIENTE',	'',	'',	'2243585522-13b97b7b-0bbc-406d-90dd-a000de8660a3',	'2025-02-17 21:14:01.774',	'2025-02-17 21:14:01.779505',	NULL,	458),
(183,	NULL,	0,	'EFECTIVO',	'TOTAL',	'PENDIENTE',	'',	'',	'2243585522-8d972fae-25c1-4c01-beaf-ae74104960f0',	'2025-02-17 21:15:11.464',	'2025-02-17 21:15:11.469264',	NULL,	459),
(184,	NULL,	0,	'EFECTIVO',	'TOTAL',	'PENDIENTE',	'',	'',	'2243585522-3471de0c-2947-40f1-8111-77c5840afa7c',	'2025-02-17 21:17:55.593',	'2025-02-17 21:17:55.59841',	NULL,	460),
(190,	NULL,	0,	'EFECTIVO',	'TOTAL',	'PENDIENTE',	'',	'',	'2243585522-e869cb85-f582-427d-a2e7-0d8e8374741d',	'2025-02-20 17:00:13.267',	'2025-02-20 17:00:13.274632',	NULL,	466),
(185,	'2025-02-17 21:42:11.141',	190,	'MERCADOPAGO',	'TOTAL',	'COMPLETADO',	'',	'1322275490',	'2243585522-97619f2b-e54a-47fd-93f9-2848a2e49517',	'2025-02-17 21:41:53.686',	'2025-02-17 21:42:11.142374',	NULL,	461),
(186,	NULL,	0,	'EFECTIVO',	'TOTAL',	'PENDIENTE',	'',	'',	'2243585522-34657080-1666-4f6d-9852-4666f4b16a41',	'2025-02-17 21:51:24.49',	'2025-02-17 21:51:24.496095',	NULL,	462),
(191,	NULL,	0,	'EFECTIVO',	'TOTAL',	'PENDIENTE',	'',	'',	'2243585522-b3d64787-7672-4fcc-a087-57f0fa9624d3',	'2025-02-20 17:02:22.803',	'2025-02-20 17:02:22.813813',	NULL,	467),
(192,	NULL,	0,	'EFECTIVO',	'TOTAL',	'PENDIENTE',	'',	'',	'2243585522-bf132fc8-636f-4e8a-a889-fa335f37b7f9',	'2025-02-20 17:11:35.982',	'2025-02-20 17:11:35.999501',	NULL,	468),
(193,	NULL,	0,	'EFECTIVO',	'TOTAL',	'PENDIENTE',	'',	'',	'2243585522-1dfd291a-8cf1-4ff1-8235-486a8742256d',	'2025-02-20 17:26:46.013',	'2025-02-20 17:26:46.0268',	NULL,	469),
(194,	NULL,	0,	'EFECTIVO',	'TOTAL',	'PENDIENTE',	'',	'',	'2243585522-87f153a3-a2af-464c-b01c-6cb58077c717',	'2025-02-20 17:30:06.469',	'2025-02-20 17:30:06.490822',	NULL,	470),
(195,	NULL,	0,	'EFECTIVO',	'TOTAL',	'PENDIENTE',	'',	'',	'2243585522-19836658-6fd0-4baf-8657-04c3dd10f813',	'2025-02-20 17:33:49.018',	'2025-02-20 17:33:49.034796',	NULL,	471),
(196,	NULL,	0,	'EFECTIVO',	'TOTAL',	'PENDIENTE',	'',	'',	'2243585522-512e60eb-9530-4dcb-81aa-9d86da4d0d0c',	'2025-02-20 18:07:26.22',	'2025-02-20 18:07:26.235929',	NULL,	472),
(197,	NULL,	0,	'EFECTIVO',	'TOTAL',	'PENDIENTE',	'',	'',	'2243585522-d8d91b59-8187-47a5-8491-d142ced1097a',	'2025-02-20 18:12:36.171',	'2025-02-20 18:12:36.18459',	NULL,	473),
(198,	NULL,	0,	'EFECTIVO',	'TOTAL',	'PENDIENTE',	'',	'',	'2243585522-30889e23-d131-470b-855e-8c34fa6598c2',	'2025-02-20 18:23:02.33',	'2025-02-20 18:23:02.338273',	NULL,	474),
(199,	NULL,	0,	'EFECTIVO',	'TOTAL',	'PENDIENTE',	'',	'',	'2243585522-884b0de2-b244-48c6-bb72-2ae524ec3b49',	'2025-02-20 18:24:59.673',	'2025-02-20 18:24:59.68907',	NULL,	475),
(200,	NULL,	0,	'EFECTIVO',	'TOTAL',	'PENDIENTE',	'',	'',	'2243585522-646e274a-f44c-486c-837b-e89d7c66e5f7',	'2025-02-20 18:38:20.085',	'2025-02-20 18:38:20.09317',	NULL,	476),
(201,	NULL,	0,	'EFECTIVO',	'TOTAL',	'PENDIENTE',	'',	'',	'2243585522-13c4ecb2-7da4-4a83-89a7-5fd7703d6e80',	'2025-02-20 18:55:07.567',	'2025-02-20 18:55:07.575323',	NULL,	477),
(202,	NULL,	0,	'EFECTIVO',	'TOTAL',	'PENDIENTE',	'',	'',	'2243585522-41ce8aa2-e242-4dfd-b40f-fe98d413babd',	'2025-02-21 11:17:59.613',	'2025-02-21 11:17:59.623086',	NULL,	478),
(203,	NULL,	0,	'EFECTIVO',	'TOTAL',	'PENDIENTE',	'',	'',	'2243585522-42407eb2-9751-42c2-b3d4-bea6682534c4',	'2025-02-21 11:36:46.792',	'2025-02-21 11:36:46.811167',	NULL,	479),
(204,	NULL,	0,	'EFECTIVO',	'TOTAL',	'PENDIENTE',	'',	'',	'2243585522-ffc66206-d253-4814-84f8-8bd02fc6b59f',	'2025-02-21 11:38:19.264',	'2025-02-21 11:38:19.27363',	NULL,	480),
(205,	NULL,	0,	'EFECTIVO',	'TOTAL',	'PENDIENTE',	'',	'',	'2243585522-1fe373f4-203a-40ca-b16c-2ab7c03c50aa',	'2025-02-21 11:42:29.331',	'2025-02-21 11:42:29.347844',	NULL,	481),
(206,	NULL,	0,	'EFECTIVO',	'TOTAL',	'PENDIENTE',	'',	'',	'2243585522-cb89c5ba-9578-4deb-bad6-8688e3ed68de',	'2025-02-22 16:31:53.603',	'2025-02-22 16:31:53.613066',	NULL,	482),
(237,	'2025-03-09 22:26:06.244',	85.5,	'MERCADOPAGO',	'TOTAL',	'COMPLETADO',	'',	'1332914673',	'2243585522-8d5bdb77-3e0b-4d9d-93dd-140a1ddb5ed4',	'2025-03-09 22:25:45.335',	'2025-03-09 22:26:06.246738',	NULL,	513),
(221,	'2025-02-24 14:53:34.539',	63,	'MERCADOPAGO',	'TOTAL',	'COMPLETADO',	'',	'1332331223',	'2243585522-7b87b14a-bcd0-4b7a-9960-b8ee97dd3616',	'2025-02-24 14:52:59.529',	'2025-02-24 14:53:34.541235',	NULL,	497),
(222,	'2025-02-24 14:55:07.488',	95,	'MERCADOPAGO',	'TOTAL',	'COMPLETADO',	'',	'102932947911',	'2243585522-bc2cf7d9-8c88-47a6-9661-5048d03a4b6d',	'2025-02-24 14:54:31.401',	'2025-02-24 14:55:07.490034',	NULL,	498),
(223,	'2025-02-24 16:01:14.698',	90.25,	'MERCADOPAGO',	'TOTAL',	'COMPLETADO',	'',	'1322351288',	'2243585522-90ddd779-4a21-45fb-91d4-0c9289abb735',	'2025-02-24 16:00:57.535',	'2025-02-24 16:01:14.699148',	NULL,	499),
(229,	'2025-03-09 22:27:23.05',	70,	'MERCADOPAGO',	'TOTAL',	'COMPLETADO',	'',	'104253088643',	'2243585522-5c1f9ec3-e3f6-4729-892e-51403f36dd72',	'2025-03-03 12:53:54.544',	'2025-03-09 22:27:23.05264',	NULL,	505),
(224,	'2025-02-24 16:03:57.018',	72,	'MERCADOPAGO',	'TOTAL',	'COMPLETADO',	'',	'103336564260',	'2243585522-52327a1a-4916-4dce-b798-6255f3a677a9',	'2025-02-24 16:02:35.262',	'2025-02-24 16:03:57.020097',	NULL,	500),
(227,	'2025-03-03 12:46:42.607',	95,	'MERCADOPAGO',	'TOTAL',	'COMPLETADO',	'',	'103602566929',	'2243585522-311bc578-dfb8-44c5-911f-2cf26ecdc266',	'2025-03-03 12:46:13.536',	'2025-03-03 12:46:42.610845',	NULL,	503),
(235,	'2025-03-09 15:51:34.576',	108,	'MERCADOPAGO',	'TOTAL',	'COMPLETADO',	'',	'104629287656',	'2243585522-ac333e3f-dafe-4427-8aee-658ffafde52a',	'2025-03-09 15:50:55.838',	'2025-03-09 15:51:34.578037',	NULL,	511),
(243,	'2025-03-24 07:49:04.697',	120,	'MERCADOPAGO',	'TOTAL',	'COMPLETADO',	'',	'105742891613',	'2243585522-231ffd78-5e93-400d-b481-8ae5391891e7',	'2025-03-24 07:47:43.063',	'2025-03-24 07:49:04.699787',	NULL,	519),
(1,	NULL,	0,	'EFECTIVO',	'TOTAL',	'PENDIENTE',	'',	'',	'2243585522-2746fae1-036a-4ac2-9bf6-131e00b1c9eb',	'2025-04-07 15:44:38.393',	'2025-04-07 15:44:38.404576',	NULL,	1),
(3,	'2025-04-07 15:55:00.892',	120,	'MERCADOPAGO',	'TOTAL',	'COMPLETADO',	'',	'1322922654',	'2243585522-c719ff0e-1fe1-46ea-b6a3-050098531279',	'2025-04-07 15:54:39.822',	'2025-04-07 15:55:00.894348',	NULL,	3),
(2,	'2025-04-07 16:00:22.475',	85.5,	'MERCADOPAGO',	'TOTAL',	'COMPLETADO',	'',	'107216384579',	'2243585522-18d1a5e9-6b91-447c-a7d5-91b021592952',	'2025-04-07 15:51:41.632',	'2025-04-07 15:51:41.646',	NULL,	2),
(5,	NULL,	0,	'EFECTIVO',	'TOTAL',	'PENDIENTE',	'',	'',	'2243585522-91f03d06-5eb0-4e84-b410-1460ef8feabe',	'2025-04-07 16:33:39.936',	'2025-04-07 16:33:39.973853',	NULL,	5),
(8,	'2025-04-20 21:56:25.367',	85.5,	'MERCADOPAGO',	'TOTAL',	'COMPLETADO',	'',	'109014156098',	'2243585522-d32f57f6-2d06-4a44-a54f-607763fa7829',	'2025-04-20 21:55:10.336',	'2025-04-20 21:55:10.349',	NULL,	8),
(248,	'2025-07-27 11:30:11.909',	85.5,	'EFECTIVO',	'TOTAL',	'COMPLETADO',	'',	'EF30802890',	'2243585522-c13dcf74-68b9-40c0-bc46-1e9e8e05c668',	'2025-03-24 18:57:25.89',	'2025-07-27 11:30:11.912822',	NULL,	524),
(240,	'2025-05-05 21:57:10.726',	80,	'EFECTIVO',	'TOTAL',	'COMPLETADO',	'pagando fuera de termino',	'',	'2243585522-67f330fe-2e8e-409d-953f-b36dbaa3d127',	'2025-03-10 14:10:23.099',	'2025-05-05 21:57:10.72851',	NULL,	516),
(247,	'2025-07-27 11:30:13.909',	200,	'EFECTIVO',	'TOTAL',	'COMPLETADO',	'',	'EF82882478',	'2243585522-0f60b77e-36f0-4ca9-aaa2-5cc51652d72d',	'2025-03-24 16:00:38.696',	'2025-07-27 11:30:13.911994',	NULL,	523),
(245,	'2025-07-27 11:30:22.056',	95,	'EFECTIVO',	'TOTAL',	'COMPLETADO',	'',	'EF31560022',	'2243585522-c1d0c048-a6ba-45c6-a84c-56db75692e07',	'2025-03-24 07:50:25.452',	'2025-07-27 11:30:22.060188',	NULL,	521),
(244,	'2025-07-27 11:30:24.213',	95,	'EFECTIVO',	'TOTAL',	'COMPLETADO',	'',	'EF85483403',	'2243585522-065fa781-9467-422a-8dbe-bd049d9b3f81',	'2025-03-24 07:50:05.086',	'2025-07-27 11:30:24.219626',	NULL,	520),
(242,	'2025-07-27 11:30:29.308',	95,	'EFECTIVO',	'TOTAL',	'COMPLETADO',	'',	'EF48961891',	'2243585522-05b68f77-d344-42a8-99dd-171371c63de0',	'2025-03-10 14:11:42.034',	'2025-07-27 11:30:29.311791',	NULL,	518),
(241,	'2025-07-27 11:32:53.93',	90.25,	'EFECTIVO',	'TOTAL',	'COMPLETADO',	'',	'EF31427282',	'2243585522-63267faa-5c5f-4d67-a6a4-cdc4afdcc6a6',	'2025-03-10 14:10:40.245',	'2025-07-27 11:32:53.936787',	NULL,	517),
(239,	'2025-07-27 11:32:55.987',	90,	'EFECTIVO',	'TOTAL',	'COMPLETADO',	'',	'EF11463524',	'2243585522-124e6c64-28fe-475f-9b40-16ccaa8df4af',	'2025-03-10 14:09:43.925',	'2025-07-27 11:32:55.990869',	NULL,	515),
(238,	'2025-07-27 11:32:58.566',	70,	'EFECTIVO',	'TOTAL',	'COMPLETADO',	'',	'EF37708060',	'2243585522-b394f22e-eab2-458a-b88d-614ed9aef994',	'2025-03-09 22:26:39.918',	'2025-07-27 11:32:58.572371',	NULL,	514),
(234,	'2025-07-27 11:33:02.984',	80,	'EFECTIVO',	'TOTAL',	'COMPLETADO',	'',	'EF10636783',	'2243585522-d744f76c-bccc-45ec-8372-58e3d2a1736b',	'2025-03-06 11:34:13.697',	'2025-07-27 11:33:02.987501',	NULL,	510),
(233,	'2025-07-27 11:33:04.796',	95,	'EFECTIVO',	'TOTAL',	'COMPLETADO',	'',	'EF21617635',	'2243585522-4594f05e-f19b-44fb-98bf-3dc66d7fb54f',	'2025-03-06 11:33:05.712',	'2025-07-27 11:33:04.801925',	NULL,	509),
(232,	'2025-07-27 11:33:06.709',	100,	'EFECTIVO',	'TOTAL',	'COMPLETADO',	'',	'EF73605648',	'2243585522-023fee39-5942-4b6b-b2da-c9062fcd4082',	'2025-03-03 12:57:32.36',	'2025-07-27 11:33:06.712466',	NULL,	508),
(230,	'2025-07-27 11:33:11.164',	70,	'EFECTIVO',	'TOTAL',	'COMPLETADO',	'',	'EF15914340',	'2243585522-7c4fa715-c259-450f-88c8-cde1746a0910',	'2025-03-03 12:54:51.047',	'2025-07-27 11:33:11.167456',	NULL,	506),
(228,	'2025-07-27 11:33:13.656',	76,	'EFECTIVO',	'TOTAL',	'COMPLETADO',	'',	'EF40585139',	'2243585522-254c035c-6900-42a9-a627-523eb6ca5354',	'2025-03-03 12:47:39.549',	'2025-07-27 11:33:13.659551',	NULL,	504),
(226,	'2025-07-27 12:42:20.867',	63,	'EFECTIVO',	'TOTAL',	'COMPLETADO',	'',	'EF53540929',	'2243585522-288440f0-2041-47db-9be5-a3a97f8a8dc2',	'2025-02-28 17:02:18.407',	'2025-07-27 12:42:20.871456',	NULL,	502),
(220,	'2025-07-27 12:42:26.395',	70,	'EFECTIVO',	'TOTAL',	'COMPLETADO',	'',	'EF14321025',	'2243585522-f1637ced-35fc-40b5-9928-0047a5b1bf3c',	'2025-02-24 14:45:57.502',	'2025-07-27 12:42:26.400782',	NULL,	496),
(219,	'2025-07-27 12:42:30.088',	95,	'EFECTIVO',	'TOTAL',	'COMPLETADO',	'',	'EF98891327',	'2243585522-d1068734-4ab7-4ea2-b3b4-a0f74a2194b5',	'2025-02-24 14:40:03.198',	'2025-07-27 12:42:30.091567',	NULL,	495),
(218,	'2025-07-27 12:42:33.104',	80,	'EFECTIVO',	'TOTAL',	'COMPLETADO',	'',	'EF31708617',	'2243585522-b7129415-5deb-4a54-8a3c-3923c39bf717',	'2025-02-24 14:38:07.797',	'2025-07-27 12:42:33.107313',	NULL,	494),
(217,	'2025-07-27 12:42:35.709',	80,	'EFECTIVO',	'TOTAL',	'COMPLETADO',	'',	'EF64883289',	'2243585522-76f3539a-3bac-4bf4-a386-5f355707b7c8',	'2025-02-24 14:33:29.905',	'2025-07-27 12:42:35.712253',	NULL,	493),
(216,	'2025-07-27 12:42:38.212',	80,	'EFECTIVO',	'TOTAL',	'COMPLETADO',	'',	'EF67817129',	'2243585522-f38f03bd-fd90-47bf-8759-e42317072c87',	'2025-02-24 14:31:37.437',	'2025-07-27 12:42:38.218575',	NULL,	492),
(215,	'2025-07-27 12:42:40.693',	80,	'EFECTIVO',	'TOTAL',	'COMPLETADO',	'',	'EF56630919',	'2243585522-dfaeb5a5-4ebf-4bd8-b060-8ba1b5bce9c0',	'2025-02-24 14:27:33.251',	'2025-07-27 12:42:40.697489',	NULL,	491),
(214,	'2025-07-27 12:42:42.957',	95,	'EFECTIVO',	'TOTAL',	'COMPLETADO',	'',	'EF23984201',	'2243585522-fc17f5e4-45bf-469e-974d-c260d482665f',	'2025-02-24 14:20:52.84',	'2025-07-27 12:42:42.960942',	NULL,	490),
(212,	'2025-07-27 12:42:47.208',	95,	'EFECTIVO',	'TOTAL',	'COMPLETADO',	'',	'EF34200730',	'2243585522-e27d2fc8-d351-4ce6-a2ab-ca79a847784f',	'2025-02-24 14:14:06.808',	'2025-07-27 12:42:47.212326',	NULL,	488),
(211,	'2025-07-27 12:42:48.93',	95,	'EFECTIVO',	'TOTAL',	'COMPLETADO',	'',	'EF34034137',	'2243585522-4b7244c2-054c-4838-ae94-c481e2279048',	'2025-02-24 09:22:07.708',	'2025-07-27 12:42:48.934249',	NULL,	487),
(210,	'2025-07-27 12:42:50.829',	95,	'EFECTIVO',	'TOTAL',	'COMPLETADO',	'',	'EF99584783',	'2243585522-05a2972b-6655-4661-b7c6-a2d1c627502e',	'2025-02-24 09:03:05.843',	'2025-07-27 12:42:50.832389',	NULL,	486),
(209,	'2025-07-27 12:42:53.02',	95,	'EFECTIVO',	'TOTAL',	'COMPLETADO',	'',	'EF44295323',	'2243585522-febe15bd-2aa7-4516-aa3e-617b101344ea',	'2025-02-22 21:05:36.654',	'2025-07-27 12:42:53.025176',	NULL,	485),
(208,	'2025-07-27 12:42:55.118',	80,	'EFECTIVO',	'TOTAL',	'COMPLETADO',	'',	'EF37435294',	'2243585522-3486698d-17c3-4cb8-adbb-157d0af68069',	'2025-02-22 16:32:28.603',	'2025-07-27 12:42:55.121304',	NULL,	484),
(207,	'2025-07-27 12:42:57.388',	120,	'EFECTIVO',	'TOTAL',	'COMPLETADO',	'',	'EF46433435',	'2243585522-87f14815-e0a1-44c1-a9cb-57d24e69a8ba',	'2025-02-22 16:32:13.597',	'2025-07-27 12:42:57.392452',	NULL,	483),
(4,	'2025-07-28 08:18:16.268',	0,	'EFECTIVO',	'TOTAL',	'CANCELADO',	'',	'',	'2243585522-70808c47-c87f-4521-af5b-c69a1de4a375',	'2025-04-07 16:33:39.48',	'2025-07-28 08:18:16.29951',	NULL,	4),
(6,	'2025-07-28 08:18:16.381',	0,	'EFECTIVO',	'TOTAL',	'CANCELADO',	'',	'',	'2243585522-0843d61b-af7b-4471-a26b-7b44367f5f34',	'2025-04-08 10:57:30.502',	'2025-07-28 08:18:16.395345',	NULL,	6),
(9,	'2025-07-28 08:18:16.54',	0,	'EFECTIVO',	'TOTAL',	'CANCELADO',	'',	'',	'2243585522-ac13f1a6-d652-4953-acf3-7cbf69b0ec32',	'2025-04-24 17:26:39.41',	'2025-07-28 08:18:16.553094',	NULL,	9),
(11,	NULL,	0,	'EFECTIVO',	'TOTAL',	'PENDIENTE',	'',	'',	'2243585522-bdf628e9-6795-42d0-a8ac-abd6e1cf671c',	'2025-04-24 17:28:40.476',	'2025-04-24 17:28:40.517641',	NULL,	11),
(263,	'2025-05-05 15:55:37.877',	70,	'MERCADOPAGO',	'TOTAL',	'COMPLETADO',	'',	'110496833234',	'2243585522-0f5161a1-4dd0-438f-b11f-4cb3545ef9c2',	'2025-05-05 15:53:20.296',	'2025-05-05 15:55:37.888403',	NULL,	539),
(16,	'2025-04-28 12:16:59.996',	70,	'MERCADOPAGO',	'TOTAL',	'COMPLETADO',	'',	'109308499963',	'2243585522-86c5fe5b-4f68-4f73-89c4-1f56a68fd58e',	'2025-04-28 11:35:04.002',	'2025-04-28 12:17:00.006591',	NULL,	17),
(277,	'2025-05-15 11:38:16.013',	0,	'EFECTIVO',	'TOTAL',	'CANCELADO',	'',	'',	'2243585522-ebb3b670-c1e2-43b1-be79-0a5bbb8e664c',	'2025-05-08 19:54:46.346',	'2025-05-15 11:38:16.016553',	NULL,	556),
(264,	'2025-05-05 17:38:45.326',	180,	'EFECTIVO',	'TOTAL',	'COMPLETADO',	'Pago realizado en efectivo por el administrador',	'',	'2243585522-7b3f42ab-7107-4a03-a91c-0ea420083f31',	'2025-05-05 17:38:17.916',	'2025-05-05 17:38:45.34145',	NULL,	540),
(253,	'2025-04-29 17:41:15.548',	95,	'MERCADOPAGO',	'TOTAL',	'COMPLETADO',	'',	'109443027469',	'2243585522-a13e9067-ee2b-4998-99aa-c674914c2c87',	'2025-04-29 17:40:24.944',	'2025-04-29 17:41:15.550705',	NULL,	529),
(262,	'2025-05-05 21:45:18.18',	190,	'EFECTIVO',	'TOTAL',	'COMPLETADO',	'akjskajs',	'',	'2243585522-3e96a192-6f27-4f60-b5b0-ed0c78c9b4fd',	'2025-05-05 10:48:01.271',	'2025-05-05 21:45:18.189258',	NULL,	538),
(254,	'2025-04-29 19:26:32.439',	305,	'MERCADOPAGO',	'TOTAL',	'COMPLETADO',	'',	'1335465727',	'2243585522-9300b070-b56e-48fc-b514-04dc3302f89b',	'2025-04-29 19:26:06.444',	'2025-04-29 19:26:32.442094',	NULL,	530),
(261,	'2025-05-05 21:46:29.703',	200,	'EFECTIVO',	'TOTAL',	'COMPLETADO',	'ajjajaja',	'',	'2243585522-78b87f9f-c847-4692-98c9-947843fbc25e',	'2025-05-05 10:46:52.968',	'2025-05-05 21:46:29.70775',	NULL,	537),
(256,	'2025-04-30 17:08:55.049',	70,	'MERCADOPAGO',	'TOTAL',	'COMPLETADO',	'',	'1323226476',	'2243585522-ba113eb6-0bfd-4d30-b81c-bcd3d3d449a3',	'2025-04-30 17:08:41.041',	'2025-04-30 17:08:55.051224',	NULL,	532),
(255,	'2025-05-05 21:58:19.529',	70,	'EFECTIVO',	'TOTAL',	'COMPLETADO',	'fuera de termino',	'',	'2243585522-ae9fc2f0-0ede-4daf-ad10-2bac2b594d9d',	'2025-04-30 17:06:22.181',	'2025-05-05 21:58:19.531117',	NULL,	531),
(257,	'2025-04-30 17:47:54.881',	305,	'MERCADOPAGO',	'TOTAL',	'COMPLETADO',	'',	'1335510047',	'2243585522-c8de674f-4794-4bde-878b-01920e0b927b',	'2025-04-30 17:47:33.996',	'2025-04-30 17:47:34.013',	NULL,	533),
(249,	'2025-05-05 22:09:38.111',	108,	'EFECTIVO',	'TOTAL',	'COMPLETADO',	'probando',	'',	'2243585522-af7fde35-c6cd-404a-813e-88ee5c6edecc',	'2025-04-28 12:15:53.693',	'2025-05-05 22:09:38.114158',	NULL,	525),
(259,	'2025-05-05 10:09:59.576',	95,	'MERCADOPAGO',	'TOTAL',	'COMPLETADO',	'',	'110457659122',	'2243585522-0db4b273-734b-4d1c-9832-6b7f93e72a64',	'2025-05-05 10:09:22.171',	'2025-05-05 10:09:59.582065',	NULL,	535),
(258,	'2025-05-05 10:21:24.057',	70,	'MERCADOPAGO',	'TOTAL',	'COMPLETADO',	'',	'110458803902',	'2243585522-6dd311af-12f4-40a7-be36-f944f705edb6',	'2025-05-05 09:52:25.212',	'2025-05-05 10:21:24.059144',	NULL,	534),
(260,	'2025-05-05 10:22:27.002',	95,	'MERCADOPAGO',	'TOTAL',	'COMPLETADO',	'',	'1335625151',	'2243585522-1464e5bb-7de5-4eea-a627-be3d0ad3967d',	'2025-05-05 10:22:10.125',	'2025-05-05 10:22:10.155',	NULL,	536),
(283,	'2025-07-27 11:27:58.458',	66.5,	'EFECTIVO',	'TOTAL',	'COMPLETADO',	'',	'EF35295654',	'2243585522-4334b8fd-a783-4d9a-bc20-12c2f9edb55f',	'2025-05-09 14:16:15.783',	'2025-07-27 11:27:58.463875',	NULL,	563),
(272,	'2025-05-08 11:05:01.997',	0,	'MERCADOPAGO',	'TOTAL',	'COMPLETADO',	'',	'110886337504',	'2243585522-4b3700a1-1025-4975-90c8-458975467ded',	'2025-05-08 11:03:23.694',	'2025-05-08 11:05:01.998866',	NULL,	550),
(270,	'2025-05-08 11:09:11.12',	95,	'EFECTIVO',	'TOTAL',	'COMPLETADO',	'',	'',	'2243585522-55cb51ba-ade9-4d4d-b23a-979861cae64e',	'2025-05-07 17:21:03.417',	'2025-05-08 11:09:11.123047',	NULL,	547),
(267,	'2025-05-07 15:54:38.239',	66.5,	'MERCADOPAGO',	'TOTAL',	'COMPLETADO',	'',	'1335763385',	'2243585522-39f6bdb3-9923-44e5-b4d2-c92769fd14aa',	'2025-05-07 15:54:21.039',	'2025-05-07 15:54:21.08',	NULL,	544),
(276,	'2025-05-09 18:16:53.959',	70,	'MERCADOPAGO',	'TOTAL',	'CANCELADO',	'porque si',	'1323311686',	'2243585522-8da2ac00-6ba7-458c-9583-7b8b1c9f6fe2',	'2025-05-08 19:52:00.176',	'2025-05-09 18:16:53.961252',	NULL,	555),
(279,	'2025-05-09 13:54:06.292',	0,	'EFECTIVO',	'TOTAL',	'CANCELADO',	'',	'',	'2243585522-88acb006-bc65-4509-a923-ff6e7aad6440',	'2025-05-09 13:53:27.921',	'2025-05-09 13:54:06.33666',	NULL,	559),
(271,	'2025-05-08 10:58:08.157',	66.5,	'MERCADOPAGO',	'TOTAL',	'COMPLETADO',	'',	'1323298970',	'2243585522-86a8c212-aba1-42f2-becd-d0edd1a19210',	'2025-05-08 10:57:46.928',	'2025-05-08 10:58:08.161959',	NULL,	548),
(273,	'2025-05-08 11:13:49.299',	66.5,	'MERCADOPAGO',	'TOTAL',	'COMPLETADO',	'',	'110436299419',	'2243585522-891e28e5-b88e-47ba-96b7-a2190598de4b',	'2025-05-08 11:13:03.475',	'2025-05-08 11:13:49.302027',	NULL,	552),
(280,	'2025-05-09 15:59:24.257',	90.25,	'MERCADOPAGO',	'TOTAL',	'CANCELADO',	'probando',	'1335843443',	'2243585522-8fba058f-a471-4ddc-9c4c-d102e3affc1c',	'2025-05-09 14:14:08.016',	'2025-05-09 15:59:24.259399',	NULL,	560),
(281,	'2025-05-09 17:37:49.854',	108,	'EFECTIVO',	'TOTAL',	'CANCELADO',	'cancelamos...',	'EF84599166',	'2243585522-1d056471-3fed-4648-8361-b2deb0d8f53a',	'2025-05-09 14:14:47.118',	'2025-05-09 17:37:49.862819',	NULL,	561),
(269,	'2025-05-09 16:08:05.12',	90.25,	'EFECTIVO',	'TOTAL',	'CANCELADO',	'haciendo el trabajo',	'',	'2243585522-1fe3b920-bb0f-4973-a27b-dfc2bdb84384',	'2025-05-07 17:04:21.457',	'2025-05-09 16:08:05.121402',	NULL,	546),
(282,	'2025-05-09 15:56:41.612',	63,	'MERCADOPAGO',	'TOTAL',	'CANCELADO',	'probando desde el front',	'1323319832',	'2243585522-4968e6f3-30ee-4d18-93e8-6ca62b73dac3',	'2025-05-09 14:15:29.527',	'2025-05-09 15:56:41.619814',	NULL,	562),
(10,	'2025-05-14 19:16:53.655',	95,	'MERCADOPAGO',	'TOTAL',	'CANCELADO',	'probando que pasa',	'109358792465',	'2243585522-3d6fe43d-0036-4e2e-b228-918d98d6f151',	'2025-04-24 17:28:40.181',	'2025-05-14 19:16:53.656615',	NULL,	10),
(246,	'2025-05-26 18:33:43.973',	100,	'EFECTIVO',	'TOTAL',	'CANCELADO',	'Pago realizado en efectivo por el administrador',	'',	'2243585522-96479a50-3e8c-4fa6-9b90-98672f811e6a',	'2025-03-24 16:00:07.795',	'2025-05-26 18:33:43.979202',	NULL,	522),
(278,	'2025-07-27 11:28:01.325',	90.25,	'EFECTIVO',	'TOTAL',	'COMPLETADO',	'',	'EF91589285',	'2243585522-a5d0afce-cea8-4836-bdf4-3b731a89a0a0',	'2025-05-09 13:15:36.921',	'2025-07-27 11:28:01.329385',	NULL,	558),
(275,	'2025-07-27 11:28:03.623',	190,	'EFECTIVO',	'TOTAL',	'COMPLETADO',	'',	'EF70479146',	'2243585522-6206d1f1-23e5-4106-ad12-021770073c95',	'2025-05-08 11:15:56.942',	'2025-07-27 11:28:03.629323',	NULL,	554),
(268,	'2025-07-27 11:28:10.958',	90.25,	'EFECTIVO',	'TOTAL',	'COMPLETADO',	'',	'EF86249484',	'2243585522-089071dc-5908-4269-839d-cbe4813961aa',	'2025-05-07 17:02:37.89',	'2025-07-27 11:28:10.962667',	NULL,	545),
(266,	'2025-07-27 11:30:01.227',	70,	'EFECTIVO',	'TOTAL',	'COMPLETADO',	'',	'EF37845336',	'2243585522-e25e522f-cf20-4c3f-81f8-0c308376d6b9',	'2025-05-07 15:52:12.075',	'2025-07-27 11:30:01.231606',	NULL,	542),
(265,	'2025-07-27 11:30:03.59',	70,	'EFECTIVO',	'TOTAL',	'COMPLETADO',	'',	'EF55562545',	'2243585522-9c701581-f842-4ca1-85ca-2159070ed54f',	'2025-05-07 15:51:58.746',	'2025-07-27 11:30:03.594593',	NULL,	541),
(252,	'2025-07-27 11:30:05.782',	70,	'EFECTIVO',	'TOTAL',	'COMPLETADO',	'',	'EF98443838',	'2243585522-463b3835-d2b1-4f26-a6ea-0b4434f08c34',	'2025-04-29 17:19:12.352',	'2025-07-27 11:30:05.7875',	NULL,	528),
(251,	'2025-07-27 11:30:07.759',	70,	'EFECTIVO',	'TOTAL',	'COMPLETADO',	'',	'EF46685539',	'2243585522-2b443091-34f9-474e-9e3b-ff3f7873a48e',	'2025-04-29 17:18:51.003',	'2025-07-27 11:30:07.76283',	NULL,	527),
(250,	'2025-07-27 11:30:09.931',	70,	'EFECTIVO',	'TOTAL',	'COMPLETADO',	'',	'EF66435053',	'2243585522-4bc7a2d2-abd7-4de9-b4a6-75367df69c1c',	'2025-04-29 17:18:30.761',	'2025-07-27 11:30:09.9378',	NULL,	526),
(231,	'2025-07-27 11:33:08.752',	100,	'EFECTIVO',	'TOTAL',	'COMPLETADO',	'',	'EF83239815',	'2243585522-8e511e94-5d0c-4ebf-9cfd-15b3dcda2fcb',	'2025-03-03 12:55:34.579',	'2025-07-27 11:33:08.756023',	NULL,	507),
(12,	'2025-07-28 08:18:16.62',	0,	'EFECTIVO',	'TOTAL',	'CANCELADO',	'',	'',	'2243585522-051d4892-e84c-4f5d-9b4c-d03894ab6fc0',	'2025-04-24 18:42:42.722',	'2025-07-28 08:18:16.631191',	NULL,	12),
(13,	'2025-07-28 08:18:16.71',	0,	'EFECTIVO',	'TOTAL',	'CANCELADO',	'',	'',	'2243585522-f6593b4d-782d-46e7-b957-aeb4ded6b9e2',	'2025-04-24 18:52:43.136',	'2025-07-28 08:18:16.729519',	NULL,	13),
(14,	'2025-07-28 08:18:16.79',	0,	'EFECTIVO',	'TOTAL',	'CANCELADO',	'',	'',	'2243585522-f9e73249-36b0-445b-b3a4-f0e10d989396',	'2025-04-24 18:53:25.129',	'2025-07-28 08:18:16.805248',	NULL,	14),
(15,	'2025-07-28 08:18:16.87',	0,	'EFECTIVO',	'TOTAL',	'CANCELADO',	'',	'',	'2243585522-e3313fad-4bbb-4391-9f11-15fbdfce9dc1',	'2025-04-28 11:34:05.222',	'2025-07-28 08:18:16.888375',	NULL,	16),
(17,	'2025-07-28 08:18:16.961',	0,	'EFECTIVO',	'TOTAL',	'CANCELADO',	'',	'',	'2243585522-90a008dc-e7cd-4c64-a1c4-6381affb6c69',	'2025-04-28 11:35:41.13',	'2025-07-28 08:18:16.983268',	NULL,	18),
(307,	'2025-05-15 11:06:09.38',	63,	'MERCADOPAGO',	'TOTAL',	'COMPLETADO',	'',	'1323364978',	'2243585522-8b81cf0d-2180-415e-8123-a08293861a97',	'2025-05-15 11:05:50.014',	'2025-05-15 11:06:09.382393',	NULL,	587),
(284,	'2025-05-14 19:07:40.977',	85.5,	'MERCADOPAGO',	'TOTAL',	'CANCELADO',	'probando con envio de mail',	'1335958591',	'2243585522-5ea31f22-b614-44fc-b76f-465a51d709c9',	'2025-05-12 16:03:15.438',	'2025-05-14 19:07:40.982292',	NULL,	564),
(324,	'2025-05-20 18:57:32.452',	95,	'MERCADOPAGO',	'TOTAL',	'COMPLETADO',	'',	'111817457653',	'2243585522-8667be2e-c9a3-4c78-8279-5b1939deccfe',	'2025-05-17 20:50:52.469',	'2025-05-17 20:50:52.493',	NULL,	605),
(292,	'2025-05-14 19:40:24.137',	70,	'MERCADOPAGO',	'TOTAL',	'CANCELADO',	'probando otra vez',	'1336080571',	'2243585522-d435c384-ab73-4dd4-b865-0ec50db2d65e',	'2025-05-14 19:37:34.646',	'2025-05-14 19:40:24.139273',	NULL,	572),
(308,	'2025-05-15 11:23:38.396',	66.5,	'MERCADOPAGO',	'TOTAL',	'COMPLETADO',	'',	'1336098397',	'2243585522-33a2492c-cb13-44ab-be13-866c8009fdc9',	'2025-05-15 11:23:19.592',	'2025-05-15 11:23:38.399097',	NULL,	588),
(309,	'2025-05-15 16:46:18.85',	0,	'EFECTIVO',	'TOTAL',	'CANCELADO',	'',	'',	'2243585522-bc035b4f-5c29-4d42-b80a-1bdb619d4a1b',	'2025-05-15 16:46:01.303',	'2025-05-15 16:46:18.853369',	NULL,	589),
(310,	'2025-05-15 16:50:13.704',	0,	'EFECTIVO',	'TOTAL',	'CANCELADO',	'',	'',	'2243585522-65b555bd-e8f4-4c57-b378-6ebb6256e992',	'2025-05-15 16:49:00.793',	'2025-05-15 16:50:13.715996',	NULL,	590),
(295,	'2025-05-14 22:41:08.691',	70,	'MERCADOPAGO',	'TOTAL',	'COMPLETADO',	'',	'1336081467',	'2243585522-f6875433-159c-44fa-91e6-539e883f35a3',	'2025-05-14 22:40:42.182',	'2025-05-14 22:41:08.693295',	NULL,	575),
(296,	'2025-05-14 22:43:18.08',	200,	'EFECTIVO',	'TOTAL',	'COMPLETADO',	'probando con envio de correo',	'EF17812510',	'2243585522-5b03bb83-82c2-4988-9031-e76e2f068988',	'2025-05-14 22:41:47.975',	'2025-05-14 22:43:18.08479',	NULL,	576),
(297,	'2025-05-14 22:50:36.404',	70,	'EFECTIVO',	'TOTAL',	'COMPLETADO',	'probando 1 2 3',	'EF44097425',	'2243585522-21af9550-76b5-4b53-adb8-02fcfcc6a0b5',	'2025-05-14 22:49:26.709',	'2025-05-14 22:50:36.408146',	NULL,	577),
(298,	'2025-05-14 22:58:26.582',	100,	'EFECTIVO',	'TOTAL',	'COMPLETADO',	'hola holaaa',	'EF16070042',	'2243585522-d6a00e94-5103-476a-b647-a8f8bd5a75f9',	'2025-05-14 22:49:39.499',	'2025-05-14 22:58:26.592068',	NULL,	578),
(299,	'2025-05-14 23:04:31.941',	200,	'EFECTIVO',	'TOTAL',	'COMPLETADO',	'pru e ba',	'EF20421865',	'2243585522-8e60d64a-e231-48f7-afcc-4f7b609bf122',	'2025-05-14 22:49:53.535',	'2025-05-14 23:04:31.946395',	NULL,	579),
(306,	'2025-05-15 16:50:13.808',	0,	'EFECTIVO',	'TOTAL',	'CANCELADO',	'',	'',	'2243585522-cdb35a6f-7cc2-4156-965e-e5853a865f81',	'2025-05-14 23:55:45.341',	'2025-05-15 16:50:13.821095',	NULL,	586),
(300,	'2025-05-14 23:07:05.309',	95,	'MERCADOPAGO',	'TOTAL',	'COMPLETADO',	'',	'1336086471',	'2243585522-a98c9933-8f83-4473-bd34-6cab27f5ecd3',	'2025-05-14 23:06:39.189',	'2025-05-14 23:07:05.310635',	NULL,	580),
(301,	'2025-05-14 23:19:19.611',	70,	'MERCADOPAGO',	'TOTAL',	'COMPLETADO',	'',	'1336081603',	'2243585522-e6af4746-589b-40b9-a691-85b81e646217',	'2025-05-14 23:18:51.951',	'2025-05-14 23:18:51.97',	NULL,	581),
(311,	'2025-05-15 16:54:18.685',	66.5,	'EFECTIVO',	'TOTAL',	'COMPLETADO',	'pagando en cashh',	'EF59788328',	'2243585522-f7eb604c-9c87-4b82-9ccd-874e01d08e66',	'2025-05-15 16:53:37.696',	'2025-05-15 16:54:18.688364',	NULL,	591),
(302,	'2025-05-14 23:23:21.443',	95,	'MERCADOPAGO',	'TOTAL',	'COMPLETADO',	'',	'1336081611',	'2243585522-4adca426-36a9-404e-bd71-af7259f782b0',	'2025-05-14 23:22:58.869',	'2025-05-14 23:23:21.444869',	NULL,	582),
(303,	'2025-05-14 23:28:49.526',	120,	'MERCADOPAGO',	'TOTAL',	'COMPLETADO',	'',	'1336081625',	'2243585522-a6213bd7-e388-4d99-8729-b1ec780a90fa',	'2025-05-14 23:28:23.705',	'2025-05-14 23:28:49.52797',	NULL,	583),
(304,	'2025-05-14 23:47:27.846',	70,	'MERCADOPAGO',	'TOTAL',	'COMPLETADO',	'',	'1336086549',	'2243585522-76c8c8b9-6816-4edc-b3b8-48e2afc38d7b',	'2025-05-14 23:47:08.399',	'2025-05-14 23:47:27.848632',	NULL,	584),
(305,	'2025-05-14 23:52:19.27',	100,	'EFECTIVO',	'TOTAL',	'COMPLETADO',	'probando en efectivo con envio de correo',	'EF70495595',	'2243585522-007ac084-6cf2-43a2-b943-e816a24af869',	'2025-05-14 23:51:29.632',	'2025-05-14 23:52:19.277635',	NULL,	585),
(319,	'2025-05-15 19:48:56.154',	70,	'MERCADOPAGO',	'TOTAL',	'COMPLETADO',	'',	'1336109219',	'2243585522-d30c82e0-f3d2-4fb6-9b98-202066be4f41',	'2025-05-15 19:48:28.017',	'2025-05-15 19:48:28.053',	NULL,	599),
(294,	'2025-05-14 23:56:21.091',	0,	'MERCADOPAGO',	'TOTAL',	'COMPLETADO',	'lkkkkk',	'111194968691',	'2243585522-da324094-4973-43b5-8aff-bf7982d46506',	'2025-05-14 20:14:31.652',	'2025-05-14 23:56:21.093061',	NULL,	574),
(313,	'2025-05-15 17:13:44.193',	70,	'MERCADOPAGO',	'TOTAL',	'COMPLETADO',	'',	'1336108001',	'2243585522-f0dafb68-d4b2-484d-92a5-0c26b58ac223',	'2025-05-15 17:13:25.81',	'2025-05-15 17:13:25.837',	NULL,	593),
(314,	'2025-05-15 17:15:37.795',	66.5,	'MERCADOPAGO',	'TOTAL',	'COMPLETADO',	'',	'1336108015',	'2243585522-e7d59140-3667-418f-be3b-3421282b0767',	'2025-05-15 17:15:12.074',	'2025-05-15 17:15:12.098',	NULL,	594),
(315,	'2025-05-15 17:20:31.464',	95,	'EFECTIVO',	'TOTAL',	'COMPLETADO',	'',	'EF15168541',	'2243585522-dc9aa290-3bda-465b-b3ea-8a85b9212e0d',	'2025-05-15 17:19:24.08',	'2025-05-15 17:20:31.470276',	NULL,	595),
(317,	'2025-05-15 18:53:01.911',	70,	'MERCADOPAGO',	'TOTAL',	'COMPLETADO',	'',	'1336103625',	'2243585522-ddc57d5c-81cf-4af8-9ad8-e376569992c0',	'2025-05-15 18:52:36.835',	'2025-05-15 18:53:01.91413',	NULL,	597),
(318,	'2025-05-15 19:01:28.661',	70,	'MERCADOPAGO',	'TOTAL',	'COMPLETADO',	'',	'1336103701',	'2243585522-ab4cad4a-e964-48ac-a9ea-cd49c3841f25',	'2025-05-15 19:01:04.959',	'2025-05-15 19:01:04.991',	NULL,	598),
(316,	'2025-05-15 19:02:56.871',	70,	'MERCADOPAGO',	'TOTAL',	'COMPLETADO',	'',	'111288728941',	'2243585522-74f6c052-9e52-474b-b273-fdd37a1b0c7e',	'2025-05-15 18:50:11.556',	'2025-05-15 19:02:56.874966',	NULL,	596),
(332,	'2025-05-26 17:58:34.038',	56,	'MERCADOPAGO',	'TOTAL',	'COMPLETADO',	'',	'1323498122',	'2243585522-ea7d1f66-2189-4930-9707-105b5fcb3823',	'2025-05-26 17:57:50.198',	'2025-05-26 17:57:50.246',	NULL,	614),
(325,	'2025-05-19 15:24:53.142',	56,	'MERCADOPAGO',	'TOTAL',	'COMPLETADO',	'',	'1323399516',	'2243585522-956ed771-3d7f-44e0-9c02-e9df63438806',	'2025-05-19 15:24:21.789',	'2025-05-19 15:24:21.819',	NULL,	606),
(330,	'2025-05-25 19:08:29.109',	140,	'MERCADOPAGO',	'TOTAL',	'COMPLETADO',	'',	'112810268114',	'2243585522-b392795a-4ea5-4ecb-898d-22c3fa42ae81',	'2025-05-25 19:07:24.081',	'2025-05-25 19:08:29.112883',	NULL,	612),
(293,	'2025-05-19 15:26:06.952',	0,	'MERCADOPAGO',	'TOTAL',	'COMPLETADO',	'jbfakejbfeak',	'111679573271',	'2243585522-56748132-12e4-48df-970c-cf94a40d09e8',	'2025-05-14 20:02:08.537',	'2025-05-19 15:26:06.954554',	NULL,	573),
(341,	'2025-07-27 11:10:18.396',	76,	'EFECTIVO',	'TOTAL',	'COMPLETADO',	'',	'EF77002927',	'2243585522-bf25060b-3d10-4cb9-ac48-b243bab09bcd',	'2025-06-09 12:25:28.308',	'2025-07-27 11:10:18.41488',	NULL,	624),
(331,	'2025-05-26 17:57:25.503',	66.5,	'EFECTIVO',	'TOTAL',	'COMPLETADO',	'',	'EF51776563',	'2243585522-5e438de6-d83b-4659-aaf1-c565194e7e84',	'2025-05-26 17:55:59.533',	'2025-05-26 17:57:25.508922',	NULL,	613),
(334,	'2025-05-28 19:42:06.699',	305,	'MERCADOPAGO',	'TOTAL',	'COMPLETADO',	'',	'113137991772',	'2243585522-e7f2a7f4-c17e-433b-9b0d-3819df4446bc',	'2025-05-28 19:41:00.538',	'2025-05-28 19:42:06.701661',	NULL,	616),
(333,	'2025-05-26 18:32:29.961',	76,	'MERCADOPAGO',	'TOTAL',	'COMPLETADO',	'',	'1336571087',	'2243585522-1b7a28e5-103f-455a-96a9-b4949fd623a1',	'2025-05-26 18:31:24.658',	'2025-05-26 18:32:29.965426',	NULL,	615),
(328,	'2025-06-03 10:38:17.44',	70,	'EFECTIVO',	'TOTAL',	'COMPLETADO',	'',	'EF28583159',	'2243585522-1fd71f0e-b7b7-42e1-b82a-bb2f8f11e757',	'2025-05-20 10:06:05.464',	'2025-06-03 10:38:17.449274',	NULL,	610),
(336,	'2025-06-09 11:15:29.246',	56,	'EFECTIVO',	'TOTAL',	'COMPLETADO',	'',	'EF32974574',	'2243585522-97537b3c-28a7-4285-87bb-4da87a4cf3c7',	'2025-06-09 11:13:18.224',	'2025-06-09 11:15:29.25069',	NULL,	619),
(339,	'2025-06-09 14:11:04.135',	0,	'EFECTIVO',	'TOTAL',	'CANCELADO',	'',	'',	'2243585522-6eca9e49-b26e-4d3b-9b11-dd8500db0850',	'2025-06-09 11:38:20.842',	'2025-06-09 14:11:04.137705',	NULL,	622),
(342,	'2025-06-17 14:57:56.916',	0,	'EFECTIVO',	'TOTAL',	'CANCELADO',	'',	'',	'2243585522-e6f7d671-e07a-4cda-a712-fc235f832cd7',	'2025-06-09 12:27:45.578',	'2025-06-17 14:57:56.918855',	NULL,	625),
(338,	'2025-07-27 11:10:20.096',	76,	'EFECTIVO',	'TOTAL',	'COMPLETADO',	'',	'EF88861256',	'2243585522-ac9ae055-b0e6-4243-8646-2c64e3ce5ce1',	'2025-06-09 11:34:40.387',	'2025-07-27 11:10:20.099222',	NULL,	621),
(337,	'2025-07-27 11:10:22.42',	56,	'EFECTIVO',	'TOTAL',	'COMPLETADO',	'',	'EF89966432',	'2243585522-bb7032f6-03ae-4c68-829e-d4b69f53bc56',	'2025-06-09 11:17:46.812',	'2025-07-27 11:10:22.425855',	NULL,	620),
(327,	'2025-07-27 11:13:43.974',	76,	'EFECTIVO',	'TOTAL',	'COMPLETADO',	'',	'EF76900485',	'2243585522-eadafc64-19f4-4aa1-a24a-efe4894ebacb',	'2025-05-20 10:05:43.314',	'2025-07-27 11:13:43.979123',	NULL,	609),
(323,	'2025-07-27 11:13:47.758',	70,	'EFECTIVO',	'TOTAL',	'COMPLETADO',	'',	'EF52166690',	'2243585522-b4678fa7-a0bb-4779-b257-a42c99ff736a',	'2025-05-17 17:12:00.452',	'2025-07-27 11:13:47.764997',	NULL,	603),
(322,	'2025-07-27 11:13:53.696',	120,	'EFECTIVO',	'TOTAL',	'COMPLETADO',	'',	'EF34916427',	'2243585522-127ed2a0-ed63-4296-9ac5-8fd87040d00b',	'2025-05-17 16:35:25.936',	'2025-07-27 11:13:53.698911',	NULL,	602),
(321,	'2025-07-27 11:13:56.033',	95,	'EFECTIVO',	'TOTAL',	'COMPLETADO',	'',	'EF40094291',	'2243585522-86d0b3a2-0e66-4f22-b0a6-7b250da9b926',	'2025-05-17 16:33:49.488',	'2025-07-27 11:13:56.035568',	NULL,	601),
(320,	'2025-07-27 11:13:58.518',	70,	'EFECTIVO',	'TOTAL',	'COMPLETADO',	'',	'EF29091300',	'2243585522-d5cad454-222d-45a8-aaf3-037d658f9954',	'2025-05-17 16:29:28.035',	'2025-07-27 11:13:58.519994',	NULL,	600),
(312,	'2025-07-27 11:23:04.166',	70,	'EFECTIVO',	'TOTAL',	'COMPLETADO',	'',	'EF29325314',	'2243585522-813ce31a-77be-4f68-9edc-61769f89bbc0',	'2025-05-15 17:11:53.077',	'2025-07-27 11:23:04.17948',	NULL,	592),
(340,	'2025-06-09 13:32:04.621',	76,	'MERCADOPAGO',	'TOTAL',	'COMPLETADO',	'',	'114015048969',	'2243585522-cc23a158-5e0f-4e79-95a8-5c2a464e2c48',	'2025-06-09 12:13:06.025',	'2025-06-09 13:32:04.662192',	NULL,	623),
(354,	'2025-06-15 20:49:02.217',	305,	'MERCADOPAGO',	'TOTAL',	'COMPLETADO',	'',	'114772740691',	'2243585522-6d8e6ee5-1e4e-43c1-b983-2ca2d15580ad',	'2025-06-15 18:33:34.181',	'2025-06-15 20:49:02.218857',	NULL,	638),
(345,	'2025-06-09 13:33:45.38',	76,	'MERCADOPAGO',	'TOTAL',	'COMPLETADO',	'',	'1323649128',	'2243585522-08243bee-238f-4c03-9d12-780374d1fae3',	'2025-06-09 13:33:07.251',	'2025-06-09 13:33:45.430771',	NULL,	628),
(335,	'2025-06-09 13:36:10.844',	66.5,	'MERCADOPAGO',	'TOTAL',	'COMPLETADO',	'',	'114015566645',	'2243585522-836878c0-c1f3-43a8-86b0-a2149a1bd084',	'2025-06-09 11:10:48.352',	'2025-06-09 11:10:48.412',	NULL,	618),
(352,	'2025-06-15 09:37:31.319',	95,	'EFECTIVO',	'TOTAL',	'COMPLETADO',	'adelantado el pago',	'EF66968668',	'2243585522-1b99dbe9-a3c3-4de4-969a-efbcde6653aa',	'2025-06-15 09:36:33.254',	'2025-06-15 09:37:31.324714',	NULL,	636),
(351,	'2025-06-15 10:38:51.18',	305,	'EFECTIVO',	'TOTAL',	'COMPLETADO',	'',	'EF55107685',	'2243585522-60bb500a-2d48-4543-bc14-aa20bafd9006',	'2025-06-15 09:03:09.408',	'2025-06-15 10:38:51.188426',	NULL,	635),
(350,	'2025-06-15 17:26:12.85',	244,	'EFECTIVO',	'TOTAL',	'COMPLETADO',	'',	'EF62334243',	'2243585522-b42c4af2-0adc-4124-98a0-4e2f56d9bb57',	'2025-06-14 23:24:00.341',	'2025-06-15 17:26:12.859886',	NULL,	634),
(346,	'2025-06-15 17:28:08.963',	95,	'EFECTIVO',	'TOTAL',	'COMPLETADO',	'',	'EF79015552',	'2243585522-6804dfe9-1050-41f8-a726-ee9aaa857bbf',	'2025-06-14 20:56:13.613',	'2025-06-15 17:28:08.970707',	NULL,	629),
(353,	'2025-06-15 17:36:12.2',	70,	'MERCADOPAGO',	'TOTAL',	'COMPLETADO',	'',	'114756687755',	'2243585522-43785ff6-bc3b-426a-944a-3794c54f0eaf',	'2025-06-15 17:31:56.502',	'2025-06-15 17:36:12.202113',	NULL,	637),
(349,	'2025-06-15 17:39:07.198',	244,	'MERCADOPAGO',	'TOTAL',	'COMPLETADO',	'',	'115239891052',	'2243585522-1046ee8b-ceb8-4ef3-8507-b9c6e07fa985',	'2025-06-14 23:20:56.545',	'2025-06-15 17:39:07.200498',	NULL,	633),
(356,	'2025-06-15 19:17:10.856',	76,	'MERCADOPAGO',	'TOTAL',	'COMPLETADO',	'',	'114764921011',	'2243585522-b1a5f6ee-879f-4a02-b287-02524dd9eef9',	'2025-06-15 18:38:08.997',	'2025-06-15 19:17:10.858719',	NULL,	640),
(348,	'2025-06-15 19:19:10.315',	244,	'MERCADOPAGO',	'TOTAL',	'COMPLETADO',	'',	'114765065123',	'2243585522-dd84c65d-a4e4-4805-8c9f-a5f7cb952cd9',	'2025-06-14 21:36:28.578',	'2025-06-15 19:19:10.316577',	NULL,	632),
(357,	'2025-06-15 20:17:04.078',	70,	'MERCADOPAGO',	'TOTAL',	'COMPLETADO',	'',	'115253001196',	'2243585522-4e4c2a73-b565-4bc7-82af-0d390098b124',	'2025-06-15 18:59:41.239',	'2025-06-15 20:17:04.080189',	NULL,	641),
(347,	'2025-06-15 20:25:55.498',	195,	'MERCADOPAGO',	'TOTAL',	'COMPLETADO',	'',	'114770715673',	'2243585522-ea682ebf-81d3-4729-956f-b607f3578266',	'2025-06-14 20:57:53.603',	'2025-06-14 20:57:53.63',	NULL,	630),
(365,	'2025-06-15 20:33:17.465',	140,	'MERCADOPAGO',	'TOTAL',	'COMPLETADO',	'',	'115254414952',	'2243585522-b176b445-42fd-4d01-8f3a-6a49eedbd16d',	'2025-06-15 20:26:38.728',	'2025-06-15 20:33:17.467243',	NULL,	649),
(378,	'2025-06-16 20:17:51.19',	66.5,	'MERCADOPAGO',	'TOTAL',	'COMPLETADO',	'',	'1337705155',	'2243585522-1ace4df4-8f0f-4e11-b60b-f13194178658',	'2025-06-16 20:17:15.821',	'2025-06-16 20:17:51.192955',	NULL,	662),
(374,	'2025-06-16 09:48:31.951',	49,	'MERCADOPAGO',	'TOTAL',	'COMPLETADO',	'',	'1337638199',	'2243585522-a2864494-9052-4269-9ddf-fb2cb140663d',	'2025-06-16 09:47:58.828',	'2025-06-16 09:48:31.955117',	NULL,	658),
(367,	'2025-06-17 13:30:00.875',	140,	'MERCADOPAGO',	'TOTAL',	'COMPLETADO',	'',	'115435123070',	'2243585522-3f1239f8-ff1f-4163-88a3-9770f49edfc1',	'2025-06-15 20:35:14.392',	'2025-06-17 13:30:00.877123',	NULL,	651),
(375,	'2025-06-16 09:50:25.992',	70,	'MERCADOPAGO',	'TOTAL',	'COMPLETADO',	'',	'1337638235',	'2243585522-17f2657f-80d8-4b78-bca9-946ee7bc273b',	'2025-06-16 09:50:12.163',	'2025-06-16 09:50:25.99343',	NULL,	659),
(366,	'2025-06-16 09:53:10.697',	140,	'MERCADOPAGO',	'TOTAL',	'COMPLETADO',	'',	'115292352790',	'2243585522-8b4884f0-d4c5-4b9d-90e0-19916ad45af5',	'2025-06-15 20:31:16.481',	'2025-06-16 09:53:10.698757',	NULL,	650),
(372,	'2025-06-17 13:45:00.123',	0,	'EFECTIVO',	'TOTAL',	'CANCELADO',	'',	'',	'2243585522-04335660-0183-4fef-8520-a58c6d2b106f',	'2025-06-15 21:08:38.68',	'2025-06-15 21:08:38.724',	NULL,	656),
(376,	'2025-06-16 09:54:29.561',	136.5,	'MERCADOPAGO',	'TOTAL',	'COMPLETADO',	'',	'1337645985',	'2243585522-6a8f2c00-6d03-43a0-97a8-9cca5bbbf310',	'2025-06-16 09:53:58.237',	'2025-06-16 09:54:29.562889',	NULL,	660),
(384,	'2025-06-19 01:30:38.73',	0,	'EFECTIVO',	'TOTAL',	'CANCELADO',	'',	'',	'2243585522-f2353b5f-b8b6-4b08-bc95-999e5eef61b7',	'2025-06-19 01:29:51.253',	'2025-06-19 01:30:38.732466',	NULL,	668),
(373,	'2025-06-17 13:45:00.311',	0,	'EFECTIVO',	'TOTAL',	'CANCELADO',	'',	'',	'2243585522-1f8a89c4-42d5-4fcf-a3d6-2d8bfc99f371',	'2025-06-16 09:46:04.262',	'2025-06-17 13:45:00.328939',	NULL,	657),
(380,	'2025-06-17 15:09:40.849',	195,	'EFECTIVO',	'TOTAL',	'COMPLETADO',	'',	'EF48489640',	'2243585522-e1f12d50-b820-42f5-8f9a-780f40c54f9b',	'2025-06-17 14:03:20.491',	'2025-06-17 15:09:40.85539',	NULL,	664),
(377,	'2025-06-17 13:45:00.431',	0,	'EFECTIVO',	'TOTAL',	'CANCELADO',	'',	'',	'2243585522-830d7993-9375-4341-ba3c-4d95b07f32a7',	'2025-06-16 20:17:13.227',	'2025-06-17 13:45:00.447938',	NULL,	661),
(379,	'2025-06-18 05:22:21.122',	0,	'EFECTIVO',	'TOTAL',	'CANCELADO',	'',	'',	'2243585522-76ba16af-7287-4456-b444-bb6dc1017578',	'2025-06-17 14:02:45.682',	'2025-06-18 05:22:21.158892',	NULL,	663),
(369,	'2025-06-18 16:50:14.941',	0,	'EFECTIVO',	'TOTAL',	'CANCELADO',	'',	'',	'2243585522-7f60071b-5f62-43ae-90b0-b55c03a7af79',	'2025-06-15 20:53:30.027',	'2025-06-18 16:50:14.967806',	NULL,	653),
(381,	'2025-06-18 19:12:15.847',	305,	'MERCADOPAGO',	'TOTAL',	'CANCELADO',	'probando cancelaciones',	'114960083455',	'2243585522-6c8da290-b77f-4796-9dc2-be50ed4b2829',	'2025-06-17 14:56:39.67',	'2025-06-18 19:12:15.85336',	NULL,	665),
(383,	'2025-06-19 01:24:10.814',	140,	'MERCADOPAGO',	'TOTAL',	'COMPLETADO',	'',	'1337910189',	'2243585522-657e7d9b-6812-4bc0-b3b0-f29125a79d17',	'2025-06-19 01:23:31.585',	'2025-06-19 01:24:10.816268',	NULL,	667),
(385,	'2025-06-19 01:44:55.132',	95,	'EFECTIVO',	'TOTAL',	'CANCELADO',	'devolucion',	'EF12013697',	'2243585522-0d952c48-ede5-4172-a0ec-f8aa98ed3ab8',	'2025-06-19 01:36:32.68',	'2025-06-19 01:55:29.575127',	NULL,	669),
(386,	'2025-06-19 01:38:34.968',	136.5,	'MERCADOPAGO',	'TOTAL',	'COMPLETADO',	'',	'115144081455',	'2243585522-40532770-5ff3-4b23-830f-c2be2a91a462',	'2025-06-19 01:38:02.823',	'2025-06-19 01:38:02.861',	NULL,	670),
(388,	'2025-06-19 11:17:27.488',	66.5,	'MERCADOPAGO',	'TOTAL',	'COMPLETADO',	'',	'115178376723',	'2243585522-6eb21b5a-59c2-4b2c-b81a-9a5bde3cc427',	'2025-06-19 11:16:56.341',	'2025-06-19 11:17:27.493162',	NULL,	672),
(387,	'2025-06-19 13:21:16.406',	0,	'EFECTIVO',	'TOTAL',	'CANCELADO',	'',	'',	'2243585522-f5a02a00-f7f8-4a3a-9746-4a2dfa4ebc52',	'2025-06-19 11:15:30.344',	'2025-06-19 13:21:16.429714',	NULL,	671),
(391,	'2025-06-19 12:28:01.608',	136.5,	'MERCADOPAGO',	'TOTAL',	'COMPLETADO',	'',	'115673318250',	'2243585522-1e03b7ab-4555-47d3-b097-4841e83429d3',	'2025-06-19 12:23:40.586',	'2025-06-19 12:23:40.587',	NULL,	676),
(390,	'2025-06-19 12:49:04.862',	95,	'MERCADOPAGO',	'TOTAL',	'COMPLETADO',	'',	'115190180085',	'2243585522-d0d49b6f-a869-4836-90d6-797d747b6494',	'2025-06-19 11:21:03.805',	'2025-06-19 11:21:03.809',	NULL,	675),
(371,	'2025-07-27 11:09:31.911',	140,	'EFECTIVO',	'TOTAL',	'COMPLETADO',	'',	'EF89986875',	'2243585522-858d919e-a86b-449d-a13d-f087dd72709b',	'2025-06-15 21:06:17.238',	'2025-07-27 11:09:31.922075',	NULL,	655),
(370,	'2025-07-27 11:09:38.216',	66.5,	'EFECTIVO',	'TOTAL',	'COMPLETADO',	'',	'EF89530086',	'2243585522-d5eec6fb-03dc-4a84-af9d-e03771c3051e',	'2025-06-15 20:55:37.595',	'2025-07-27 11:09:38.219963',	NULL,	654),
(368,	'2025-07-27 11:09:41.566',	66.5,	'EFECTIVO',	'TOTAL',	'COMPLETADO',	'',	'EF84769278',	'2243585522-e05b44c1-5807-4019-93f0-e66a54fa4475',	'2025-06-15 20:49:22.716',	'2025-07-27 11:09:41.571803',	NULL,	652),
(364,	'2025-07-27 11:09:45.602',	66.5,	'EFECTIVO',	'TOTAL',	'COMPLETADO',	'',	'EF59946033',	'2243585522-f8237ced-5dac-435f-842d-7eefc8d8257d',	'2025-06-15 20:17:36.72',	'2025-07-27 11:09:45.607829',	NULL,	648),
(363,	'2025-07-27 11:09:47.881',	140,	'EFECTIVO',	'TOTAL',	'COMPLETADO',	'',	'EF45097651',	'2243585522-50993709-ae30-49f6-8466-6ae214b425ad',	'2025-06-15 20:07:44.846',	'2025-07-27 11:09:47.88539',	NULL,	647),
(362,	'2025-07-27 11:09:50.491',	140,	'EFECTIVO',	'TOTAL',	'COMPLETADO',	'',	'EF18654189',	'2243585522-e8862572-9721-481c-847e-59b3341e1778',	'2025-06-15 20:04:56.305',	'2025-07-27 11:09:50.497304',	NULL,	646),
(361,	'2025-07-27 11:09:52.922',	140,	'EFECTIVO',	'TOTAL',	'COMPLETADO',	'',	'EF41577916',	'2243585522-fcbecf19-9417-4901-83ed-828010e5afa3',	'2025-06-15 19:53:12.832',	'2025-07-27 11:09:52.929801',	NULL,	645),
(359,	'2025-07-27 11:10:00.225',	56,	'EFECTIVO',	'TOTAL',	'COMPLETADO',	'',	'EF91195733',	'2243585522-af4ed18b-dbe8-409f-9f2f-bf31faa3b688',	'2025-06-15 19:13:53.305',	'2025-07-27 11:10:00.228178',	NULL,	643),
(358,	'2025-07-27 11:10:02.516',	76,	'EFECTIVO',	'TOTAL',	'COMPLETADO',	'',	'EF52877941',	'2243585522-64cc4109-6896-4674-b85e-f61cb59b5775',	'2025-06-15 19:10:13.848',	'2025-07-27 11:10:02.544418',	NULL,	642),
(355,	'2025-07-27 11:10:10.716',	305,	'EFECTIVO',	'TOTAL',	'COMPLETADO',	'',	'EF61678679',	'2243585522-5c6b821a-21ae-428c-bd74-d6f90ce0bb3f',	'2025-06-15 18:36:11.706',	'2025-07-27 11:10:10.720721',	NULL,	639),
(344,	'2025-07-27 11:10:13.566',	76,	'EFECTIVO',	'TOTAL',	'COMPLETADO',	'',	'EF54121411',	'2243585522-1ce9631d-2e55-4bd6-88fe-8dcccc581714',	'2025-06-09 12:33:12.334',	'2025-07-27 11:10:13.572863',	NULL,	627),
(343,	'2025-07-27 11:10:15.252',	76,	'EFECTIVO',	'TOTAL',	'COMPLETADO',	'',	'EF74962880',	'2243585522-5c21a117-d894-4908-8dae-51e68be3567d',	'2025-06-09 12:30:04.845',	'2025-07-27 11:10:15.259449',	NULL,	626),
(382,	'2025-06-19 01:12:44.425',	70,	'MERCADOPAGO',	'TOTAL',	'CANCELADO',	'cancelando',	'1337910147',	'2243585522-4b09739d-8a33-4c76-ad45-a9744c098748',	'2025-06-19 01:11:57.013',	'2025-07-28 10:33:36.093755',	NULL,	666),
(392,	'2025-06-19 12:26:06.978',	70,	'MERCADOPAGO',	'TOTAL',	'COMPLETADO',	'',	'1323782796',	'2243585522-3e250ba2-977f-4fcf-8c54-b611e4a68504',	'2025-06-19 12:25:46.35',	'2025-06-19 12:26:06.983635',	NULL,	677),
(394,	'2025-06-19 12:44:11.994',	70,	'MERCADOPAGO',	'TOTAL',	'COMPLETADO',	'',	'1337928047',	'2243585522-4d4b72f7-d5d1-407b-85be-a12cda8a1123',	'2025-06-19 12:43:54.532',	'2025-06-19 12:44:11.995605',	NULL,	679),
(393,	'2025-06-19 12:46:27.393',	0,	'EFECTIVO',	'TOTAL',	'CANCELADO',	'',	'',	'2243585522-a92054ac-8558-46d9-b0c3-0d125ef99092',	'2025-06-19 12:42:05.824',	'2025-06-19 12:46:27.396229',	NULL,	678),
(389,	'2025-06-19 13:13:47.176',	70,	'EFECTIVO',	'TOTAL',	'COMPLETADO',	'pagada por adelantado',	'EF48098936',	'2243585522-bcd9622f-2625-469b-81e0-5045445507c9',	'2025-06-19 11:20:42.378',	'2025-06-19 13:13:47.17987',	NULL,	673),
(395,	'2025-06-19 13:18:15.717',	76,	'EFECTIVO',	'TOTAL',	'COMPLETADO',	'pagado en el salon',	'EF78441082',	'2243585522-4098f4cc-6676-40d2-aee1-ff08715c4aa9',	'2025-06-19 13:16:27.1',	'2025-06-19 13:18:15.725938',	NULL,	680),
(360,	'2025-07-27 11:09:57.336',	66.5,	'EFECTIVO',	'TOTAL',	'COMPLETADO',	'',	'EF41631656',	'2243585522-9e0208f9-920d-4470-9a58-8ab364973390',	'2025-06-15 19:22:19.23',	'2025-07-27 11:09:57.33925',	NULL,	644),
(236,	'2025-07-27 11:33:01.105',	90.25,	'EFECTIVO',	'TOTAL',	'COMPLETADO',	'',	'EF26914208',	'2243585522-1580cb0e-d9ab-4a13-a907-f2eb9443daf9',	'2025-03-09 15:52:07.093',	'2025-07-27 11:33:01.108641',	NULL,	512),
(225,	'2025-07-27 12:42:24.312',	85.5,	'EFECTIVO',	'TOTAL',	'COMPLETADO',	'',	'EF82256579',	'2243585522-a0e70864-48ca-4a1f-9bef-e25020cc986a',	'2025-02-26 16:28:21.814',	'2025-07-27 12:42:24.317318',	NULL,	501),
(213,	'2025-07-27 12:42:45.061',	80,	'EFECTIVO',	'TOTAL',	'COMPLETADO',	'',	'EF94281115',	'2243585522-a10b259c-9198-4ac3-b5fa-ce75de855fc4',	'2025-02-24 14:18:10.2',	'2025-07-27 12:42:45.064193',	NULL,	489),
(398,	'2025-07-28 07:50:55.638',	70,	'MERCADOPAGO',	'TOTAL',	'COMPLETADO',	'',	'1324214482',	'2243585522-d234f239-9bb0-47cf-87a0-226e863cd4a7',	'2025-07-28 07:50:24.335',	'2025-07-28 07:50:24.369',	NULL,	683),
(7,	'2025-07-28 08:18:16.462',	0,	'EFECTIVO',	'TOTAL',	'CANCELADO',	'',	'',	'2243585522-ad26b086-6048-45b8-8e1c-6b2cd6406d0c',	'2025-04-08 14:09:07.578',	'2025-07-28 08:18:16.474241',	NULL,	7),
(399,	NULL,	0,	'EFECTIVO',	'TOTAL',	'PENDIENTE',	'',	'',	'2243585522-59041425-2de4-4cec-a2bf-9c9e21681df1',	'2025-07-28 08:24:01.511',	'2025-07-28 08:24:01.561873',	NULL,	684),
(401,	'2025-07-28 08:39:59.582',	100,	'MERCADOPAGO',	'TOTAL',	'COMPLETADO',	'',	'1324215532',	'2243585522-7728aeeb-96ae-4b44-ad06-abdf96a6295d',	'2025-07-28 08:39:40.571',	'2025-07-28 08:39:59.584042',	NULL,	686),
(402,	NULL,	0,	'EFECTIVO',	'TOTAL',	'PENDIENTE',	'',	'',	'2243585522-1db0eb88-abdb-413f-867a-8262fe93024c',	'2025-07-28 08:40:35.634',	'2025-07-28 08:40:35.671972',	NULL,	687),
(400,	'2025-07-28 08:45:21.276',	136.5,	'MERCADOPAGO',	'TOTAL',	'COMPLETADO',	'',	'120134769284',	'2243585522-3d71944c-fecb-4195-b386-bf8e4b65a069',	'2025-07-28 08:24:19.032',	'2025-07-28 08:24:19.069',	NULL,	685),
(403,	'2025-07-28 08:59:38.874',	0,	'EFECTIVO',	'TOTAL',	'CANCELADO',	'',	'',	'2243585522-d6c2114c-e179-432a-95be-5e9f1d3adf18',	'2025-07-28 08:40:57.6',	'2025-07-28 08:59:38.879197',	NULL,	688),
(407,	'2025-07-28 16:40:05.129',	0,	'MERCADOPAGO',	'TOTAL',	'COMPLETADO',	'',	'119667870271',	'2243585522-f83595a6-c6d8-4288-9a01-91250713c55d',	'2025-07-28 16:35:05.663',	'2025-07-28 16:40:05.129983',	NULL,	692),
(405,	'2025-07-28 16:40:23.603',	0,	'EFECTIVO',	'TOTAL',	'CANCELADO',	'',	'',	'2243585522-8d9c8387-36f9-40b8-81e3-e610c5e98eea',	'2025-07-28 08:42:02.903',	'2025-07-28 16:40:23.60548',	NULL,	690),
(406,	'2025-07-28 16:45:24.921',	136.5,	'EFECTIVO',	'TOTAL',	'COMPLETADO',	'pago en efectivo',	'EF24503309',	'2243585522-ed2483bd-366e-44b1-8db0-158a1c585bff',	'2025-07-28 16:32:51.802',	'2025-07-28 16:45:24.926375',	NULL,	691),
(404,	'2025-07-28 08:41:40.253',	80,	'MERCADOPAGO',	'TOTAL',	'CANCELADO',	'cancelacion por falta',	'1324215548',	'2243585522-6ce1842c-423d-4c37-a1f4-aaa63a783adf',	'2025-07-28 08:41:19.532',	'2025-07-28 16:53:17.551686',	NULL,	689);

DROP TABLE IF EXISTS "roles";
DROP SEQUENCE IF EXISTS roles_id_seq;
CREATE SEQUENCE roles_id_seq INCREMENT 1 MINVALUE 1 MAXVALUE 2147483647 CACHE 1;

CREATE TABLE "public"."roles" (
    "id" integer DEFAULT nextval('roles_id_seq') NOT NULL,
    "role" character varying(45) NOT NULL,
    "description" character varying(200),
    "created_at" timestamp DEFAULT now(),
    "updated_at" timestamp DEFAULT now(),
    "deleted_at" timestamp,
    CONSTRAINT "PK_c1433d71a4838793a49dcad46ab" PRIMARY KEY ("id")
) WITH (oids = false);

TRUNCATE "roles";
INSERT INTO "roles" ("id", "role", "description", "created_at", "updated_at", "deleted_at") VALUES
(5,	'PRUEBA',	'rol de prueba para las pruebas que se prueban probando',	'2025-05-29 12:42:45.827',	'2025-05-29 12:43:49.270839',	'2025-05-29 12:43:49.270839'),
(4,	'SECRETARIO',	NULL,	'2024-12-13 15:03:36.943682',	'2025-05-29 15:48:42.726781',	'2025-05-29 15:48:42.726781'),
(6,	'SECRETARIO',	'descripcion de secretario',	'2025-05-29 16:18:18.117',	'2025-05-29 16:19:18.287585',	'2025-05-29 16:19:18.287585'),
(1,	'ADMIN',	NULL,	'2024-12-13 15:03:13.583765',	'2025-06-09 11:02:32.124',	NULL),
(2,	'CLIENTE',	NULL,	'2024-12-13 15:03:25.66137',	'2025-06-15 09:34:31.762',	NULL),
(3,	'PROFESIONAL',	NULL,	'2024-12-13 15:03:31.16438',	'2025-06-17 15:04:34.805',	NULL);

DROP TABLE IF EXISTS "roles_permissions_permissions";
CREATE TABLE "public"."roles_permissions_permissions" (
    "rolesId" integer NOT NULL,
    "permissionsId" integer NOT NULL,
    CONSTRAINT "PK_b2f4e3f7fbeb7e5b495dd819842" PRIMARY KEY ("rolesId", "permissionsId")
) WITH (oids = false);

CREATE INDEX "IDX_dc2b9d46195bb3ed28abbf7c9e" ON public.roles_permissions_permissions USING btree ("rolesId");

CREATE INDEX "IDX_fd4d5d4c7f7ff16c57549b72c6" ON public.roles_permissions_permissions USING btree ("permissionsId");

TRUNCATE "roles_permissions_permissions";
INSERT INTO "roles_permissions_permissions" ("rolesId", "permissionsId") VALUES
(1,	1),
(1,	2),
(1,	3),
(1,	4),
(1,	5),
(1,	6),
(1,	7),
(1,	8),
(1,	9),
(1,	10),
(1,	11),
(1,	12),
(1,	13),
(1,	14),
(1,	15),
(1,	16),
(1,	17),
(1,	18),
(1,	19),
(1,	20),
(1,	21),
(1,	22),
(1,	23),
(1,	24),
(2,	1),
(1,	25),
(1,	26),
(4,	26),
(1,	28),
(2,	28),
(3,	28),
(4,	28),
(2,	27),
(2,	2),
(1,	29),
(2,	29),
(2,	30),
(3,	30),
(3,	31),
(1,	32),
(3,	33),
(1,	34),
(1,	35),
(1,	36),
(1,	37),
(1,	38),
(5,	3),
(5,	6),
(5,	9),
(5,	13),
(5,	17),
(5,	21),
(5,	26),
(5,	27),
(5,	29),
(5,	30),
(5,	31),
(5,	32),
(5,	35),
(5,	36),
(5,	37),
(5,	38),
(6,	1),
(6,	2),
(6,	3),
(6,	4),
(1,	39),
(1,	40),
(1,	41),
(1,	42),
(1,	43),
(1,	44),
(1,	45),
(1,	46),
(1,	49),
(1,	47),
(1,	48),
(1,	50),
(1,	51),
(1,	52),
(1,	53),
(2,	50),
(2,	51),
(2,	6),
(2,	9),
(2,	17),
(2,	3),
(1,	54),
(2,	25),
(2,	34),
(2,	43),
(2,	21),
(2,	47),
(2,	53),
(3,	9),
(3,	17);

DROP TABLE IF EXISTS "services";
DROP SEQUENCE IF EXISTS services_id_seq;
CREATE SEQUENCE services_id_seq INCREMENT 1 MINVALUE 1 MAXVALUE 2147483647 CACHE 1;

CREATE TABLE "public"."services" (
    "id" integer DEFAULT nextval('services_id_seq') NOT NULL,
    "name" character varying(255) NOT NULL,
    "description" character varying(255) NOT NULL,
    "price" double precision NOT NULL,
    "duration" integer NOT NULL,
    "created_at" timestamp DEFAULT now(),
    "updated_at" timestamp DEFAULT now(),
    "deleted_at" timestamp,
    "categoryId" integer NOT NULL,
    CONSTRAINT "PK_ba2d347a3168a296416c6c5ccb2" PRIMARY KEY ("id")
) WITH (oids = false);

TRUNCATE "services";
INSERT INTO "services" ("id", "name", "description", "price", "duration", "created_at", "updated_at", "deleted_at", "categoryId") VALUES
(1,	'CORTE',	'DESCRIPCION DE CORTE',	95,	50,	'2024-12-14 10:16:07.075',	'2024-12-14 10:16:07.075629',	NULL,	1),
(2,	'COLORACION',	'DESCRIPCION DE COLORACION',	120,	80,	'2024-12-14 10:16:41.759',	'2024-12-14 10:16:41.760073',	NULL,	1),
(3,	'PEINADO',	'DESCRIPCION DE PEINADO',	80,	60,	'2024-12-14 10:17:00.548',	'2024-12-14 10:17:00.548906',	NULL,	1),
(4,	'TRATAMIENTO',	'DESCRIPCION DE TRATAMIENTO',	70,	50,	'2024-12-14 10:17:20.78',	'2024-12-14 10:17:20.781235',	NULL,	1),
(5,	'LIMPIEZA FACIAL',	'DESCRIPCION DE LIMPIEZA FACIAL',	70,	50,	'2024-12-14 10:17:41.217',	'2024-12-14 10:17:41.218406',	NULL,	2),
(6,	'MASCARILLA',	'DESCRIPCION DE MASCARILLA',	100,	50,	'2024-12-14 10:17:58.757',	'2024-12-14 10:17:58.757426',	NULL,	2),
(7,	'PEELING QUIMICO',	'DESCRIPCION DE PEELING QUIMICO',	200,	60,	'2024-12-14 10:18:20.564',	'2024-12-14 10:18:20.565176',	NULL,	2),
(8,	'REAFIRMANTE',	'DESCRIPCION DE REAFIRMANTE',	150,	40,	'2024-12-14 10:19:09.512',	'2024-12-14 10:19:09.512702',	NULL,	3),
(9,	'PIERNAS',	'DESCRIPCION DE PIERNAS',	75,	30,	'2024-12-14 10:19:49.113',	'2024-12-14 10:19:49.114169',	NULL,	4),
(10,	'AXIAS',	'DESCRIPCION DE AXIAS',	50,	10,	'2024-12-14 10:20:04.794',	'2024-12-14 10:20:04.794886',	NULL,	4),
(11,	'BOZO',	'DESCRIPCION DE BOZO',	90,	30,	'2024-12-14 10:20:31.832',	'2024-12-14 10:20:31.832973',	NULL,	4),
(12,	'LIMPIEZA',	'DESCRIPCION DE LIMPIEZA',	90,	30,	'2024-12-14 10:21:28.631',	'2024-12-14 10:21:28.631696',	NULL,	5),
(13,	'TRADICIONAL',	'DESCRIPCION DE TRADICIONAL',	90,	30,	'2024-12-14 10:21:39.866',	'2024-12-14 10:21:39.866493',	NULL,	5),
(14,	'SEMIS',	'DESCRIPCION DE SEMIS',	110,	60,	'2024-12-14 10:21:54.87',	'2024-12-14 10:21:54.87068',	NULL,	5),
(15,	'CAPPING',	'DESCRIPCION DE CAPPING',	150,	70,	'2024-12-14 10:22:07.419',	'2024-12-14 10:22:07.41933',	NULL,	5),
(16,	'ACRILICO',	'DESCRIPCION DE ACRILICO',	180,	90,	'2024-12-14 10:22:27.652',	'2024-12-14 10:22:27.652406',	NULL,	5),
(17,	'LIMPIEZA PIES',	'DESCRIPCION DE LIMPIEZA PIES',	80,	30,	'2024-12-14 10:23:18.967',	'2024-12-14 10:23:18.967616',	NULL,	6),
(18,	'SEMIS PIES',	'DESCRIPCION DE SEMIS PIES',	80,	30,	'2024-12-14 10:23:36.587',	'2024-12-14 10:23:36.588355',	NULL,	6),
(20,	'CEJAS',	'DESCRIPCION DE CEJAS',	80,	30,	'2024-12-14 10:24:28.156',	'2024-12-14 10:24:28.156424',	NULL,	9),
(21,	'CORPORAL',	'DESCRIPCION DE CORPORAL',	80,	30,	'2024-12-14 10:24:39.681',	'2024-12-14 10:24:39.68181',	NULL,	10),
(22,	'ESPALDA',	'DESCRIPCION DE ESPALDA',	80,	40,	'2024-12-14 10:24:51.279',	'2024-12-14 10:24:51.279451',	NULL,	10),
(23,	'NOVIA',	'DESCRIPCION DE NOVIA',	80,	40,	'2024-12-14 10:25:42.929',	'2024-12-14 10:25:42.929433',	NULL,	7),
(19,	'EXTENSIONES',	'DESCRIPCION DE EXTENSIONES',	80,	30,	'2024-12-14 10:23:55.858',	'2024-12-14 10:23:55.858622',	NULL,	8),
(24,	'MICHITERAPIA',	'RELAJACIN CON GATITOS',	100,	60,	'2025-06-03 10:43:43.916',	'2025-06-03 10:44:26.74512',	'2025-06-03 10:44:26.74512',	10),
(26,	'masaje relajante maximo',	'masaje relajante maximo',	600,	30,	'2025-07-28 10:23:02.62',	'2025-07-28 10:26:53.500322',	'2025-07-28 10:26:53.500322',	10),
(25,	'prueba servicio',	'descripcion de prueba',	500,	30,	'2025-07-28 10:09:31.8',	'2025-07-28 10:26:58.534108',	'2025-07-28 10:26:58.534108',	9);

DROP TABLE IF EXISTS "system_config";
DROP SEQUENCE IF EXISTS system_config_id_seq;
CREATE SEQUENCE system_config_id_seq INCREMENT 1 MINVALUE 1 MAXVALUE 2147483647 CACHE 1;

CREATE TABLE "public"."system_config" (
    "id" integer DEFAULT nextval('system_config_id_seq') NOT NULL,
    "intervalMinutes" integer DEFAULT '30' NOT NULL,
    "maxReservationDays" integer DEFAULT '30' NOT NULL,
    "openingHour1" time without time zone NOT NULL,
    "closingHour1" time without time zone NOT NULL,
    "openingHour2" time without time zone,
    "closingHour2" time without time zone,
    "descount1" integer DEFAULT '0' NOT NULL,
    "descount2" integer DEFAULT '0' NOT NULL,
    "openDays" system_config_opendays_enum[] DEFAULT '{LUNES,MARTES,MIERCOLES,JUEVES,VIERNES}' NOT NULL,
    "created_at" timestamp DEFAULT now(),
    "updated_at" timestamp DEFAULT now(),
    "deleted_at" timestamp,
    CONSTRAINT "PK_db4e70ac0d27e588176e9bb44a0" PRIMARY KEY ("id")
) WITH (oids = false);

TRUNCATE "system_config";
INSERT INTO "system_config" ("id", "intervalMinutes", "maxReservationDays", "openingHour1", "closingHour1", "openingHour2", "closingHour2", "descount1", "descount2", "openDays", "created_at", "updated_at", "deleted_at") VALUES
(1,	30,	30,	'08:00:00',	'20:00:00',	NULL,	NULL,	30,	20,	'{LUNES,MARTES,MIERCOLES,JUEVES,VIERNES}',	'2024-12-14 11:35:15.691373',	'2025-06-19 11:16:27.710313',	NULL);

DROP TABLE IF EXISTS "users";
DROP SEQUENCE IF EXISTS users_id_seq;
CREATE SEQUENCE users_id_seq INCREMENT 1 MINVALUE 1 MAXVALUE 2147483647 CACHE 1;

CREATE TABLE "public"."users" (
    "id" integer DEFAULT nextval('users_id_seq') NOT NULL,
    "first_name" character varying(255) NOT NULL,
    "last_name" character varying(255) NOT NULL,
    "email" character varying(255) NOT NULL,
    "birthdate" date,
    "gender" character varying(255),
    "phone" character varying(255),
    "email_token" character varying(32),
    "email_verified_at" timestamp,
    "email_change" character varying(255),
    "password" character varying(255) NOT NULL,
    "remember_token" character varying(100),
    "branch_office_id" bigint,
    "created_at" timestamp DEFAULT now(),
    "updated_at" timestamp DEFAULT now(),
    "deleted_at" timestamp,
    "roleId" integer,
    CONSTRAINT "PK_a3ffb1c0c8416b9fc6f907b7433" PRIMARY KEY ("id")
) WITH (oids = false);

CREATE UNIQUE INDEX "UQ_97672ac88f789774dd47f7c8be3" ON public.users USING btree (email);

TRUNCATE "users";
INSERT INTO "users" ("id", "first_name", "last_name", "email", "birthdate", "gender", "phone", "email_token", "email_verified_at", "email_change", "password", "remember_token", "branch_office_id", "created_at", "updated_at", "deleted_at", "roleId") VALUES
(10,	'CEJPEST',	'PROFESIONAL',	'cejpestpro@glamadates.com',	NULL,	'F',	'12345678',	NULL,	NULL,	NULL,	'$2a$08$v7uWAwBWeUk3dEHY0T0S8.9jbk7NEQ9VFTTd7Ley/5D01QTQC5ZAK',	NULL,	NULL,	'2024-12-14 10:10:02.761',	'2024-12-14 10:10:02.761906',	NULL,	3),
(15,	'FACIAL',	'PROFESIONAL',	'facialpro@glamadates.com',	NULL,	'F',	'12345678',	NULL,	NULL,	NULL,	'$2a$08$xsYnK/wHKXTdCAay6JMA.OeIbBEuO4uVAbdJ0KPfWVtx.lLFu1Tmy',	NULL,	NULL,	'2024-12-15 11:56:58.494',	'2024-12-15 11:56:58.495313',	NULL,	3),
(17,	'CLIENTE2',	'PROBANDO',	'cliente2pro@glamadates.com',	NULL,	NULL,	NULL,	NULL,	NULL,	NULL,	'$2y$10$UPQXG15kp7jmIfoyXumnhuzQe.ahZ61DDUa5VIPBFHwtgd2yYZ3Ua',	NULL,	NULL,	'2025-02-03 11:20:20.785802',	'2025-02-03 11:20:20.785802',	NULL,	2),
(4,	'DEV',	'OPS',	'devops@glamadates.com',	NULL,	'F',	'12345678',	NULL,	NULL,	NULL,	'$2y$10$UPQXG15kp7jmIfoyXumnhuzQe.ahZ61DDUa5VIPBFHwtgd2yYZ3Ua',	NULL,	NULL,	'2024-12-13 15:20:27.348',	'2024-12-13 15:20:27.351173',	NULL,	1),
(16,	'CLIENTE',	'PRUEBA',	'clientepru@glamadates.com',	NULL,	'F',	NULL,	NULL,	NULL,	NULL,	'$2y$10$UPQXG15kp7jmIfoyXumnhuzQe.ahZ61DDUa5VIPBFHwtgd2yYZ3Ua',	NULL,	NULL,	'2025-01-29 08:24:24.126875',	'2025-01-29 08:24:24.126875',	NULL,	2),
(6,	'MANPED',	'PROFESIONAL',	'manpedpro@glamadates.com',	NULL,	'F',	'12345678',	NULL,	NULL,	NULL,	'$2a$08$tovmsddrjtoAD6rkUDPMauHXU0Bl1BBI043fdQseTsUb7BJV67XVS',	NULL,	NULL,	'2024-12-14 10:08:46.391',	'2024-12-14 10:08:46.392145',	NULL,	3),
(7,	'MANPEDCEJPES',	'PROFESIONAL',	'manpedcejpespro@glamadates.com',	NULL,	'F',	'12345678',	NULL,	NULL,	NULL,	'$2a$08$3ZCeVHuroVnJC5D79dwBS.dz064d7gLhn57swOTlctEPO15XU.kIK',	NULL,	NULL,	'2024-12-14 10:09:08.752',	'2024-12-14 10:09:08.753378',	NULL,	3),
(9,	'CEJPES',	'PROFESIONAL',	'cejpespro@glamadates.com',	NULL,	'F',	'12345678',	NULL,	NULL,	NULL,	'$2a$08$UZhM3L4n0TquWpeQ5ojsoONhyULcVpGBWnRUYKigKTtvT.7r29scW',	NULL,	NULL,	'2024-12-14 10:10:01.442',	'2024-12-14 10:10:01.443407',	NULL,	3),
(8,	'CEJAPES',	'PROFESIONAL',	'cejapespro@glamadates.com',	NULL,	'F',	'12345678',	NULL,	NULL,	NULL,	'$2a$08$15/K/SRdlYzwLomq/l4UjeNRoMfDUjSDmivhSBXf9nkmMcXwtvkL.',	NULL,	NULL,	'2024-12-14 10:09:31.968',	'2024-12-14 10:09:31.969144',	NULL,	3),
(3,	'CAMILA',	'GOMEZ',	'cami@cami.com',	NULL,	'F',	'12345678',	NULL,	NULL,	NULL,	'$2y$10$UPQXG15kp7jmIfoyXumnhuzQe.ahZ61DDUa5VIPBFHwtgd2yYZ3Ua',	NULL,	NULL,	'2024-12-13 15:17:08.879',	'2024-12-13 15:17:08.882998',	NULL,	1),
(18,	'AILEN',	'GOMEZ',	'ailen@glamadates.com',	NULL,	NULL,	NULL,	NULL,	NULL,	NULL,	'$2y$10$UPQXG15kp7jmIfoyXumnhuzQe.ahZ61DDUa5VIPBFHwtgd2yYZ3Ua',	NULL,	NULL,	'2025-02-03 14:14:43.759246',	'2025-02-03 14:14:43.759246',	NULL,	2),
(5,	'PELU',	'PROFESIONAL',	'pelupro@glamadates.com',	NULL,	'F',	'12345678',	NULL,	NULL,	NULL,	'$2y$10$UPQXG15kp7jmIfoyXumnhuzQe.ahZ61DDUa5VIPBFHwtgd2yYZ3Ua',	NULL,	NULL,	'2024-12-14 10:08:01.821',	'2024-12-14 10:08:01.824018',	NULL,	3),
(11,	'MAN',	'PROFESIONAL',	'manpro@glamadates.com',	NULL,	'F',	'12345678',	NULL,	NULL,	NULL,	'$2a$08$7E7i3fJBZL9p7a.6ijgcruBwW5KfUFNPcLYQ/MRk6Q1ZgYPvoM5MG',	NULL,	NULL,	'2024-12-14 10:10:13.017',	'2024-12-14 10:10:13.018212',	NULL,	3),
(12,	'PED',	'PROFESIONAL',	'pedpro@glamadates.com',	NULL,	'F',	'12345678',	NULL,	NULL,	NULL,	'$2a$08$W7..TDSM13.u0MSSvfp9i.7GIndGdhum1v0oL11XGR0ljyMoSNrwy',	NULL,	NULL,	'2024-12-14 10:13:30.54',	'2024-12-14 10:13:30.54129',	NULL,	3),
(14,	'PEL',	'PROFESIONAL',	'pelpro@glamadates.com',	NULL,	'F',	'12345678',	NULL,	NULL,	NULL,	'$2a$08$hSyWQGQp5sf43NWp9fxaZ.91VwtxeEj8wn50.MBOr8Knu6UnU67c2',	NULL,	NULL,	'2024-12-14 10:13:50.125',	'2024-12-14 10:13:50.125889',	NULL,	3),
(13,	'PELO',	'PROFESIONAL',	'pelopro@glamadates.com',	NULL,	'F',	'12345678',	NULL,	NULL,	NULL,	'$2a$08$5r15YtNxTOaQQe.UCnrue.e90BXjjWWIm71U5R5BdD5blgQwUss4O',	NULL,	NULL,	'2024-12-14 10:13:48.807',	'2024-12-14 10:13:48.807799',	NULL,	3),
(28,	'JUANJO',	'BOLANO',	'juanjo@glamadates.com',	NULL,	NULL,	NULL,	NULL,	NULL,	NULL,	'$2a$08$ipIOOc1Ccmv4zou/CTFJdOhY0fEsEyafZ9F2uDoboC1FCdYvk1p0G',	NULL,	NULL,	'2025-05-07 17:17:13.315',	'2025-05-07 17:17:13.316495',	NULL,	2),
(31,	'PROBANDO',	'ANDOLIONI',	'prueba2@glamadates.com',	NULL,	'M',	'',	NULL,	NULL,	NULL,	'$2a$08$c7UkToAH41MJbZHyFNJYnO8lvFolsJ.MIQAOLNa/U9gjY7hf9xV1i',	NULL,	NULL,	'2025-05-26 23:28:10.038',	'2025-06-19 01:56:46.554419',	'2025-06-19 01:56:46.554419',	2),
(36,	'CLAUDIA',	'MULLER',	'clau@glamadates.com',	NULL,	'F',	'',	NULL,	NULL,	NULL,	'$2a$08$DDDcLZ4dGlafU31bnXewaO2YQJ041wIRaYGUPoAJ3MZlnp19x/wJ2',	NULL,	NULL,	'2025-06-19 11:19:38.906',	'2025-06-19 11:19:38.90758',	NULL,	2),
(29,	'CARLA',	'MENDEZ',	'ailen2@glamadates.com',	NULL,	'',	'',	NULL,	NULL,	NULL,	'$2a$08$yjPODy.KjlqGxSR5RU1GnOPjmK5SWceuQLKcIZljkoHT0NwbeAOEe',	NULL,	NULL,	'2025-05-15 23:49:35.513',	'2025-05-28 19:51:47.160028',	NULL,	3);

DROP TABLE IF EXISTS "workstations";
DROP SEQUENCE IF EXISTS workstations_id_seq;
CREATE SEQUENCE workstations_id_seq INCREMENT 1 MINVALUE 1 MAXVALUE 2147483647 CACHE 1;

CREATE TABLE "public"."workstations" (
    "id" integer DEFAULT nextval('workstations_id_seq') NOT NULL,
    "name" character varying(45) NOT NULL,
    "description" character varying(200),
    "state" workstations_state_enum DEFAULT 'ACTIVO' NOT NULL,
    "created_at" timestamp DEFAULT now(),
    "updated_at" timestamp DEFAULT now(),
    "deleted_at" timestamp,
    CONSTRAINT "PK_c852259b42e003d954c6c9b7a02" PRIMARY KEY ("id")
) WITH (oids = false);

TRUNCATE "workstations";
INSERT INTO "workstations" ("id", "name", "description", "state", "created_at", "updated_at", "deleted_at") VALUES
(3,	'SILLA MULTIUSO',	'DESCRIPCION DE SILLA MULTIUSO',	'ACTIVO',	'2024-12-14 09:55:39.887697',	'2024-12-14 09:55:39.887697',	NULL),
(4,	'BOX MANICURA',	'DESCRIPCION DE BOX MANICURA',	'ACTIVO',	'2024-12-14 09:55:59.430857',	'2024-12-14 09:55:59.430857',	NULL),
(5,	'BOX MANICURA',	'DESCRIPCION DE BOX MANICURA',	'ACTIVO',	'2024-12-14 09:56:05.208478',	'2024-12-14 09:56:05.208478',	NULL),
(6,	'BOX PEDICURA',	'DESCRIPCION DE BOX PEDICURA',	'ACTIVO',	'2024-12-14 09:56:11.89682',	'2024-12-14 09:56:11.89682',	NULL),
(7,	'CAMILLA MASAJES',	'DESCRIPCION DE CAMILLA MASAJES',	'ACTIVO',	'2024-12-14 09:56:28.244205',	'2024-12-14 09:56:28.244205',	NULL),
(8,	'CAMILLA MULTIUSO',	'DESCRIPCION DE CAMILLA MULTIUSO',	'ACTIVO',	'2024-12-14 10:02:11.080135',	'2024-12-14 10:02:11.080135',	NULL),
(9,	'CAMILLA MULTIUSO',	'DESCRIPCION DE CAMILLA MULTIUSO',	'ACTIVO',	'2024-12-14 10:02:15.72794',	'2025-05-29 19:16:09.082624',	'2025-05-29 19:16:09.082624'),
(12,	'MULTIUSO',	'cejas, pestaas, facial, corporal',	'ACTIVO',	'2025-05-29 21:11:00.459',	'2025-06-02 12:29:59.4',	NULL),
(13,	'PRUEBA',	NULL,	'ELIMINADO',	'2025-06-03 10:52:28.343',	'2025-06-03 10:54:56.026523',	NULL),
(10,	'ESTACION DE PRUEBA',	NULL,	'ACTIVO',	'2025-05-29 20:27:02.54683',	'2025-06-09 15:39:48.045',	NULL),
(2,	'SILLA MULTIUSO',	'DESCRIPCION DE SILLA MULTIUSO',	'ACTIVO',	'2024-12-14 09:55:34.965581',	'2025-06-09 15:40:13.794',	NULL),
(1,	'SILLA MULTIUSO',	'DESCRIPCION DE SILLA MULTIUSO',	'ACTIVO',	'2024-12-14 09:55:30.142545',	'2025-06-18 18:57:42.991',	NULL);

DROP TABLE IF EXISTS "workstations_categories_categories";
CREATE TABLE "public"."workstations_categories_categories" (
    "workstationsId" integer NOT NULL,
    "categoriesId" integer NOT NULL,
    CONSTRAINT "PK_aa7028d981abb7c81b12d09c073" PRIMARY KEY ("workstationsId", "categoriesId")
) WITH (oids = false);

CREATE INDEX "IDX_ec522cc34f4f8f93e3a2f7fcbc" ON public.workstations_categories_categories USING btree ("workstationsId");

CREATE INDEX "IDX_a2a9a010c8ffed73b920422308" ON public.workstations_categories_categories USING btree ("categoriesId");

TRUNCATE "workstations_categories_categories";
INSERT INTO "workstations_categories_categories" ("workstationsId", "categoriesId") VALUES
(4,	5),
(5,	5),
(6,	6),
(7,	10),
(1,	1),
(1,	7),
(2,	1),
(2,	7),
(3,	1),
(3,	7),
(8,	2),
(9,	2),
(8,	3),
(9,	3),
(8,	8),
(9,	8),
(8,	9),
(9,	9),
(12,	9),
(12,	8),
(10,	3),
(12,	2),
(12,	3),
(13,	8),
(2,	8);

ALTER TABLE ONLY "public"."appointments" ADD CONSTRAINT "FK_b79df48738cd67691f916c943fa" FOREIGN KEY ("packageId") REFERENCES packages(id) NOT DEFERRABLE;
ALTER TABLE ONLY "public"."appointments" ADD CONSTRAINT "FK_c4dbd8eb292b83b5dc67be3cf45" FOREIGN KEY ("clientId") REFERENCES users(id) NOT DEFERRABLE;

ALTER TABLE ONLY "public"."categories_users_users" ADD CONSTRAINT "FK_32ec81665c8769145fc15c65464" FOREIGN KEY ("categoriesId") REFERENCES categories(id) ON UPDATE CASCADE ON DELETE CASCADE NOT DEFERRABLE;
ALTER TABLE ONLY "public"."categories_users_users" ADD CONSTRAINT "FK_83d70976fcfb7143a39566876ae" FOREIGN KEY ("usersId") REFERENCES users(id) NOT DEFERRABLE;

ALTER TABLE ONLY "public"."details_appointments" ADD CONSTRAINT "FK_2bc5739ca88a374c349712207a3" FOREIGN KEY ("employeeId") REFERENCES users(id) NOT DEFERRABLE;
ALTER TABLE ONLY "public"."details_appointments" ADD CONSTRAINT "FK_64c01a3457e5d42aff61e008154" FOREIGN KEY ("workstationId") REFERENCES workstations(id) NOT DEFERRABLE;
ALTER TABLE ONLY "public"."details_appointments" ADD CONSTRAINT "FK_9d1d4dc2ef15e22f74e15cc1107" FOREIGN KEY ("appointmentId") REFERENCES appointments(id) NOT DEFERRABLE;
ALTER TABLE ONLY "public"."details_appointments" ADD CONSTRAINT "FK_adefd6d7fcf3ecf03982d5a60d7" FOREIGN KEY ("serviceId") REFERENCES services(id) NOT DEFERRABLE;

ALTER TABLE ONLY "public"."packages_services_services" ADD CONSTRAINT "FK_7bb69971334672696e50ae6281d" FOREIGN KEY ("packagesId") REFERENCES packages(id) ON UPDATE CASCADE ON DELETE CASCADE NOT DEFERRABLE;
ALTER TABLE ONLY "public"."packages_services_services" ADD CONSTRAINT "FK_adbcc75b45acbfa1c0d46717d01" FOREIGN KEY ("servicesId") REFERENCES services(id) NOT DEFERRABLE;

ALTER TABLE ONLY "public"."payments" ADD CONSTRAINT "FK_90213a20c94916e46cd2131364f" FOREIGN KEY ("appointmentId") REFERENCES appointments(id) NOT DEFERRABLE;

ALTER TABLE ONLY "public"."roles_permissions_permissions" ADD CONSTRAINT "FK_dc2b9d46195bb3ed28abbf7c9e3" FOREIGN KEY ("rolesId") REFERENCES roles(id) ON UPDATE CASCADE ON DELETE CASCADE NOT DEFERRABLE;
ALTER TABLE ONLY "public"."roles_permissions_permissions" ADD CONSTRAINT "FK_fd4d5d4c7f7ff16c57549b72c6f" FOREIGN KEY ("permissionsId") REFERENCES "Permissions"(id) NOT DEFERRABLE;

ALTER TABLE ONLY "public"."services" ADD CONSTRAINT "FK_034b52310c2d211bc979c3cc4e8" FOREIGN KEY ("categoryId") REFERENCES categories(id) NOT DEFERRABLE;

ALTER TABLE ONLY "public"."users" ADD CONSTRAINT "FK_368e146b785b574f42ae9e53d5e" FOREIGN KEY ("roleId") REFERENCES roles(id) NOT DEFERRABLE;

ALTER TABLE ONLY "public"."workstations_categories_categories" ADD CONSTRAINT "FK_a2a9a010c8ffed73b9204223081" FOREIGN KEY ("categoriesId") REFERENCES categories(id) NOT DEFERRABLE;
ALTER TABLE ONLY "public"."workstations_categories_categories" ADD CONSTRAINT "FK_ec522cc34f4f8f93e3a2f7fcbcc" FOREIGN KEY ("workstationsId") REFERENCES workstations(id) ON UPDATE CASCADE ON DELETE CASCADE NOT DEFERRABLE;

-- 2025-08-31 23:14:44 UTC
